feature_set,model,C,frame_feature_count,window_size,input_dim,hw_dim_or_terms,samples,sessions,mean_accuracy,mean_balanced_accuracy,mean_macro_f1,micro_accuracy,false_closed_rate,missed_closed_rate,cm00,cm01,cm10,cm11,threshold_mean,support_vectors_mean,support_vectors_max,hw_note
avg_diff8,linear,0.001,8,15,120,120,1959,5,0.8342095405612288,0.8361586161352783,0.824000914245852,0.8453292496171516,0.17192268565615462,0.13729508196721313,814,169,134,842,0.0,0.0,0,"120 MACs/window, simple HLS update"
lr20_rich,linear,0.001,20,15,300,300,1959,5,0.8315336883764107,0.8339143177849838,0.8274336541789676,0.8371618172537009,0.08748728382502544,0.2387295081967213,897,86,233,743,0.0,0.0,0,"300 MACs/window, simple HLS update"
avg_diff8,linear,0.0003,8,15,120,120,1959,5,0.8311525870914155,0.8328849342576327,0.8161601321319161,0.8422664624808576,0.19735503560528994,0.11782786885245902,789,194,115,861,0.0,0.0,0,"120 MACs/window, simple HLS update"
lr20_rich,linear,0.0003,20,15,300,300,1959,5,0.8269360433869155,0.8294930157146421,0.822040975408372,0.8335885655946912,0.11291963377416073,0.22028688524590165,872,111,215,761,0.0,0.0,0,"300 MACs/window, simple HLS update"
avg_diff8,linear,0.003,8,15,120,120,1959,5,0.8272422273252878,0.8293676458184912,0.8194737333865595,0.8392036753445635,0.15768056968463887,0.16393442622950818,828,155,160,816,0.0,0.0,0,"120 MACs/window, simple HLS update"
avg_abslight14,linear,0.0003,14,15,210,210,1959,5,0.8280532890343807,0.8293464704415066,0.8027313180240917,0.8249106687085248,0.28687690742624616,0.0625,701,282,61,915,0.0,0.0,0,"210 MACs/window, simple HLS update"
lr20_rich,linear,0.003,20,15,300,300,1959,5,0.8266998908812561,0.8289629583437266,0.8229837677976594,0.8310362429811128,0.09460834181078331,0.24385245901639344,890,93,238,738,0.0,0.0,0,"300 MACs/window, simple HLS update"
lr8_shape,poly2_linear,0.01,8,15,120,7380,1959,5,0.8265077116007882,0.8287883287782346,0.8220149279104436,0.8381827462991323,0.09562563580874874,0.22848360655737704,889,94,223,753,0.0,0.0,0,7380 expanded linear terms; HLS/PS input path must change
avg12_contrast,linear,0.0003,12,15,180,180,1959,5,0.8262471295255779,0.8287444751108566,0.8165580629277981,0.8376722817764165,0.12614445574771108,0.1987704918032787,859,124,194,782,0.0,0.0,0,"180 MACs/window, simple HLS update"
lr8_shape,poly2_linear,0.003,8,15,120,7380,1959,5,0.8244686568622661,0.8271607408510707,0.817114258269358,0.8392036753445635,0.09155645981688708,0.2305327868852459,893,90,225,751,0.0,0.0,0,7380 expanded linear terms; HLS/PS input path must change
lr12_shape,linear,0.001,12,15,180,180,1959,5,0.8213204996661293,0.8236717385881767,0.8163168814850879,0.8259315977539561,0.07833163784333673,0.27049180327868855,906,77,264,712,0.0,0.0,0,"180 MACs/window, simple HLS update"
lr12_shape,linear,0.003,12,15,180,180,1959,5,0.8202309408641554,0.822405836867049,0.8155697997218991,0.8233792751403778,0.08138351983723296,0.2725409836065574,903,80,266,710,0.0,0.0,0,"180 MACs/window, simple HLS update"
avg_diff8,linear,0.01,8,15,120,120,1959,5,0.8190192342144265,0.8212328241672064,0.8124949731455402,0.8310362429811128,0.1525940996948118,0.18545081967213115,833,150,181,795,0.0,0.0,0,"120 MACs/window, simple HLS update"
avg_diff8,linear,0.03,8,15,120,120,1959,5,0.8161756323186917,0.8183892222714718,0.8103094845195511,0.8279734558448187,0.150559511698881,0.19364754098360656,835,148,189,787,0.0,0.0,0,"120 MACs/window, simple HLS update"
avg_abslight14,linear,0.001,14,15,210,210,1959,5,0.8166788814514423,0.817972062858568,0.7912688406104567,0.8126595201633486,0.3051881993896236,0.06864754098360656,683,300,67,909,0.0,0.0,0,"210 MACs/window, simple HLS update"
lr12_shape,linear,0.0003,12,15,180,180,1959,5,0.8153238546603475,0.8177440237882031,0.8104101168158451,0.8233792751403778,0.1017293997965412,0.2520491803278688,883,100,246,730,0.0,0.0,0,"180 MACs/window, simple HLS update"
lr20_rich,linear,0.01,20,15,300,300,1959,5,0.8147326590772138,0.8168350303543646,0.8111252900442565,0.8192955589586524,0.10681586978636826,0.2551229508196721,878,105,249,727,0.0,0.0,0,"300 MACs/window, simple HLS update"
lr8_shape,poly2_linear,0.001,8,15,120,7380,1959,5,0.8126659174932005,0.8157584732912099,0.8006211430478025,0.8315467075038285,0.09766022380467955,0.23975409836065573,887,96,234,742,0.0,0.0,0,7380 expanded linear terms; HLS/PS input path must change
avg_diff8,linear,0.1,8,15,120,120,1959,5,0.8133320304229574,0.8156071500993267,0.8075513888148652,0.8249106687085248,0.14852492370295015,0.20184426229508196,837,146,197,779,0.0,0.0,0,"120 MACs/window, simple HLS update"
avg_diff8,linear,1.0,8,15,120,120,1959,5,0.8131186788488787,0.8154231890117739,0.8073798972909106,0.8249106687085248,0.14547304170905392,0.20491803278688525,840,143,200,776,0.0,0.0,0,"120 MACs/window, simple HLS update"
lr12_shape,linear,0.01,12,15,180,180,1959,5,0.8129085845507401,0.8146206332514433,0.808858810169659,0.8157223072996427,0.09766022380467955,0.27151639344262296,887,96,265,711,0.0,0.0,0,"180 MACs/window, simple HLS update"
avg_diff8,linear,0.3,8,15,120,120,1959,5,0.8121708115503005,0.8144753217131957,0.8063146738518085,0.8238897396630934,0.14750762970498474,0.20491803278688525,838,145,200,776,0.0,0.0,0,"120 MACs/window, simple HLS update"
lr8_shape,linear,0.0003,8,15,120,120,1959,5,0.8111268546114884,0.812547958639823,0.8094909893737672,0.8264420622766717,0.14954221770091555,0.19774590163934427,836,147,193,783,0.0,0.0,0,"120 MACs/window, simple HLS update"
lr8_shape,linear,0.001,8,15,120,120,1959,5,0.8106056904610673,0.8121526026871194,0.8081056732764548,0.8254211332312404,0.13021363173957273,0.2192622950819672,855,128,214,762,0.0,0.0,0,"120 MACs/window, simple HLS update"
lr8_shape,linear,0.003,8,15,120,120,1959,5,0.8089233074379896,0.8105638886246951,0.8058448315050581,0.8233792751403778,0.12614445574771108,0.22745901639344263,859,124,222,754,0.0,0.0,0,"120 MACs/window, simple HLS update"
lr8_shape,linear,0.01,8,15,120,120,1959,5,0.8086154948616471,0.8103524937595445,0.8050589188301057,0.8223583460949464,0.12309257375381485,0.23258196721311475,862,121,227,749,0.0,0.0,0,"120 MACs/window, simple HLS update"
lr8_shape,linear,0.3,8,15,120,120,1959,5,0.8083549127864368,0.810124050921398,0.8047414070588621,0.8218478815722308,0.12309257375381485,0.2336065573770492,862,121,228,748,0.0,0.0,0,"120 MACs/window, simple HLS update"
lr8_shape,linear,0.03,8,15,120,120,1959,5,0.808141561212358,0.8098785601102556,0.8044803742065316,0.8218478815722308,0.12207527975584945,0.2346311475409836,863,120,229,747,0.0,0.0,0,"120 MACs/window, simple HLS update"
avg12_contrast,linear,0.1,12,15,180,180,1959,5,0.808833732349636,0.8097008574233154,0.7985576910870928,0.8085758039816233,0.1953204476093591,0.1875,791,192,183,793,0.0,0.0,0,"180 MACs/window, simple HLS update"
lr8_shape,linear,0.1,8,15,120,120,1959,5,0.8078809791371476,0.8096501172721091,0.8040231373060184,0.821337417049515,0.12105798575788403,0.23668032786885246,864,119,231,745,0.0,0.0,0,"120 MACs/window, simple HLS update"
lr8_shape,linear,1.0,8,15,120,120,1959,5,0.8076203970619371,0.8094216744339626,0.8038574609249128,0.8208269525267994,0.12309257375381485,0.23565573770491804,862,121,230,746,0.0,0.0,0,"120 MACs/window, simple HLS update"
lr8_shape,poly2_linear,0.0003,8,15,120,7380,1959,5,0.803423397013078,0.8063791496112165,0.7917195556682782,0.8238897396630934,0.11393692777212615,0.2387295081967213,871,112,233,743,0.0,0.0,0,7380 expanded linear terms; HLS/PS input path must change
lr20_rich,linear,0.03,20,15,300,300,1959,5,0.8044478102962493,0.8061727569802478,0.8015186931937276,0.8095967330270546,0.12105798575788403,0.26024590163934425,864,119,254,722,0.0,0.0,0,"300 MACs/window, simple HLS update"
avg_abslight14,linear,0.003,14,15,210,210,1959,5,0.8041432549958468,0.8054658268894986,0.7782354315365481,0.7993874425727412,0.3224821973550356,0.0778688524590164,666,317,76,900,0.0,0.0,0,"210 MACs/window, simple HLS update"
lr20_rich,linear,1.0,20,15,300,300,1959,5,0.8035944039999349,0.8049446748413193,0.801744853569344,0.8095967330270546,0.13224821973550355,0.2489754098360656,853,130,243,733,0.0,0.0,0,"300 MACs/window, simple HLS update"
lr20_rich,linear,0.3,20,15,300,300,1959,5,0.8025993062002248,0.8038907960685581,0.8005966194865716,0.8080653394589076,0.13123092573753814,0.2530737704918033,854,129,247,729,0.0,0.0,0,"300 MACs/window, simple HLS update"
lr12_shape,linear,0.03,12,15,180,180,1959,5,0.8018175599745933,0.8032054675541183,0.7979211606011637,0.8065339458907606,0.11393692777212615,0.2735655737704918,871,112,267,709,0.0,0.0,0,"180 MACs/window, simple HLS update"
lr20_rich,linear,0.1,20,15,300,300,1959,5,0.8011775052523575,0.8025920545678698,0.7988257504037403,0.8065339458907606,0.12817904374364192,0.25922131147540983,857,126,253,723,0.0,0.0,0,"300 MACs/window, simple HLS update"
avg12_contrast,linear,0.3,12,15,180,180,1959,5,0.8015113760362208,0.8019156538077095,0.7904753061531988,0.8009188361408882,0.21464903357070192,0.1834016393442623,772,211,179,797,0.0,0.0,0,"180 MACs/window, simple HLS update"
avg12_contrast,linear,0.03,12,15,180,180,1959,5,0.7984283643588868,0.8002065945148595,0.7883197382759279,0.8044920877998979,0.18209562563580875,0.20901639344262296,804,179,204,772,0.0,0.0,0,"180 MACs/window, simple HLS update"
avg12_contrast,linear,1.0,12,15,180,180,1959,5,0.7980277194182505,0.798397109202137,0.7869346443806546,0.7978560490045942,0.21973550356052898,0.18442622950819673,767,216,180,796,0.0,0.0,0,"180 MACs/window, simple HLS update"
avg_abslight14,linear,0.01,14,15,210,210,1959,5,0.7958258008827218,0.7971189822898478,0.7761779537451285,0.7901990811638591,0.32044760935910477,0.09836065573770492,668,315,96,880,0.0,0.0,0,"210 MACs/window, simple HLS update"
lr12_shape,linear,0.1,12,15,180,180,1959,5,0.7948030162375206,0.7962469560395584,0.7907666271225336,0.7998979070954568,0.12309257375381485,0.2776639344262295,862,121,271,705,0.0,0.0,0,"180 MACs/window, simple HLS update"
avg_abslight14,linear,1.0,14,15,210,210,1959,5,0.7934561326362763,0.7947493140434023,0.7702211321448258,0.7876467585502808,0.3316378433367243,0.09221311475409837,657,326,90,886,0.0,0.0,0,"210 MACs/window, simple HLS update"
lr12_shape,linear,0.3,12,15,180,180,1959,5,0.7917460627677073,0.7931578633326813,0.7878091232154272,0.7968351199591628,0.13123092573753814,0.27561475409836067,854,129,269,707,0.0,0.0,0,"180 MACs/window, simple HLS update"
avg_abslight14,linear,0.03,14,15,210,210,1959,5,0.7915603980391199,0.7928535794462459,0.7748644460336099,0.7856049004594181,0.31739572736520855,0.11065573770491803,671,312,108,868,0.0,0.0,0,"210 MACs/window, simple HLS update"
avg_diff8,poly2_linear,0.003,8,15,120,7380,1959,5,0.790272145404798,0.7928348266759503,0.7812320981216727,0.8085758039816233,0.16276703967446593,0.22028688524590165,823,160,215,761,0.0,0.0,0,7380 expanded linear terms; HLS/PS input path must change
avg12_contrast,linear,0.001,12,15,180,180,1959,5,0.789799840393479,0.7928207172351418,0.7730175134558774,0.8034711587544666,0.1525940996948118,0.24077868852459017,833,150,235,741,0.0,0.0,0,"180 MACs/window, simple HLS update"
avg_abslight14,linear,0.3,14,15,210,210,1959,5,0.7910864643898308,0.7923796457969569,0.7731008947890425,0.7850944359367024,0.3214649033570702,0.10758196721311475,667,316,105,871,0.0,0.0,0,"210 MACs/window, simple HLS update"
avg12_contrast,linear,0.01,12,15,180,180,1959,5,0.7887575120926369,0.7915377675410182,0.7747731292236807,0.8014293006636038,0.17192268565615462,0.22540983606557377,814,169,220,756,0.0,0.0,0,"180 MACs/window, simple HLS update"
avg_abslight14,linear,0.1,14,15,210,210,1959,5,0.789925245517174,0.7912478174108257,0.7737781051644328,0.7840735068912711,0.31637843336724314,0.11475409836065574,672,311,112,864,0.0,0.0,0,"210 MACs/window, simple HLS update"
avg_diff8,poly2_linear,0.0003,8,15,120,7380,1959,5,0.7878780475888015,0.7903360648971469,0.7780388930724917,0.8080653394589076,0.17395727365208546,0.21004098360655737,812,171,205,771,0.0,0.0,0,7380 expanded linear terms; HLS/PS input path must change
avg_diff8,poly2_linear,0.01,8,15,120,7380,1959,5,0.7877363560854057,0.7902641493689557,0.7788892190759562,0.8065339458907606,0.16378433367243134,0.22336065573770492,822,161,218,758,0.0,0.0,0,7380 expanded linear terms; HLS/PS input path must change
avg_diff8,poly2_linear,0.001,8,15,120,7380,1959,5,0.7877835865865377,0.7902471013959598,0.7789843286386177,0.8070444104134763,0.1688708036622584,0.21721311475409835,817,166,212,764,0.0,0.0,0,7380 expanded linear terms; HLS/PS input path must change
avg8_runs,linear,0.1,8,15,120,120,1959,5,0.7867445155616358,0.7892069731593124,0.7812349329879552,0.7958141909137315,0.15666327568667346,0.2520491803278688,829,154,246,730,0.0,0.0,0,"120 MACs/window, simple HLS update"
lr12_shape,linear,1.0,12,15,180,180,1959,5,0.7874806599241054,0.7888924604890794,0.7838326879167459,0.7922409392547218,0.1515768056968464,0.26434426229508196,834,149,258,718,0.0,0.0,0,"180 MACs/window, simple HLS update"
avg4_dark,linear,0.0003,4,15,60,60,1959,5,0.783897656389961,0.7869819659363555,0.7713157067658745,0.8019397651863196,0.1536113936927772,0.24282786885245902,832,151,237,739,0.0,0.0,0,"60 MACs/window, simple HLS update"
avg12_contrast,linear,0.003,12,15,180,180,1959,5,0.7833064608068272,0.7864421508440541,0.7656932620658912,0.7978560490045942,0.16683621566632756,0.23770491803278687,819,164,232,744,0.0,0.0,0,"180 MACs/window, simple HLS update"
avg8_runs,linear,0.03,8,15,120,120,1959,5,0.7821468705721405,0.784601081918202,0.7766748637621335,0.7922409392547218,0.167853509664293,0.24795081967213115,818,165,242,734,0.0,0.0,0,"120 MACs/window, simple HLS update"
avg8_runs,linear,0.3,8,15,120,120,1959,5,0.7820051790687448,0.7844676366664214,0.7763027704717755,0.7907095456865748,0.1607324516785351,0.2581967213114754,825,158,252,724,0.0,0.0,0,"120 MACs/window, simple HLS update"
lr4,linear,0.001,4,15,60,60,1959,5,0.7822380742984643,0.7827243917014057,0.7782605868925451,0.8024502297090352,0.1688708036622584,0.22643442622950818,817,166,221,755,0.0,0.0,0,"60 MACs/window, simple HLS update"
lr4,poly2_linear,0.01,4,15,60,1890,1959,5,0.7813634957085389,0.7827175725122072,0.7796679838260854,0.7953037263910159,0.15971515768056968,0.25,826,157,244,732,0.0,0.0,0,1890 expanded linear terms; HLS/PS input path must change
avg8_runs,linear,1.0,8,15,120,120,1959,5,0.7801094444715884,0.782571902069265,0.7741450253629178,0.7886676875957122,0.15971515768056968,0.26331967213114754,826,157,257,719,0.0,0.0,0,"120 MACs/window, simple HLS update"
lr4,poly2_linear,0.0003,4,15,60,1890,1959,5,0.7789433396850214,0.7807374280171772,0.7744535040349673,0.8014293006636038,0.15462868769074262,0.24282786885245902,831,152,237,739,0.0,0.0,0,1890 expanded linear terms; HLS/PS input path must change
avg10_robust,linear,0.03,10,15,150,150,1959,5,0.7765785573524862,0.7791934648838674,0.7695864591825419,0.7850944359367024,0.2034587995930824,0.22643442622950818,783,200,221,755,0.0,0.0,0,"150 MACs/window, simple HLS update"
lr4,linear,0.003,4,15,60,60,1959,5,0.7768114525822055,0.7776963388132099,0.7739719494439387,0.7968351199591628,0.16378433367243134,0.24282786885245902,822,161,237,739,0.0,0.0,0,"60 MACs/window, simple HLS update"
avg10_robust,linear,0.1,10,15,150,150,1959,5,0.7734515724499601,0.7757753238666238,0.7672985476420564,0.7789688616641144,0.22380467955239064,0.2182377049180328,763,220,213,763,0.0,0.0,0,"150 MACs/window, simple HLS update"
lr4,poly2_linear,0.001,4,15,60,1890,1959,5,0.772308268594974,0.7742869460978985,0.7671225546023424,0.7942827973455845,0.15971515768056968,0.2520491803278688,826,157,246,730,0.0,0.0,0,1890 expanded linear terms; HLS/PS input path must change
avg8_runs,linear,0.01,8,15,120,120,1959,5,0.7713636585723359,0.7742587272162813,0.7623529931728384,0.7840735068912711,0.17599186164801628,0.25614754098360654,810,173,250,726,0.0,0.0,0,"120 MACs/window, simple HLS update"
avg10_robust,linear,0.01,10,15,150,150,1959,5,0.770249670200811,0.7733559697515123,0.7583429242111038,0.7835630423685553,0.1963377416073245,0.23668032786885246,790,193,231,745,0.0,0.0,0,"150 MACs/window, simple HLS update"
avg10_robust,linear,0.3,10,15,150,150,1959,5,0.7703001579778831,0.7725972676585596,0.7635366612101278,0.774885145482389,0.2299084435401831,0.22028688524590165,757,226,215,761,0.0,0.0,0,"150 MACs/window, simple HLS update"
avg10_robust,linear,1.0,10,15,150,150,1959,5,0.7667220403576489,0.7689897595517998,0.7596536345781398,0.7708014293006636,0.2268565615462869,0.23155737704918034,760,223,226,750,0.0,0.0,0,"150 MACs/window, simple HLS update"
lr4,linear,0.01,4,15,60,60,1959,5,0.7669533069493981,0.7684479929152215,0.7630084793757839,0.7871362940275651,0.1525940996948118,0.2735655737704918,833,150,267,709,0.0,0.0,0,"60 MACs/window, simple HLS update"
lr4,poly2_linear,0.003,4,15,60,1890,1959,5,0.7664321427989773,0.7683602855804655,0.761851723251372,0.7861153649821337,0.16581892166836215,0.26229508196721313,820,163,256,720,0.0,0.0,0,1890 expanded linear terms; HLS/PS input path must change
avg10_robust,linear,0.003,10,15,150,150,1959,5,0.7625950717415025,0.7657840452507039,0.749711373817675,0.7769270035732516,0.1953204476093591,0.2510245901639344,791,192,245,731,0.0,0.0,0,"150 MACs/window, simple HLS update"
lr4,linear,0.03,4,15,60,60,1959,5,0.7625690135339815,0.7642721816560222,0.7578432948893818,0.7835630423685553,0.1525940996948118,0.2807377049180328,833,150,274,702,0.0,0.0,0,"60 MACs/window, simple HLS update"
avg8_runs,linear,0.003,8,15,120,120,1959,5,0.7600120519209785,0.7631688861931158,0.7479031549400889,0.7743746809596733,0.1770091556459817,0.27459016393442626,809,174,268,708,0.0,0.0,0,"120 MACs/window, simple HLS update"
lr4,linear,0.3,4,15,60,60,1959,5,0.7611472125861142,0.7628503807081548,0.7564489616537162,0.7820316488004083,0.1536113936927772,0.2827868852459016,832,151,276,700,0.0,0.0,0,"60 MACs/window, simple HLS update"
lr4,linear,1.0,4,15,60,60,1959,5,0.7611472125861142,0.7628503807081548,0.7564489616537162,0.7820316488004083,0.1536113936927772,0.2827868852459016,832,151,276,700,0.0,0.0,0,"60 MACs/window, simple HLS update"
lr4,linear,0.1,4,15,60,60,1959,5,0.7606732789368251,0.7623764470588658,0.7559266435721369,0.7815211842776927,0.1536113936927772,0.2838114754098361,832,151,277,699,0.0,0.0,0,"60 MACs/window, simple HLS update"
avg10_robust,linear,0.001,10,15,150,150,1959,5,0.7538509144802201,0.7570692784759471,0.741142792012045,0.7677386421643696,0.19837232960325535,0.26639344262295084,788,195,260,716,0.0,0.0,0,"150 MACs/window, simple HLS update"
avg4_dark,linear,0.001,4,15,60,60,1959,5,0.7478786990439895,0.7509630085903838,0.7303874712580529,0.7631444614599285,0.21973550356052898,0.2540983606557377,767,216,248,728,0.0,0.0,0,"60 MACs/window, simple HLS update"
avg10_robust,linear,0.0003,10,15,150,150,1959,5,0.7442533509226233,0.7474956079037991,0.7301986363372881,0.7585502807554875,0.23092573753814852,0.2520491803278688,756,227,246,730,0.0,0.0,0,"150 MACs/window, simple HLS update"
avg6_shape,linear,0.0003,6,15,90,90,1959,5,0.7447028550023616,0.747471269679193,0.7346441961547112,0.7611026033690659,0.2115971515768057,0.26639344262295084,775,208,260,716,0.0,0.0,0,"90 MACs/window, simple HLS update"
lr4,linear,0.0003,4,15,60,60,1959,5,0.7435872379928665,0.7436474990623615,0.7329629115696884,0.7651863195507912,0.22177009155645983,0.24795081967213115,765,218,242,734,0.0,0.0,0,"60 MACs/window, simple HLS update"
avg8_runs,poly2_linear,0.0003,8,15,120,7380,1959,5,0.7331167244833147,0.73668037383513,0.7159079540532944,0.7442572741194488,0.24008138351983724,0.27151639344262296,747,236,265,711,0.0,0.0,0,7380 expanded linear terms; HLS/PS input path must change
avg8_runs,linear,0.001,8,15,120,120,1959,5,0.7314571423918178,0.7346993993729936,0.7162806910965028,0.7447677386421644,0.2126144455747711,0.29815573770491804,774,209,291,685,0.0,0.0,0,"120 MACs/window, simple HLS update"
avg6_shape,linear,1.0,6,15,90,90,1959,5,0.7310532401752414,0.7340622762453545,0.7174115870557232,0.7473200612557427,0.23499491353001017,0.27049180327868855,752,231,264,712,0.0,0.0,0,"90 MACs/window, simple HLS update"
avg6_shape,linear,0.3,6,15,90,90,1959,5,0.7305793065259524,0.7335883425960653,0.7173107469615159,0.746809596733027,0.23194303153611392,0.27459016393442626,755,228,268,708,0.0,0.0,0,"90 MACs/window, simple HLS update"
avg8_runs,linear,0.0003,8,15,120,120,1959,5,0.7298692203710038,0.7331381190881668,0.7129201790132477,0.743746809596733,0.23194303153611392,0.2807377049180328,755,228,274,702,0.0,0.0,0,"120 MACs/window, simple HLS update"
avg6_shape,linear,0.1,6,15,90,90,1959,5,0.7298920213025847,0.7328689181356337,0.7170276692050657,0.7462991322103114,0.23092573753814852,0.2766393442622951,756,227,270,706,0.0,0.0,0,"90 MACs/window, simple HLS update"
base2,poly2_linear,0.01,2,15,30,495,1959,5,0.7304359863845866,0.7310261219809385,0.7228497494321465,0.7498723838693211,0.2624618514750763,0.23770491803278687,725,258,232,744,0.0,0.0,0,495 expanded linear terms; HLS/PS input path must change
avg2,poly2_linear,0.01,2,15,30,495,1959,5,0.7304359863845866,0.7310261219809385,0.7228497494321465,0.7498723838693211,0.2624618514750763,0.23770491803278687,725,258,232,744,0.0,0.0,0,495 expanded linear terms; HLS/PS input path must change
base2,poly2_linear,0.003,2,15,30,495,1959,5,0.7301990560219861,0.730780631169796,0.7243558776865571,0.7498723838693211,0.25228891149542215,0.24795081967213115,735,248,242,734,0.0,0.0,0,495 expanded linear terms; HLS/PS input path must change
avg2,poly2_linear,0.003,2,15,30,495,1959,5,0.7301990560219861,0.730780631169796,0.7243558776865571,0.7498723838693211,0.25228891149542215,0.24795081967213115,735,248,242,734,0.0,0.0,0,495 expanded linear terms; HLS/PS input path must change
base2,linear,0.0003,2,15,30,30,1959,5,0.7298188055180199,0.7296342222804444,0.7237911432492167,0.7529351710056151,0.2807731434384537,0.21311475409836064,707,276,208,768,0.0,0.0,0,"30 MACs/window, simple HLS update"
avg2,linear,0.0003,2,15,30,30,1959,5,0.7298188055180199,0.7296342222804444,0.7237911432492167,0.7529351710056151,0.2807731434384537,0.21311475409836064,707,276,208,768,0.0,0.0,0,"30 MACs/window, simple HLS update"
avg6_shape,linear,0.001,6,15,90,90,1959,5,0.726574485757561,0.72955138259061,0.713527568559845,0.7427258805513017,0.20244150559511698,0.3125,784,199,305,671,0.0,0.0,0,"90 MACs/window, simple HLS update"
avg6_shape,linear,0.03,6,15,90,90,1959,5,0.7251526848096936,0.7281295816427427,0.7129192315358127,0.7411944869831547,0.22380467955239064,0.29405737704918034,763,220,287,689,0.0,0.0,0,"90 MACs/window, simple HLS update"
avg4_dark,poly2_linear,0.003,4,15,60,1890,1959,5,0.7242064461490856,0.7277645979998242,0.6794851162971829,0.7355793772332823,0.31739572736520855,0.21106557377049182,671,312,206,770,0.0,0.0,0,1890 expanded linear terms; HLS/PS input path must change
avg4_dark,poly2_linear,0.001,4,15,60,1890,1959,5,0.7242536766502174,0.7276860203032386,0.6833879092934904,0.736089841755998,0.2980671414038657,0.22950819672131148,690,293,224,752,0.0,0.0,0,1890 expanded linear terms; HLS/PS input path must change
avg4_dark,poly2_linear,0.0003,4,15,60,1890,1959,5,0.7237797430009284,0.7271505569303599,0.6937145012964971,0.7355793772332823,0.24720244150559512,0.2817622950819672,740,243,275,701,0.0,0.0,0,1890 expanded linear terms; HLS/PS input path must change
base2,linear,0.001,2,15,30,30,1959,5,0.7245356497913035,0.7246731051178015,0.7199789592463531,0.74527820316488,0.2746693794506612,0.2346311475409836,713,270,229,747,0.0,0.0,0,"30 MACs/window, simple HLS update"
avg2,linear,0.001,2,15,30,30,1959,5,0.7245356497913035,0.7246731051178015,0.7199789592463531,0.74527820316488,0.2746693794506612,0.2346311475409836,713,270,229,747,0.0,0.0,0,"30 MACs/window, simple HLS update"
avg4_dark,linear,0.003,4,15,60,60,1959,5,0.720817250533379,0.7240273682774907,0.6905400255877714,0.7335375191424196,0.271617497456765,0.2612704918032787,716,267,255,721,0.0,0.0,0,"60 MACs/window, simple HLS update"
avg6_shape,linear,0.003,6,15,90,90,1959,5,0.7208872819660919,0.7238641787991409,0.7068740901135342,0.7366003062787136,0.19938962360122076,0.32786885245901637,787,196,320,656,0.0,0.0,0,"90 MACs/window, simple HLS update"
avg4_dark,poly2_linear,0.01,4,15,60,1890,1959,5,0.7197993518020879,0.7235503390752103,0.6700768617322199,0.7294538029606943,0.34587995930824006,0.19467213114754098,643,340,190,786,0.0,0.0,0,1890 expanded linear terms; HLS/PS input path must change
base2,poly2_linear,0.001,2,15,30,495,1959,5,0.7231137029952597,0.7235315190102843,0.718830186953461,0.7427258805513017,0.25737538148524924,0.257172131147541,730,253,251,725,0.0,0.0,0,495 expanded linear terms; HLS/PS input path must change
avg2,poly2_linear,0.001,2,15,30,495,1959,5,0.7231137029952597,0.7235315190102843,0.718830186953461,0.7427258805513017,0.25737538148524924,0.257172131147541,730,253,251,725,0.0,0.0,0,495 expanded linear terms; HLS/PS input path must change
base2,linear,0.003,2,15,30,30,1959,5,0.7225926846930151,0.7229790076644098,0.7197135080396608,0.7427258805513017,0.2614445574771109,0.2530737704918033,726,257,247,729,0.0,0.0,0,"30 MACs/window, simple HLS update"
avg2,linear,0.003,2,15,30,30,1959,5,0.7225926846930151,0.7229790076644098,0.7197135080396608,0.7427258805513017,0.2614445574771109,0.2530737704918033,726,257,247,729,0.0,0.0,0,"30 MACs/window, simple HLS update"
avg6_shape,linear,0.01,6,15,90,90,1959,5,0.7199394146675135,0.7229163115005626,0.7069382983958569,0.7355793772332823,0.20752797558494404,0.32172131147540983,779,204,314,662,0.0,0.0,0,"90 MACs/window, simple HLS update"
base2,poly2_linear,0.0003,2,15,30,495,1959,5,0.7219524841226028,0.722153571729795,0.7187128405945632,0.7417049515058703,0.25839267548321465,0.2581967213114754,729,254,252,724,0.0,0.0,0,495 expanded linear terms; HLS/PS input path must change
avg2,poly2_linear,0.0003,2,15,30,495,1959,5,0.7219524841226028,0.722153571729795,0.7187128405945632,0.7417049515058703,0.25839267548321465,0.2581967213114754,729,254,252,724,0.0,0.0,0,495 expanded linear terms; HLS/PS input path must change
base2,linear,0.01,2,15,30,30,1959,5,0.7197490827972806,0.7203199949394438,0.717160473525988,0.7396630934150077,0.25940996948118006,0.2612704918032787,728,255,255,721,0.0,0.0,0,"30 MACs/window, simple HLS update"
avg2,linear,0.01,2,15,30,30,1959,5,0.7197490827972806,0.7203199949394438,0.717160473525988,0.7396630934150077,0.25940996948118006,0.2612704918032787,728,255,255,721,0.0,0.0,0,"30 MACs/window, simple HLS update"
base2,linear,0.03,2,15,30,30,1959,5,0.7183272818494132,0.7188981939915765,0.7157454194992173,0.7381316998468607,0.26042726347914547,0.26331967213114754,727,256,257,719,0.0,0.0,0,"30 MACs/window, simple HLS update"
avg2,linear,0.03,2,15,30,30,1959,5,0.7183272818494132,0.7188981939915765,0.7157454194992173,0.7381316998468607,0.26042726347914547,0.26331967213114754,727,256,257,719,0.0,0.0,0,"30 MACs/window, simple HLS update"
base2,linear,0.1,2,15,30,30,1959,5,0.717853348200124,0.7184242603422873,0.7152029645523996,0.7376212353241449,0.2614445574771109,0.26331967213114754,726,257,257,719,0.0,0.0,0,"30 MACs/window, simple HLS update"
avg2,linear,0.1,2,15,30,30,1959,5,0.717853348200124,0.7184242603422873,0.7152029645523996,0.7376212353241449,0.2614445574771109,0.26331967213114754,726,257,257,719,0.0,0.0,0,"30 MACs/window, simple HLS update"
base2,linear,0.3,2,15,30,30,1959,5,0.717379414550835,0.7179503266929983,0.7146587776514741,0.7371107708014293,0.2624618514750763,0.26331967213114754,725,258,257,719,0.0,0.0,0,"30 MACs/window, simple HLS update"
avg2,linear,0.3,2,15,30,30,1959,5,0.717379414550835,0.7179503266929983,0.7146587776514741,0.7371107708014293,0.2624618514750763,0.26331967213114754,725,258,257,719,0.0,0.0,0,"30 MACs/window, simple HLS update"
avg8_runs,poly2_linear,0.001,8,15,120,7380,1959,5,0.7140649175094869,0.7176955940859685,0.6904646166914842,0.7228177641653905,0.3031536113936928,0.2510245901639344,685,298,245,731,0.0,0.0,0,7380 expanded linear terms; HLS/PS input path must change
base2,linear,1.0,2,15,30,30,1959,5,0.716905480901546,0.7174763930437092,0.7141749850325809,0.7366003062787136,0.2634791454730417,0.26331967213114754,724,259,257,719,0.0,0.0,0,"30 MACs/window, simple HLS update"
avg2,linear,1.0,2,15,30,30,1959,5,0.716905480901546,0.7174763930437092,0.7141749850325809,0.7366003062787136,0.2634791454730417,0.26331967213114754,724,259,257,719,0.0,0.0,0,"30 MACs/window, simple HLS update"
avg6_shape,poly2_linear,0.003,6,15,90,4185,1959,5,0.7133515740785981,0.7162026627139296,0.6955812041244425,0.7289433384379785,0.3346897253306205,0.2069672131147541,654,329,202,774,0.0,0.0,0,4185 expanded linear terms; HLS/PS input path must change
avg6_shape,poly2_linear,0.0003,6,15,90,4185,1959,5,0.7116691910555202,0.7145524189279158,0.7000083936206548,0.7269014803471159,0.25940996948118006,0.28688524590163933,728,255,280,696,0.0,0.0,0,4185 expanded linear terms; HLS/PS input path must change
avg4_dark,linear,0.01,4,15,60,60,1959,5,0.7106040618230974,0.7137847890806837,0.6762707142607715,0.7223072996426748,0.29399796541200407,0.2612704918032787,694,289,255,721,0.0,0.0,0,"60 MACs/window, simple HLS update"
avg4_dark,linear,0.03,4,15,60,60,1959,5,0.7077604599273627,0.7108796574613594,0.6724301380701008,0.7192445125063808,0.301119023397762,0.26024590163934425,687,296,254,722,0.0,0.0,0,"60 MACs/window, simple HLS update"
avg8_runs,poly2_linear,0.003,8,15,120,7380,1959,5,0.7059608149704402,0.7096557700210497,0.6737325558253117,0.7136294027565084,0.3367243133265514,0.23565573770491804,652,331,230,746,0.0,0.0,0,7380 expanded linear terms; HLS/PS input path must change
avg6_shape,poly2_linear,0.001,6,15,90,4185,1959,5,0.7055552841158939,0.7083742335141615,0.6918173982848641,0.7207759060745278,0.31129196337741605,0.24692622950819673,677,306,241,735,0.0,0.0,0,4185 expanded linear terms; HLS/PS input path must change
avg4_dark,linear,0.1,4,15,60,60,1959,5,0.7041823423071285,0.7072721493545997,0.6671103812157223,0.7151607963246555,0.31027466937945064,0.25922131147540983,678,305,253,723,0.0,0.0,0,"60 MACs/window, simple HLS update"
avg4_dark,linear,0.3,4,15,60,60,1959,5,0.7034950570837608,0.7066142546177575,0.6660593157440923,0.7146503318019398,0.31027466937945064,0.26024590163934425,678,305,254,722,0.0,0.0,0,"60 MACs/window, simple HLS update"
avg4_dark,linear,1.0,4,15,60,60,1959,5,0.7030211234344718,0.7061403209684685,0.6656017224874151,0.7141398672792241,0.31129196337741605,0.26024590163934425,677,306,254,722,0.0,0.0,0,"60 MACs/window, simple HLS update"
avg8_runs,poly2_linear,0.01,8,15,120,7380,1959,5,0.6935913825118799,0.6972342420192632,0.6483618062210141,0.700357325165901,0.37843336724313326,0.22028688524590165,611,372,215,761,0.0,0.0,0,7380 expanded linear terms; HLS/PS input path must change
avg6_shape,poly2_linear,0.01,6,15,90,4185,1959,5,0.6909822315597467,0.693838817696155,0.6669458003153438,0.7039305768249107,0.3916581892166836,0.19979508196721313,598,385,195,781,0.0,0.0,0,4185 expanded linear terms; HLS/PS input path must change
