feature_set,model,C,holdout_session,samples,accuracy,balanced_accuracy,macro_f1,threshold,cm00,cm01,cm10,cm11
base2,linear,0.0003,glasses_highlight_v1,422,0.6445497630331753,0.6445497630331753,0.6165681333591781,0.0,79,132,18,193
base2,linear,0.0003,glasses_highlight_v2,422,0.9004739336492891,0.9004739336492891,0.899478221415608,0.0,211,0,42,169
base2,linear,0.0003,glasses_test_v2,422,0.7654028436018957,0.7654028436018958,0.7653699054807677,0.0,164,47,52,159
base2,linear,0.0003,noglasses_highlight_v1,291,0.3436426116838488,0.3424839076107535,0.3425245750381489,0.0,44,95,96,56
base2,linear,0.0003,noglasses_test_v2,402,0.9950248756218906,0.9952606635071091,0.9950148809523809,0.0,209,2,0,191
base2,linear,0.001,glasses_highlight_v1,422,0.6255924170616114,0.6255924170616114,0.6060455662696163,0.0,85,126,32,179
base2,linear,0.001,glasses_highlight_v2,422,0.8578199052132701,0.8578199052132701,0.8548864079227895,0.0,211,0,60,151
base2,linear,0.001,glasses_test_v2,422,0.7796208530805687,0.7796208530805687,0.7795205698780358,0.0,160,51,42,169
base2,linear,0.001,noglasses_highlight_v1,291,0.3745704467353952,0.3745503597122302,0.3743857493857494,0.0,52,87,95,57
base2,linear,0.001,noglasses_test_v2,402,0.9850746268656716,0.985781990521327,0.985056502775575,0.0,205,6,0,191
base2,linear,0.003,glasses_highlight_v1,422,0.6042654028436019,0.6042654028436019,0.5933949908552241,0.0,93,118,49,162
base2,linear,0.003,glasses_highlight_v2,422,0.8530805687203792,0.8530805687203791,0.8498393021120294,0.0,211,0,62,149
base2,linear,0.003,glasses_test_v2,422,0.7890995260663507,0.7890995260663507,0.7888991934350673,0.0,160,51,38,173
base2,linear,0.003,noglasses_highlight_v1,291,0.38144329896907214,0.38266755017039,0.38137755102040816,0.0,57,82,98,54
base2,linear,0.003,noglasses_test_v2,402,0.9850746268656716,0.985781990521327,0.985056502775575,0.0,205,6,0,191
base2,linear,0.01,glasses_highlight_v1,422,0.590047393364929,0.590047393364929,0.5812987847192352,0.0,94,117,56,155
base2,linear,0.01,glasses_highlight_v2,422,0.8530805687203792,0.8530805687203791,0.8498393021120294,0.0,211,0,62,149
base2,linear,0.01,glasses_test_v2,422,0.7890995260663507,0.7890995260663507,0.7887567141933125,0.0,158,53,36,175
base2,linear,0.01,noglasses_highlight_v1,291,0.38144329896907214,0.38359049602423323,0.3808510638297873,0.0,60,79,101,51
base2,linear,0.01,noglasses_test_v2,402,0.9850746268656716,0.985781990521327,0.985056502775575,0.0,205,6,0,191
base2,linear,0.03,glasses_highlight_v1,422,0.5876777251184834,0.5876777251184834,0.5791705829760895,0.0,94,117,57,154
base2,linear,0.03,glasses_highlight_v2,422,0.8507109004739336,0.8507109004739337,0.8473078138012233,0.0,211,0,63,148
base2,linear,0.03,glasses_test_v2,422,0.7867298578199052,0.7867298578199052,0.7863411341134113,0.0,157,54,36,175
base2,linear,0.03,noglasses_highlight_v1,291,0.38144329896907214,0.38359049602423323,0.3808510638297873,0.0,60,79,101,51
base2,linear,0.03,noglasses_test_v2,402,0.9850746268656716,0.985781990521327,0.985056502775575,0.0,205,6,0,191
base2,linear,0.1,glasses_highlight_v1,422,0.5853080568720379,0.5853080568720379,0.5764583082420008,0.0,93,118,57,154
base2,linear,0.1,glasses_highlight_v2,422,0.8507109004739336,0.8507109004739337,0.8473078138012233,0.0,211,0,63,148
base2,linear,0.1,glasses_test_v2,422,0.7867298578199052,0.7867298578199052,0.7863411341134113,0.0,157,54,36,175
base2,linear,0.1,noglasses_highlight_v1,291,0.38144329896907214,0.38359049602423323,0.3808510638297873,0.0,60,79,101,51
base2,linear,0.1,noglasses_test_v2,402,0.9850746268656716,0.985781990521327,0.985056502775575,0.0,205,6,0,191
base2,linear,0.3,glasses_highlight_v1,422,0.5829383886255924,0.5829383886255924,0.5737373737373737,0.0,92,119,57,154
base2,linear,0.3,glasses_highlight_v2,422,0.8507109004739336,0.8507109004739337,0.8473078138012233,0.0,211,0,63,148
base2,linear,0.3,glasses_test_v2,422,0.7867298578199052,0.7867298578199052,0.7863411341134113,0.0,157,54,36,175
base2,linear,0.3,noglasses_highlight_v1,291,0.38144329896907214,0.38359049602423323,0.3808510638297873,0.0,60,79,101,51
base2,linear,0.3,noglasses_test_v2,402,0.9850746268656716,0.985781990521327,0.985056502775575,0.0,205,6,0,191
base2,linear,1.0,glasses_highlight_v1,422,0.5829383886255924,0.5829383886255924,0.5737373737373737,0.0,92,119,57,154
base2,linear,1.0,glasses_highlight_v2,422,0.8507109004739336,0.8507109004739337,0.8473078138012233,0.0,211,0,63,148
base2,linear,1.0,glasses_test_v2,422,0.7843601895734598,0.7843601895734598,0.7839221710189452,0.0,156,55,36,175
base2,linear,1.0,noglasses_highlight_v1,291,0.38144329896907214,0.38359049602423323,0.3808510638297873,0.0,60,79,101,51
base2,linear,1.0,noglasses_test_v2,402,0.9850746268656716,0.985781990521327,0.985056502775575,0.0,205,6,0,191
base2,poly2_linear,0.0003,glasses_highlight_v1,422,0.5971563981042654,0.5971563981042654,0.5843761586948462,0.0,89,122,48,163
base2,poly2_linear,0.0003,glasses_highlight_v2,422,0.8507109004739336,0.8507109004739337,0.8473078138012233,0.0,211,0,63,148
base2,poly2_linear,0.0003,glasses_test_v2,422,0.7819905213270142,0.7819905213270142,0.7819856244384547,0.0,164,47,45,166
base2,poly2_linear,0.0003,noglasses_highlight_v1,291,0.3848797250859107,0.38564937523665277,0.3848797250859107,0.0,56,83,96,56
base2,poly2_linear,0.0003,noglasses_test_v2,402,0.9950248756218906,0.9952606635071091,0.9950148809523809,0.0,209,2,0,191
base2,poly2_linear,0.001,glasses_highlight_v1,422,0.5947867298578199,0.5947867298578199,0.5784806799263997,0.0,84,127,44,167
base2,poly2_linear,0.001,glasses_highlight_v2,422,0.8341232227488151,0.8341232227488151,0.8294299704360679,0.0,211,0,70,141
base2,poly2_linear,0.001,glasses_test_v2,422,0.8033175355450237,0.8033175355450237,0.8032634032634033,0.0,166,45,38,173
base2,poly2_linear,0.001,noglasses_highlight_v1,291,0.38831615120274915,0.39016944339265425,0.3879620001890538,0.0,60,79,99,53
base2,poly2_linear,0.001,noglasses_test_v2,402,0.9950248756218906,0.9952606635071091,0.9950148809523809,0.0,209,2,0,191
base2,poly2_linear,0.003,glasses_highlight_v1,422,0.6161137440758294,0.6161137440758294,0.5942307692307692,0.0,81,130,32,179
base2,poly2_linear,0.003,glasses_highlight_v2,422,0.8199052132701422,0.8199052132701421,0.8138681895210902,0.0,211,0,76,135
base2,poly2_linear,0.003,glasses_test_v2,422,0.8222748815165877,0.8222748815165877,0.8221940079661578,0.0,169,42,33,178
base2,poly2_linear,0.003,noglasses_highlight_v1,291,0.3951890034364261,0.39797898523286634,0.3939795531995456,0.0,64,75,101,51
base2,poly2_linear,0.003,noglasses_test_v2,402,0.9975124378109452,0.9976303317535544,0.9975068685152224,0.0,210,1,0,191
base2,poly2_linear,0.01,glasses_highlight_v1,422,0.6184834123222749,0.6184834123222749,0.5901256613357625,0.0,75,136,25,186
base2,poly2_linear,0.01,glasses_highlight_v2,422,0.8056872037914692,0.8056872037914692,0.798062558356676,0.0,211,0,82,129
base2,poly2_linear,0.01,glasses_test_v2,422,0.8293838862559242,0.8293838862559242,0.8288302499042297,0.0,163,48,24,187
base2,poly2_linear,0.01,noglasses_highlight_v1,291,0.39862542955326463,0.4015761075350246,0.3972302775640646,0.0,65,74,101,51
base2,poly2_linear,0.01,noglasses_test_v2,402,1.0,1.0,1.0,0.0,211,0,0,191
avg2,linear,0.0003,glasses_highlight_v1,422,0.6445497630331753,0.6445497630331753,0.6165681333591781,0.0,79,132,18,193
avg2,linear,0.0003,glasses_highlight_v2,422,0.9004739336492891,0.9004739336492891,0.899478221415608,0.0,211,0,42,169
avg2,linear,0.0003,glasses_test_v2,422,0.7654028436018957,0.7654028436018958,0.7653699054807677,0.0,164,47,52,159
avg2,linear,0.0003,noglasses_highlight_v1,291,0.3436426116838488,0.3424839076107535,0.3425245750381489,0.0,44,95,96,56
avg2,linear,0.0003,noglasses_test_v2,402,0.9950248756218906,0.9952606635071091,0.9950148809523809,0.0,209,2,0,191
avg2,linear,0.001,glasses_highlight_v1,422,0.6255924170616114,0.6255924170616114,0.6060455662696163,0.0,85,126,32,179
avg2,linear,0.001,glasses_highlight_v2,422,0.8578199052132701,0.8578199052132701,0.8548864079227895,0.0,211,0,60,151
avg2,linear,0.001,glasses_test_v2,422,0.7796208530805687,0.7796208530805687,0.7795205698780358,0.0,160,51,42,169
avg2,linear,0.001,noglasses_highlight_v1,291,0.3745704467353952,0.3745503597122302,0.3743857493857494,0.0,52,87,95,57
avg2,linear,0.001,noglasses_test_v2,402,0.9850746268656716,0.985781990521327,0.985056502775575,0.0,205,6,0,191
avg2,linear,0.003,glasses_highlight_v1,422,0.6042654028436019,0.6042654028436019,0.5933949908552241,0.0,93,118,49,162
avg2,linear,0.003,glasses_highlight_v2,422,0.8530805687203792,0.8530805687203791,0.8498393021120294,0.0,211,0,62,149
avg2,linear,0.003,glasses_test_v2,422,0.7890995260663507,0.7890995260663507,0.7888991934350673,0.0,160,51,38,173
avg2,linear,0.003,noglasses_highlight_v1,291,0.38144329896907214,0.38266755017039,0.38137755102040816,0.0,57,82,98,54
avg2,linear,0.003,noglasses_test_v2,402,0.9850746268656716,0.985781990521327,0.985056502775575,0.0,205,6,0,191
avg2,linear,0.01,glasses_highlight_v1,422,0.590047393364929,0.590047393364929,0.5812987847192352,0.0,94,117,56,155
avg2,linear,0.01,glasses_highlight_v2,422,0.8530805687203792,0.8530805687203791,0.8498393021120294,0.0,211,0,62,149
avg2,linear,0.01,glasses_test_v2,422,0.7890995260663507,0.7890995260663507,0.7887567141933125,0.0,158,53,36,175
avg2,linear,0.01,noglasses_highlight_v1,291,0.38144329896907214,0.38359049602423323,0.3808510638297873,0.0,60,79,101,51
avg2,linear,0.01,noglasses_test_v2,402,0.9850746268656716,0.985781990521327,0.985056502775575,0.0,205,6,0,191
avg2,linear,0.03,glasses_highlight_v1,422,0.5876777251184834,0.5876777251184834,0.5791705829760895,0.0,94,117,57,154
avg2,linear,0.03,glasses_highlight_v2,422,0.8507109004739336,0.8507109004739337,0.8473078138012233,0.0,211,0,63,148
avg2,linear,0.03,glasses_test_v2,422,0.7867298578199052,0.7867298578199052,0.7863411341134113,0.0,157,54,36,175
avg2,linear,0.03,noglasses_highlight_v1,291,0.38144329896907214,0.38359049602423323,0.3808510638297873,0.0,60,79,101,51
avg2,linear,0.03,noglasses_test_v2,402,0.9850746268656716,0.985781990521327,0.985056502775575,0.0,205,6,0,191
avg2,linear,0.1,glasses_highlight_v1,422,0.5853080568720379,0.5853080568720379,0.5764583082420008,0.0,93,118,57,154
avg2,linear,0.1,glasses_highlight_v2,422,0.8507109004739336,0.8507109004739337,0.8473078138012233,0.0,211,0,63,148
avg2,linear,0.1,glasses_test_v2,422,0.7867298578199052,0.7867298578199052,0.7863411341134113,0.0,157,54,36,175
avg2,linear,0.1,noglasses_highlight_v1,291,0.38144329896907214,0.38359049602423323,0.3808510638297873,0.0,60,79,101,51
avg2,linear,0.1,noglasses_test_v2,402,0.9850746268656716,0.985781990521327,0.985056502775575,0.0,205,6,0,191
avg2,linear,0.3,glasses_highlight_v1,422,0.5829383886255924,0.5829383886255924,0.5737373737373737,0.0,92,119,57,154
avg2,linear,0.3,glasses_highlight_v2,422,0.8507109004739336,0.8507109004739337,0.8473078138012233,0.0,211,0,63,148
avg2,linear,0.3,glasses_test_v2,422,0.7867298578199052,0.7867298578199052,0.7863411341134113,0.0,157,54,36,175
avg2,linear,0.3,noglasses_highlight_v1,291,0.38144329896907214,0.38359049602423323,0.3808510638297873,0.0,60,79,101,51
avg2,linear,0.3,noglasses_test_v2,402,0.9850746268656716,0.985781990521327,0.985056502775575,0.0,205,6,0,191
avg2,linear,1.0,glasses_highlight_v1,422,0.5829383886255924,0.5829383886255924,0.5737373737373737,0.0,92,119,57,154
avg2,linear,1.0,glasses_highlight_v2,422,0.8507109004739336,0.8507109004739337,0.8473078138012233,0.0,211,0,63,148
avg2,linear,1.0,glasses_test_v2,422,0.7843601895734598,0.7843601895734598,0.7839221710189452,0.0,156,55,36,175
avg2,linear,1.0,noglasses_highlight_v1,291,0.38144329896907214,0.38359049602423323,0.3808510638297873,0.0,60,79,101,51
avg2,linear,1.0,noglasses_test_v2,402,0.9850746268656716,0.985781990521327,0.985056502775575,0.0,205,6,0,191
avg2,poly2_linear,0.0003,glasses_highlight_v1,422,0.5971563981042654,0.5971563981042654,0.5843761586948462,0.0,89,122,48,163
avg2,poly2_linear,0.0003,glasses_highlight_v2,422,0.8507109004739336,0.8507109004739337,0.8473078138012233,0.0,211,0,63,148
avg2,poly2_linear,0.0003,glasses_test_v2,422,0.7819905213270142,0.7819905213270142,0.7819856244384547,0.0,164,47,45,166
avg2,poly2_linear,0.0003,noglasses_highlight_v1,291,0.3848797250859107,0.38564937523665277,0.3848797250859107,0.0,56,83,96,56
avg2,poly2_linear,0.0003,noglasses_test_v2,402,0.9950248756218906,0.9952606635071091,0.9950148809523809,0.0,209,2,0,191
avg2,poly2_linear,0.001,glasses_highlight_v1,422,0.5947867298578199,0.5947867298578199,0.5784806799263997,0.0,84,127,44,167
avg2,poly2_linear,0.001,glasses_highlight_v2,422,0.8341232227488151,0.8341232227488151,0.8294299704360679,0.0,211,0,70,141
avg2,poly2_linear,0.001,glasses_test_v2,422,0.8033175355450237,0.8033175355450237,0.8032634032634033,0.0,166,45,38,173
avg2,poly2_linear,0.001,noglasses_highlight_v1,291,0.38831615120274915,0.39016944339265425,0.3879620001890538,0.0,60,79,99,53
avg2,poly2_linear,0.001,noglasses_test_v2,402,0.9950248756218906,0.9952606635071091,0.9950148809523809,0.0,209,2,0,191
avg2,poly2_linear,0.003,glasses_highlight_v1,422,0.6161137440758294,0.6161137440758294,0.5942307692307692,0.0,81,130,32,179
avg2,poly2_linear,0.003,glasses_highlight_v2,422,0.8199052132701422,0.8199052132701421,0.8138681895210902,0.0,211,0,76,135
avg2,poly2_linear,0.003,glasses_test_v2,422,0.8222748815165877,0.8222748815165877,0.8221940079661578,0.0,169,42,33,178
avg2,poly2_linear,0.003,noglasses_highlight_v1,291,0.3951890034364261,0.39797898523286634,0.3939795531995456,0.0,64,75,101,51
avg2,poly2_linear,0.003,noglasses_test_v2,402,0.9975124378109452,0.9976303317535544,0.9975068685152224,0.0,210,1,0,191
avg2,poly2_linear,0.01,glasses_highlight_v1,422,0.6184834123222749,0.6184834123222749,0.5901256613357625,0.0,75,136,25,186
avg2,poly2_linear,0.01,glasses_highlight_v2,422,0.8056872037914692,0.8056872037914692,0.798062558356676,0.0,211,0,82,129
avg2,poly2_linear,0.01,glasses_test_v2,422,0.8293838862559242,0.8293838862559242,0.8288302499042297,0.0,163,48,24,187
avg2,poly2_linear,0.01,noglasses_highlight_v1,291,0.39862542955326463,0.4015761075350246,0.3972302775640646,0.0,65,74,101,51
avg2,poly2_linear,0.01,noglasses_test_v2,402,1.0,1.0,1.0,0.0,211,0,0,191
avg4_dark,linear,0.0003,glasses_highlight_v1,422,0.6611374407582938,0.6611374407582938,0.6602962120657724,0.0,150,61,82,129
avg4_dark,linear,0.0003,glasses_highlight_v2,422,0.8838862559241706,0.8838862559241707,0.8822993687493952,0.0,162,49,0,211
avg4_dark,linear,0.0003,glasses_test_v2,422,0.8933649289099526,0.8933649289099526,0.893335580082568,0.0,192,19,26,185
avg4_dark,linear,0.0003,noglasses_highlight_v1,291,0.48109965635738833,0.49652120408936007,0.4206473729316369,0.0,117,22,129,23
avg4_dark,linear,0.0003,noglasses_test_v2,402,1.0,1.0,1.0,0.0,211,0,0,191
avg4_dark,linear,0.001,glasses_highlight_v1,422,0.6445497630331753,0.6445497630331753,0.6419440233500011,0.0,154,57,93,118
avg4_dark,linear,0.001,glasses_highlight_v2,422,0.7180094786729858,0.7180094786729858,0.6936488473246585,0.0,92,119,0,211
avg4_dark,linear,0.001,glasses_test_v2,422,0.8957345971563981,0.8957345971563981,0.8956971126839681,0.0,193,18,26,185
avg4_dark,linear,0.001,noglasses_highlight_v1,291,0.48109965635738833,0.49652120408936007,0.4206473729316369,0.0,117,22,129,23
avg4_dark,linear,0.001,noglasses_test_v2,402,1.0,1.0,1.0,0.0,211,0,0,191
avg4_dark,linear,0.003,glasses_highlight_v1,422,0.6350710900473934,0.6350710900473934,0.6320878623188406,0.0,153,58,96,115
avg4_dark,linear,0.003,glasses_highlight_v2,422,0.590047393364929,0.590047393364929,0.507232290506564,0.0,38,173,0,211
avg4_dark,linear,0.003,glasses_test_v2,422,0.8909952606635071,0.8909952606635071,0.8909070473193211,0.0,194,17,29,182
avg4_dark,linear,0.003,noglasses_highlight_v1,291,0.4879725085910653,0.5040230973116244,0.42247292779413137,0.0,120,19,130,22
avg4_dark,linear,0.003,noglasses_test_v2,402,1.0,1.0,1.0,0.0,211,0,0,191
avg4_dark,linear,0.01,glasses_highlight_v1,422,0.6161137440758294,0.6161137440758294,0.6144162436548224,0.0,144,67,95,116
avg4_dark,linear,0.01,glasses_highlight_v2,422,0.5592417061611374,0.5592417061611374,0.452971677074041,0.0,25,186,0,211
avg4_dark,linear,0.01,glasses_test_v2,422,0.8862559241706162,0.886255924170616,0.8861305990286023,0.0,194,17,31,180
avg4_dark,linear,0.01,noglasses_highlight_v1,291,0.49140893470790376,0.5073125709958349,0.4278350515463918,0.0,120,19,129,23
avg4_dark,linear,0.01,noglasses_test_v2,402,1.0,1.0,1.0,0.0,211,0,0,191
avg4_dark,linear,0.03,glasses_highlight_v1,422,0.6137440758293838,0.6137440758293838,0.6123837055319821,0.0,142,69,94,117
avg4_dark,linear,0.03,glasses_highlight_v2,422,0.5497630331753555,0.5497630331753555,0.4352884832093757,0.0,21,190,0,211
avg4_dark,linear,0.03,glasses_test_v2,422,0.8838862559241706,0.8838862559241706,0.8837393665768951,0.0,194,17,32,179
avg4_dark,linear,0.03,noglasses_highlight_v1,291,0.49140893470790376,0.5070049223778872,0.43073913503225125,0.0,119,20,128,24
avg4_dark,linear,0.03,noglasses_test_v2,402,1.0,1.0,1.0,0.0,211,0,0,191
avg4_dark,linear,0.1,glasses_highlight_v1,422,0.6066350710900474,0.6066350710900474,0.6057495328785935,0.0,138,73,93,118
avg4_dark,linear,0.1,glasses_highlight_v2,422,0.5379146919431279,0.5379146919431279,0.41246189106019604,0.0,16,195,0,211
avg4_dark,linear,0.1,glasses_test_v2,422,0.8815165876777251,0.8815165876777251,0.8813460197494207,0.0,194,17,33,178
avg4_dark,linear,0.1,noglasses_highlight_v1,291,0.4948453608247423,0.5102943960620977,0.43599446239040146,0.0,119,20,127,25
avg4_dark,linear,0.1,noglasses_test_v2,402,1.0,1.0,1.0,0.0,211,0,0,191
avg4_dark,linear,0.3,glasses_highlight_v1,422,0.6066350710900474,0.6066350710900474,0.6057495328785935,0.0,138,73,93,118
avg4_dark,linear,0.3,glasses_highlight_v2,422,0.5379146919431279,0.5379146919431279,0.41246189106019604,0.0,16,195,0,211
avg4_dark,linear,0.3,glasses_test_v2,422,0.8815165876777251,0.8815165876777251,0.8813460197494207,0.0,194,17,33,178
avg4_dark,linear,0.3,noglasses_highlight_v1,291,0.49140893470790376,0.5070049223778872,0.43073913503225125,0.0,119,20,128,24
avg4_dark,linear,0.3,noglasses_test_v2,402,1.0,1.0,1.0,0.0,211,0,0,191
avg4_dark,linear,1.0,glasses_highlight_v1,422,0.6042654028436019,0.6042654028436019,0.6034615665952071,0.0,137,74,93,118
avg4_dark,linear,1.0,glasses_highlight_v2,422,0.5379146919431279,0.5379146919431279,0.41246189106019604,0.0,16,195,0,211
avg4_dark,linear,1.0,glasses_test_v2,422,0.8815165876777251,0.8815165876777251,0.8813460197494207,0.0,194,17,33,178
avg4_dark,linear,1.0,noglasses_highlight_v1,291,0.49140893470790376,0.5070049223778872,0.43073913503225125,0.0,119,20,128,24
avg4_dark,linear,1.0,noglasses_test_v2,402,1.0,1.0,1.0,0.0,211,0,0,191
avg4_dark,poly2_linear,0.0003,glasses_highlight_v1,422,0.6350710900473934,0.6350710900473934,0.6280448717948718,0.0,163,48,106,105
avg4_dark,poly2_linear,0.0003,glasses_highlight_v2,422,0.6066350710900474,0.6066350710900474,0.534624787414966,0.0,45,166,0,211
avg4_dark,poly2_linear,0.0003,glasses_test_v2,422,0.8720379146919431,0.8720379146919431,0.8716226874281723,0.0,196,15,39,172
avg4_dark,poly2_linear,0.0003,noglasses_highlight_v1,291,0.5051546391752577,0.5220087088224157,0.43428015984447566,0.0,125,14,130,22
avg4_dark,poly2_linear,0.0003,noglasses_test_v2,402,1.0,1.0,1.0,0.0,211,0,0,191
avg4_dark,poly2_linear,0.001,glasses_highlight_v1,422,0.6895734597156398,0.6895734597156398,0.6895298749290966,0.0,143,68,63,148
avg4_dark,poly2_linear,0.001,glasses_highlight_v2,422,0.533175355450237,0.533175355450237,0.4030945970202836,0.0,14,197,0,211
avg4_dark,poly2_linear,0.001,glasses_test_v2,422,0.8933649289099526,0.8933649289099526,0.8932300305298018,0.0,196,15,30,181
avg4_dark,poly2_linear,0.001,noglasses_highlight_v1,291,0.5051546391752577,0.5223163574403635,0.4310850439882698,0.0,126,13,131,21
avg4_dark,poly2_linear,0.001,noglasses_test_v2,402,1.0,1.0,1.0,0.0,211,0,0,191
avg4_dark,poly2_linear,0.003,glasses_highlight_v1,422,0.6682464454976303,0.6682464454976302,0.6665613147914033,0.0,126,85,55,156
avg4_dark,poly2_linear,0.003,glasses_highlight_v2,422,0.5213270142180095,0.5213270142180095,0.37905011655011656,0.0,9,202,0,211
avg4_dark,poly2_linear,0.003,glasses_test_v2,422,0.919431279620853,0.919431279620853,0.9194240402542848,0.0,196,15,19,192
avg4_dark,poly2_linear,0.003,noglasses_highlight_v1,291,0.5120274914089347,0.5298182506626278,0.4323901098901099,0.0,129,10,132,20
avg4_dark,poly2_linear,0.003,noglasses_test_v2,402,1.0,1.0,1.0,0.0,211,0,0,191
avg4_dark,poly2_linear,0.01,glasses_highlight_v1,422,0.6255924170616114,0.6255924170616114,0.6162046417388101,0.0,99,112,46,165
avg4_dark,poly2_linear,0.01,glasses_highlight_v2,422,0.5118483412322274,0.5118483412322274,0.35913540929464494,0.0,5,206,0,211
avg4_dark,poly2_linear,0.01,glasses_test_v2,422,0.9289099526066351,0.9289099526066351,0.9288955787203451,0.0,193,18,12,199
avg4_dark,poly2_linear,0.01,noglasses_highlight_v1,291,0.5326460481099656,0.5514009844755774,0.4461486789072996,0.0,135,4,132,20
avg4_dark,poly2_linear,0.01,noglasses_test_v2,402,1.0,1.0,1.0,0.0,211,0,0,191
avg6_shape,linear,0.0003,glasses_highlight_v1,422,0.4312796208530806,0.4312796208530806,0.43096008629989213,0.0,86,125,115,96
avg6_shape,linear,0.0003,glasses_highlight_v2,422,0.9928909952606635,0.9928909952606635,0.992890635967991,0.0,208,3,0,211
avg6_shape,linear,0.0003,glasses_test_v2,422,0.8388625592417062,0.8388625592417062,0.8379306449791031,0.0,161,50,18,193
avg6_shape,linear,0.0003,noglasses_highlight_v1,291,0.46048109965635736,0.47432317304051497,0.41143961352657005,0.0,109,30,127,25
avg6_shape,linear,0.0003,noglasses_test_v2,402,1.0,1.0,1.0,0.0,211,0,0,191
avg6_shape,linear,0.001,glasses_highlight_v1,422,0.36018957345971564,0.36018957345971564,0.3560092240911557,0.0,93,118,152,59
avg6_shape,linear,0.001,glasses_highlight_v2,422,0.990521327014218,0.990521327014218,0.9905204753240335,0.0,207,4,0,211
avg6_shape,linear,0.001,glasses_test_v2,422,0.8388625592417062,0.8388625592417062,0.8381500282007897,0.0,163,48,20,191
avg6_shape,linear,0.001,noglasses_highlight_v1,291,0.44329896907216493,0.45818345323741005,0.3829581151832461,0.0,110,29,133,19
avg6_shape,linear,0.001,noglasses_test_v2,402,1.0,1.0,1.0,0.0,211,0,0,191
avg6_shape,linear,0.003,glasses_highlight_v1,422,0.3293838862559242,0.3293838862559242,0.3202188031852826,0.0,94,117,166,45
avg6_shape,linear,0.003,glasses_highlight_v2,422,0.990521327014218,0.990521327014218,0.9905204753240335,0.0,207,4,0,211
avg6_shape,linear,0.003,glasses_test_v2,422,0.8412322274881516,0.8412322274881516,0.8406730568751092,0.0,165,46,21,190
avg6_shape,linear,0.003,noglasses_highlight_v1,291,0.44329896907216493,0.45818345323741005,0.3829581151832461,0.0,110,29,133,19
avg6_shape,linear,0.003,noglasses_test_v2,402,1.0,1.0,1.0,0.0,211,0,0,191
avg6_shape,linear,0.01,glasses_highlight_v1,422,0.3293838862559242,0.3293838862559242,0.32525777564337977,0.0,86,125,158,53
avg6_shape,linear,0.01,glasses_highlight_v2,422,0.9928909952606635,0.9928909952606635,0.992890635967991,0.0,208,3,0,211
avg6_shape,linear,0.01,glasses_test_v2,422,0.8341232227488151,0.8341232227488151,0.8335849651846677,0.0,164,47,23,188
avg6_shape,linear,0.01,noglasses_highlight_v1,291,0.44329896907216493,0.45818345323741005,0.3829581151832461,0.0,110,29,133,19
avg6_shape,linear,0.01,noglasses_test_v2,402,1.0,1.0,1.0,0.0,211,0,0,191
avg6_shape,linear,0.03,glasses_highlight_v1,422,0.36255924170616116,0.36255924170616116,0.3623838009380178,0.0,73,138,131,80
avg6_shape,linear,0.03,glasses_highlight_v2,422,0.990521327014218,0.990521327014218,0.9905204753240335,0.0,207,4,0,211
avg6_shape,linear,0.03,glasses_test_v2,422,0.8293838862559242,0.8293838862559242,0.8287337662337663,0.0,162,49,23,188
avg6_shape,linear,0.03,noglasses_highlight_v1,291,0.44329896907216493,0.45818345323741005,0.3829581151832461,0.0,110,29,133,19
avg6_shape,linear,0.03,noglasses_test_v2,402,1.0,1.0,1.0,0.0,211,0,0,191
avg6_shape,linear,0.1,glasses_highlight_v1,422,0.3862559241706161,0.3862559241706161,0.3829259892842827,0.0,66,145,114,97
avg6_shape,linear,0.1,glasses_highlight_v2,422,0.990521327014218,0.990521327014218,0.9905204753240335,0.0,207,4,0,211
avg6_shape,linear,0.1,glasses_test_v2,422,0.8293838862559242,0.8293838862559242,0.8287337662337663,0.0,162,49,23,188
avg6_shape,linear,0.1,noglasses_highlight_v1,291,0.44329896907216493,0.45818345323741005,0.3829581151832461,0.0,110,29,133,19
avg6_shape,linear,0.1,noglasses_test_v2,402,1.0,1.0,1.0,0.0,211,0,0,191
avg6_shape,linear,0.3,glasses_highlight_v1,422,0.3862559241706161,0.38625592417061616,0.38200487393912663,0.0,64,147,112,99
avg6_shape,linear,0.3,glasses_highlight_v2,422,0.990521327014218,0.990521327014218,0.9905204753240335,0.0,207,4,0,211
avg6_shape,linear,0.3,glasses_test_v2,422,0.8293838862559242,0.8293838862559242,0.8287337662337663,0.0,162,49,23,188
avg6_shape,linear,0.3,noglasses_highlight_v1,291,0.44673539518900346,0.46178057553956836,0.38529461931065245,0.0,111,28,133,19
avg6_shape,linear,0.3,noglasses_test_v2,402,1.0,1.0,1.0,0.0,211,0,0,191
avg6_shape,linear,1.0,glasses_highlight_v1,422,0.3886255924170616,0.3886255924170616,0.38250907441016335,0.0,61,150,108,103
avg6_shape,linear,1.0,glasses_highlight_v2,422,0.990521327014218,0.990521327014218,0.9905204753240335,0.0,207,4,0,211
avg6_shape,linear,1.0,glasses_test_v2,422,0.8293838862559242,0.8293838862559242,0.8287337662337663,0.0,162,49,23,188
avg6_shape,linear,1.0,noglasses_highlight_v1,291,0.44673539518900346,0.46178057553956836,0.38529461931065245,0.0,111,28,133,19
avg6_shape,linear,1.0,noglasses_test_v2,402,1.0,1.0,1.0,0.0,211,0,0,191
avg6_shape,poly2_linear,0.0003,glasses_highlight_v1,422,0.36729857819905215,0.3672985781990521,0.36726660115120036,0.0,76,135,132,79
avg6_shape,poly2_linear,0.0003,glasses_highlight_v2,422,0.9146919431279621,0.9146919431279621,0.9140665656040003,0.0,175,36,0,211
avg6_shape,poly2_linear,0.0003,glasses_test_v2,422,0.8364928909952607,0.8364928909952607,0.8352262116967999,0.0,158,53,16,195
avg6_shape,poly2_linear,0.0003,noglasses_highlight_v1,291,0.43986254295532645,0.45427868231730406,0.38348258965127313,0.0,108,31,132,20
avg6_shape,poly2_linear,0.0003,noglasses_test_v2,402,1.0,1.0,1.0,0.0,211,0,0,191
avg6_shape,poly2_linear,0.001,glasses_highlight_v1,422,0.3886255924170616,0.3886255924170616,0.37992072170585023,0.0,57,154,104,107
avg6_shape,poly2_linear,0.001,glasses_highlight_v2,422,0.8436018957345972,0.8436018957345972,0.8396804199668447,0.0,145,66,0,211
avg6_shape,poly2_linear,0.001,glasses_test_v2,422,0.8625592417061612,0.8625592417061612,0.8607577653885539,0.0,158,53,5,206
avg6_shape,poly2_linear,0.001,noglasses_highlight_v1,291,0.4329896907216495,0.4470844377129875,0.3787280843630717,0.0,106,33,132,20
avg6_shape,poly2_linear,0.001,noglasses_test_v2,402,1.0,1.0,1.0,0.0,211,0,0,191
avg6_shape,poly2_linear,0.003,glasses_highlight_v1,422,0.47393364928909953,0.47393364928909953,0.45329131652661064,0.0,59,152,70,141
avg6_shape,poly2_linear,0.003,glasses_highlight_v2,422,0.7819905213270142,0.7819905213270142,0.7711118971819361,0.0,119,92,0,211
avg6_shape,poly2_linear,0.003,glasses_test_v2,422,0.8744075829383886,0.8744075829383886,0.8723948081586079,0.0,158,53,0,211
avg6_shape,poly2_linear,0.003,noglasses_highlight_v1,291,0.436426116838488,0.45068156001514575,0.3811079987550576,0.0,107,32,132,20
avg6_shape,poly2_linear,0.003,noglasses_test_v2,402,1.0,1.0,1.0,0.0,211,0,0,191
avg6_shape,poly2_linear,0.01,glasses_highlight_v1,422,0.4834123222748815,0.4834123222748815,0.45992720441470003,0.0,58,153,65,146
avg6_shape,poly2_linear,0.01,glasses_highlight_v2,422,0.6729857819905213,0.6729857819905214,0.633827967806841,0.0,73,138,0,211
avg6_shape,poly2_linear,0.01,glasses_test_v2,422,0.8483412322274881,0.8483412322274881,0.8447709037404878,0.0,147,64,0,211
avg6_shape,poly2_linear,0.01,noglasses_highlight_v1,291,0.45017182130584193,0.4644547519878834,0.39620292561469034,0.0,109,30,130,22
avg6_shape,poly2_linear,0.01,noglasses_test_v2,402,1.0,1.0,1.0,0.0,211,0,0,191
avg8_runs,linear,0.0003,glasses_highlight_v1,422,0.5521327014218009,0.5521327014218009,0.5482745535587863,0.0,136,75,114,97
avg8_runs,linear,0.0003,glasses_highlight_v2,422,0.7796208530805687,0.7796208530805687,0.7683713518458406,0.0,118,93,0,211
avg8_runs,linear,0.0003,glasses_test_v2,422,0.8364928909952607,0.8364928909952607,0.836337576932805,0.0,170,41,28,183
avg8_runs,linear,0.0003,noglasses_highlight_v1,291,0.48109965635738833,0.4974441499432033,0.41161741272880653,0.0,120,19,132,20
avg8_runs,linear,0.0003,noglasses_test_v2,402,1.0,1.0,1.0,0.0,211,0,0,191
avg8_runs,linear,0.001,glasses_highlight_v1,422,0.490521327014218,0.490521327014218,0.4851760433512072,0.0,125,86,129,82
avg8_runs,linear,0.001,glasses_highlight_v2,422,0.8436018957345972,0.8436018957345972,0.8396804199668447,0.0,145,66,0,211
avg8_runs,linear,0.001,glasses_test_v2,422,0.8317535545023697,0.8317535545023697,0.8317072485747186,0.0,172,39,32,179
avg8_runs,linear,0.001,noglasses_highlight_v1,291,0.49140893470790376,0.5076202196137827,0.4248397435897436,0.0,121,18,130,22
avg8_runs,linear,0.001,noglasses_test_v2,402,1.0,1.0,1.0,0.0,211,0,0,191
avg8_runs,linear,0.003,glasses_highlight_v1,422,0.5118483412322274,0.5118483412322274,0.5116728457476688,0.0,112,99,107,104
avg8_runs,linear,0.003,glasses_highlight_v2,422,0.9312796208530806,0.9312796208530806,0.9309535496465304,0.0,182,29,0,211
avg8_runs,linear,0.003,glasses_test_v2,422,0.8483412322274881,0.8483412322274881,0.8483105679367362,0.0,182,29,35,176
avg8_runs,linear,0.003,noglasses_highlight_v1,291,0.5085910652920962,0.5243752366527831,0.44857881136950906,0.0,122,17,126,26
avg8_runs,linear,0.003,noglasses_test_v2,402,1.0,1.0,1.0,0.0,211,0,0,191
avg8_runs,linear,0.01,glasses_highlight_v1,422,0.542654028436019,0.542654028436019,0.5426514602741419,0.0,114,97,96,115
avg8_runs,linear,0.01,glasses_highlight_v2,422,0.9241706161137441,0.9241706161137441,0.9237320682254603,0.0,179,32,0,211
avg8_runs,linear,0.01,glasses_test_v2,422,0.8436018957345972,0.8436018957345972,0.8435140237324703,0.0,183,28,38,173
avg8_runs,linear,0.01,noglasses_highlight_v1,291,0.5463917525773195,0.5608670957970466,0.5018674136321195,0.0,123,16,116,36
avg8_runs,linear,0.01,noglasses_test_v2,402,1.0,1.0,1.0,0.0,211,0,0,191
avg8_runs,linear,0.03,glasses_highlight_v1,422,0.54739336492891,0.54739336492891,0.5468207962487138,0.0,123,88,103,108
avg8_runs,linear,0.03,glasses_highlight_v2,422,0.9218009478672986,0.9218009478672986,0.9213198112941043,0.0,178,33,0,211
avg8_runs,linear,0.03,glasses_test_v2,422,0.8436018957345972,0.8436018957345972,0.8435140237324703,0.0,183,28,38,173
avg8_runs,linear,0.03,noglasses_highlight_v1,291,0.5979381443298969,0.6102092010602045,0.5717196875353787,0.0,123,16,101,51
avg8_runs,linear,0.03,noglasses_test_v2,402,1.0,1.0,1.0,0.0,211,0,0,191
avg8_runs,linear,0.1,glasses_highlight_v1,422,0.54739336492891,0.54739336492891,0.5452457924995628,0.0,130,81,110,101
avg8_runs,linear,0.1,glasses_highlight_v2,422,0.9241706161137441,0.9241706161137441,0.9237320682254603,0.0,179,32,0,211
avg8_runs,linear,0.1,glasses_test_v2,422,0.8436018957345972,0.8436018957345972,0.8435140237324703,0.0,183,28,38,173
avg8_runs,linear,0.1,noglasses_highlight_v1,291,0.6185567010309279,0.6308689890193109,0.5936827804822824,0.0,126,13,98,54
avg8_runs,linear,0.1,noglasses_test_v2,402,1.0,1.0,1.0,0.0,211,0,0,191
avg8_runs,linear,0.3,glasses_highlight_v1,422,0.5165876777251185,0.5165876777251185,0.5134291915355399,0.0,126,85,119,92
avg8_runs,linear,0.3,glasses_highlight_v2,422,0.9241706161137441,0.9241706161137441,0.9237320682254603,0.0,179,32,0,211
avg8_runs,linear,0.3,glasses_test_v2,422,0.8507109004739336,0.8507109004739336,0.8506698121155952,0.0,183,28,35,176
avg8_runs,linear,0.3,noglasses_highlight_v1,291,0.6185567010309279,0.6308689890193109,0.5936827804822824,0.0,126,13,98,54
avg8_runs,linear,0.3,noglasses_test_v2,402,1.0,1.0,1.0,0.0,211,0,0,191
avg8_runs,linear,1.0,glasses_highlight_v1,422,0.5071090047393365,0.5071090047393365,0.5026404659912513,0.0,127,84,124,87
avg8_runs,linear,1.0,glasses_highlight_v2,422,0.9241706161137441,0.9241706161137441,0.9237320682254603,0.0,179,32,0,211
avg8_runs,linear,1.0,glasses_test_v2,422,0.8507109004739336,0.8507109004739336,0.8506698121155952,0.0,183,28,35,176
avg8_runs,linear,1.0,noglasses_highlight_v1,291,0.6185567010309279,0.6308689890193109,0.5936827804822824,0.0,126,13,98,54
avg8_runs,linear,1.0,noglasses_test_v2,402,1.0,1.0,1.0,0.0,211,0,0,191
avg8_runs,poly2_linear,0.0003,glasses_highlight_v1,422,0.5592417061611374,0.5592417061611374,0.5592318059299192,0.0,119,92,94,117
avg8_runs,poly2_linear,0.0003,glasses_highlight_v2,422,0.7985781990521327,0.7985781990521327,0.7900608103758069,0.0,126,85,0,211
avg8_runs,poly2_linear,0.0003,glasses_test_v2,422,0.7819905213270142,0.7819905213270142,0.7818680330816253,0.0,160,51,41,170
avg8_runs,poly2_linear,0.0003,noglasses_highlight_v1,291,0.5257731958762887,0.5435914426353654,0.4483791208791209,0.0,131,8,130,22
avg8_runs,poly2_linear,0.0003,noglasses_test_v2,402,1.0,1.0,1.0,0.0,211,0,0,191
avg8_runs,poly2_linear,0.001,glasses_highlight_v1,422,0.5876777251184834,0.5876777251184835,0.5870841487279843,0.0,116,95,79,132
avg8_runs,poly2_linear,0.001,glasses_highlight_v2,422,0.6753554502369669,0.6753554502369669,0.6371088723597903,0.0,74,137,0,211
avg8_runs,poly2_linear,0.001,glasses_test_v2,422,0.7677725118483413,0.7677725118483412,0.7670189512585348,0.0,150,61,37,174
avg8_runs,poly2_linear,0.001,noglasses_highlight_v1,291,0.5395189003436426,0.5576722832260508,0.4611111111111111,0.0,134,5,129,23
avg8_runs,poly2_linear,0.001,noglasses_test_v2,402,1.0,1.0,1.0,0.0,211,0,0,191
avg8_runs,poly2_linear,0.003,glasses_highlight_v1,422,0.5995260663507109,0.5995260663507109,0.5985318869868219,0.0,116,95,74,137
avg8_runs,poly2_linear,0.003,glasses_highlight_v2,422,0.5971563981042654,0.5971563981042654,0.5191173316173316,0.0,41,170,0,211
avg8_runs,poly2_linear,0.003,glasses_test_v2,422,0.7867298578199052,0.7867298578199052,0.7851664140100006,0.0,148,63,27,184
avg8_runs,poly2_linear,0.003,noglasses_highlight_v1,291,0.5463917525773195,0.5648665278303673,0.4658471465124041,0.0,136,3,129,23
avg8_runs,poly2_linear,0.003,noglasses_test_v2,402,1.0,1.0,1.0,0.0,211,0,0,191
avg8_runs,poly2_linear,0.01,glasses_highlight_v1,422,0.6161137440758294,0.6161137440758294,0.6126334398585708,0.0,110,101,61,150
avg8_runs,poly2_linear,0.01,glasses_highlight_v2,422,0.523696682464455,0.523696682464455,0.3839326569002709,0.0,10,201,0,211
avg8_runs,poly2_linear,0.01,glasses_test_v2,422,0.7867298578199052,0.7867298578199052,0.7843858573472307,0.0,144,67,23,188
avg8_runs,poly2_linear,0.01,noglasses_highlight_v1,291,0.5463917525773195,0.5648665278303673,0.4658471465124041,0.0,136,3,129,23
avg8_runs,poly2_linear,0.01,noglasses_test_v2,402,0.9950248756218906,0.9947643979057592,0.9950099304865938,0.0,211,0,2,189
avg10_robust,linear,0.0003,glasses_highlight_v1,422,0.518957345971564,0.518957345971564,0.5177631541912713,0.0,99,112,91,120
avg10_robust,linear,0.0003,glasses_highlight_v2,422,0.8696682464454977,0.8696682464454977,0.8674161282767524,0.0,156,55,0,211
avg10_robust,linear,0.0003,glasses_test_v2,422,0.8412322274881516,0.8412322274881516,0.8409741556286735,0.0,169,42,25,186
avg10_robust,linear,0.0003,noglasses_highlight_v1,291,0.49140893470790376,0.5076202196137827,0.4248397435897436,0.0,121,18,130,22
avg10_robust,linear,0.0003,noglasses_test_v2,402,1.0,1.0,1.0,0.0,211,0,0,191
avg10_robust,linear,0.001,glasses_highlight_v1,422,0.4928909952606635,0.4928909952606635,0.49260607695073716,0.0,99,112,102,109
avg10_robust,linear,0.001,glasses_highlight_v2,422,0.9289099526066351,0.9289099526066351,0.9285488531695865,0.0,181,30,0,211
avg10_robust,linear,0.001,glasses_test_v2,422,0.8388625592417062,0.8388625592417062,0.8388299784327822,0.0,174,37,31,180
avg10_robust,linear,0.001,noglasses_highlight_v1,291,0.5085910652920962,0.5246828852707308,0.4457290515071194,0.0,123,16,127,25
avg10_robust,linear,0.001,noglasses_test_v2,402,1.0,1.0,1.0,0.0,211,0,0,191
avg10_robust,linear,0.003,glasses_highlight_v1,422,0.523696682464455,0.523696682464455,0.5207661233368175,0.0,94,117,84,127
avg10_robust,linear,0.003,glasses_highlight_v2,422,0.9241706161137441,0.9241706161137441,0.9237320682254603,0.0,179,32,0,211
avg10_robust,linear,0.003,glasses_test_v2,422,0.8530805687203792,0.8530805687203791,0.8530277496910459,0.0,184,27,35,176
avg10_robust,linear,0.003,noglasses_highlight_v1,291,0.5120274914089347,0.5279723589549413,0.4510309278350515,0.0,123,16,126,26
avg10_robust,linear,0.003,noglasses_test_v2,402,1.0,1.0,1.0,0.0,211,0,0,191
avg10_robust,linear,0.01,glasses_highlight_v1,422,0.5687203791469194,0.5687203791469194,0.5651947463768116,0.0,101,110,72,139
avg10_robust,linear,0.01,glasses_highlight_v2,422,0.8815165876777251,0.8815165876777251,0.8798295972298159,0.0,161,50,0,211
avg10_robust,linear,0.01,glasses_test_v2,422,0.8649289099526066,0.8649289099526066,0.8646545466821964,0.0,192,19,38,173
avg10_robust,linear,0.01,noglasses_highlight_v1,291,0.5360824742268041,0.5516139719803105,0.48203573076669526,0.0,125,14,121,31
avg10_robust,linear,0.01,noglasses_test_v2,402,1.0,1.0,1.0,0.0,211,0,0,191
avg10_robust,linear,0.03,glasses_highlight_v1,422,0.5639810426540285,0.5639810426540285,0.5631863186318632,0.0,110,101,83,128
avg10_robust,linear,0.03,glasses_highlight_v2,422,0.8317535545023697,0.8317535545023697,0.8268522852701352,0.0,140,71,0,211
avg10_robust,linear,0.03,glasses_test_v2,422,0.8720379146919431,0.872037914691943,0.8717498480448436,0.0,194,17,37,174
avg10_robust,linear,0.03,noglasses_highlight_v1,291,0.6151202749140894,0.6281948125709959,0.5861438439658675,0.0,128,11,101,51
avg10_robust,linear,0.03,noglasses_test_v2,402,1.0,1.0,1.0,0.0,211,0,0,191
avg10_robust,linear,0.1,glasses_highlight_v1,422,0.5521327014218009,0.5521327014218009,0.5517072759463789,0.0,110,101,88,123
avg10_robust,linear,0.1,glasses_highlight_v2,422,0.7819905213270142,0.7819905213270142,0.7711118971819361,0.0,119,92,0,211
avg10_robust,linear,0.1,glasses_test_v2,422,0.8767772511848341,0.8767772511848341,0.8765526552655265,0.0,194,17,35,176
avg10_robust,linear,0.1,noglasses_highlight_v1,291,0.6563573883161512,0.6679761453994699,0.6371209098164405,0.0,129,10,90,62
avg10_robust,linear,0.1,noglasses_test_v2,402,1.0,1.0,1.0,0.0,211,0,0,191
avg10_robust,linear,0.3,glasses_highlight_v1,422,0.54739336492891,0.54739336492891,0.5473298176447132,0.0,113,98,93,118
avg10_robust,linear,0.3,glasses_highlight_v2,422,0.7559241706161137,0.7559241706161137,0.7404627556351695,0.0,108,103,0,211
avg10_robust,linear,0.3,glasses_test_v2,422,0.8815165876777251,0.8815165876777251,0.8813006300630063,0.0,195,16,34,177
avg10_robust,linear,0.3,noglasses_highlight_v1,291,0.6666666666666666,0.6781522150700492,0.6485901027077497,0.0,130,9,88,64
avg10_robust,linear,0.3,noglasses_test_v2,402,1.0,1.0,1.0,0.0,211,0,0,191
avg10_robust,linear,1.0,glasses_highlight_v1,422,0.5284360189573459,0.5284360189573459,0.5281153947730708,0.0,117,94,105,106
avg10_robust,linear,1.0,glasses_highlight_v2,422,0.7464454976303317,0.7464454976303317,0.729024514657785,0.0,104,107,0,211
avg10_robust,linear,1.0,glasses_test_v2,422,0.8886255924170616,0.8886255924170616,0.8883491046649741,0.0,198,13,34,177
avg10_robust,linear,1.0,noglasses_highlight_v1,291,0.6701030927835051,0.6814416887542597,0.6527791587948693,0.0,130,9,87,65
avg10_robust,linear,1.0,noglasses_test_v2,402,1.0,1.0,1.0,0.0,211,0,0,191
avg12_contrast,linear,0.0003,glasses_highlight_v1,422,0.7606635071090048,0.7606635071090048,0.7484463068433322,0.0,207,4,97,114
avg12_contrast,linear,0.0003,glasses_highlight_v2,422,0.9620853080568721,0.9620853080568721,0.9620307263198147,0.0,195,16,0,211
avg12_contrast,linear,0.0003,glasses_test_v2,422,0.7796208530805687,0.7796208530805687,0.7683713518458406,0.0,118,93,0,211
avg12_contrast,linear,0.0003,noglasses_highlight_v1,291,0.6288659793814433,0.641352707307838,0.603941929630003,0.0,128,11,97,55
avg12_contrast,linear,0.0003,noglasses_test_v2,402,1.0,1.0,1.0,0.0,211,0,0,191
avg12_contrast,linear,0.001,glasses_highlight_v1,422,0.7132701421800948,0.7132701421800948,0.6902686538193243,0.0,208,3,118,93
avg12_contrast,linear,0.001,glasses_highlight_v2,422,0.9052132701421801,0.9052132701421801,0.9043539357675483,0.0,171,40,0,211
avg12_contrast,linear,0.001,glasses_test_v2,422,0.7772511848341233,0.7772511848341233,0.7656220457553413,0.0,117,94,0,211
avg12_contrast,linear,0.001,noglasses_highlight_v1,291,0.5532646048109966,0.5683689890193109,0.5048429319371728,0.0,126,13,117,35
avg12_contrast,linear,0.001,noglasses_test_v2,402,1.0,1.0,1.0,0.0,211,0,0,191
avg12_contrast,linear,0.003,glasses_highlight_v1,422,0.7322274881516587,0.7322274881516587,0.7138296276292495,0.0,208,3,110,101
avg12_contrast,linear,0.003,glasses_highlight_v2,422,0.8767772511848341,0.8767772511848342,0.8748774090546243,0.0,159,52,0,211
avg12_contrast,linear,0.003,glasses_test_v2,422,0.7748815165876777,0.7748815165876777,0.7628638522645941,0.0,116,95,0,211
avg12_contrast,linear,0.003,noglasses_highlight_v1,291,0.5326460481099656,0.5483244982961,0.4768954213809876,0.0,125,14,122,30
avg12_contrast,linear,0.003,noglasses_test_v2,402,1.0,1.0,1.0,0.0,211,0,0,191
avg12_contrast,linear,0.01,glasses_highlight_v1,422,0.7274881516587678,0.7274881516587678,0.710225406777131,0.0,205,6,109,102
avg12_contrast,linear,0.01,glasses_highlight_v2,422,0.8767772511848341,0.8767772511848342,0.8748774090546243,0.0,159,52,0,211
avg12_contrast,linear,0.01,glasses_test_v2,422,0.7725118483412322,0.7725118483412322,0.7600966435322264,0.0,115,96,0,211
avg12_contrast,linear,0.01,noglasses_highlight_v1,291,0.5670103092783505,0.5809115865202574,0.528666186754422,0.0,124,15,111,41
avg12_contrast,linear,0.01,noglasses_test_v2,402,1.0,1.0,1.0,0.0,211,0,0,191
avg12_contrast,linear,0.03,glasses_highlight_v1,422,0.6753554502369669,0.6753554502369669,0.649312442754111,0.0,200,11,126,85
avg12_contrast,linear,0.03,glasses_highlight_v2,422,0.8696682464454977,0.8696682464454977,0.8674161282767524,0.0,156,55,0,211
avg12_contrast,linear,0.03,glasses_test_v2,422,0.7701421800947867,0.7701421800947867,0.7573202904994812,0.0,114,97,0,211
avg12_contrast,linear,0.03,noglasses_highlight_v1,291,0.6769759450171822,0.6858670957970466,0.667549829849295,0.0,123,16,78,74
avg12_contrast,linear,0.03,noglasses_test_v2,402,1.0,1.0,1.0,0.0,211,0,0,191
avg12_contrast,linear,0.1,glasses_highlight_v1,422,0.6492890995260664,0.6492890995260663,0.6161467168178578,0.0,199,12,136,75
avg12_contrast,linear,0.1,glasses_highlight_v2,422,0.8459715639810427,0.8459715639810427,0.8422284724978286,0.0,146,65,0,211
avg12_contrast,linear,0.1,glasses_test_v2,422,0.7654028436018957,0.7654028436018958,0.7517396290772093,0.0,112,99,0,211
avg12_contrast,linear,0.1,noglasses_highlight_v1,291,0.7835051546391752,0.7878407800075728,0.7826736370425691,0.0,123,16,47,105
avg12_contrast,linear,0.1,noglasses_test_v2,402,1.0,1.0,1.0,0.0,211,0,0,191
avg12_contrast,linear,0.3,glasses_highlight_v1,422,0.6421800947867299,0.6421800947867299,0.6065450279398599,0.0,199,12,139,72
avg12_contrast,linear,0.3,glasses_highlight_v2,422,0.8175355450236966,0.8175355450236967,0.8112514884842148,0.0,134,77,0,211
avg12_contrast,linear,0.3,glasses_test_v2,422,0.7677725118483413,0.7677725118483412,0.7545346628679962,0.0,113,98,0,211
avg12_contrast,linear,0.3,noglasses_highlight_v1,291,0.7800687285223368,0.7820901173797803,0.780045351473923,0.0,115,24,40,112
avg12_contrast,linear,0.3,noglasses_test_v2,402,1.0,1.0,1.0,0.0,211,0,0,191
avg12_contrast,linear,1.0,glasses_highlight_v1,422,0.6398104265402843,0.6398104265402844,0.604557111856382,0.0,198,13,139,72
avg12_contrast,linear,1.0,glasses_highlight_v2,422,0.8151658767772512,0.8151658767772512,0.8086279069767441,0.0,133,78,0,211
avg12_contrast,linear,1.0,glasses_test_v2,422,0.7654028436018957,0.7654028436018958,0.7517396290772093,0.0,112,99,0,211
avg12_contrast,linear,1.0,noglasses_highlight_v1,291,0.7697594501718213,0.7716063990912534,0.769748573992938,0.0,113,26,41,111
avg12_contrast,linear,1.0,noglasses_test_v2,402,1.0,1.0,1.0,0.0,211,0,0,191
lr4,linear,0.0003,glasses_highlight_v1,422,0.6943127962085308,0.6943127962085308,0.6733099288864884,0.0,93,118,11,200
lr4,linear,0.0003,glasses_highlight_v2,422,1.0,1.0,1.0,0.0,211,0,0,211
lr4,linear,0.0003,glasses_test_v2,422,0.6421800947867299,0.6421800947867299,0.6101270779415454,0.0,196,15,136,75
lr4,linear,0.0003,noglasses_highlight_v1,291,0.38144329896907214,0.3817446043165468,0.38137755102040816,0.0,54,85,95,57
lr4,linear,0.0003,noglasses_test_v2,402,1.0,1.0,1.0,0.0,211,0,0,191
lr4,linear,0.001,glasses_highlight_v1,422,0.7440758293838863,0.7440758293838863,0.7387955342610211,0.0,127,84,24,187
lr4,linear,0.001,glasses_highlight_v2,422,1.0,1.0,1.0,0.0,211,0,0,211
lr4,linear,0.001,glasses_test_v2,422,0.7203791469194313,0.7203791469194313,0.7064261289942224,0.0,198,13,105,106
lr4,linear,0.001,noglasses_highlight_v1,291,0.44673539518900346,0.4491669822037107,0.4460812712074816,0.0,70,69,92,60
lr4,linear,0.001,noglasses_test_v2,402,1.0,1.0,1.0,0.0,211,0,0,191
lr4,linear,0.003,glasses_highlight_v1,422,0.7203791469194313,0.7203791469194313,0.7185521794176162,0.0,135,76,42,169
lr4,linear,0.003,glasses_highlight_v2,422,1.0,1.0,1.0,0.0,211,0,0,211
lr4,linear,0.003,glasses_test_v2,422,0.7203791469194313,0.7203791469194313,0.7115081572117168,0.0,189,22,96,115
lr4,linear,0.003,noglasses_highlight_v1,291,0.44329896907216493,0.4477234002271867,0.4397994105903603,0.0,76,63,99,53
lr4,linear,0.003,noglasses_test_v2,402,1.0,1.0,1.0,0.0,211,0,0,191
lr4,linear,0.01,glasses_highlight_v1,422,0.6729857819905213,0.6729857819905214,0.6729196621135873,0.0,139,72,66,145
lr4,linear,0.01,glasses_highlight_v2,422,1.0,1.0,1.0,0.0,211,0,0,211
lr4,linear,0.01,glasses_test_v2,422,0.7322274881516587,0.7322274881516588,0.7253031481321466,0.0,188,23,90,121
lr4,linear,0.01,noglasses_highlight_v1,291,0.42955326460481097,0.43702669443392655,0.4168195866331852,0.0,84,55,111,41
lr4,linear,0.01,noglasses_test_v2,402,1.0,1.0,1.0,0.0,211,0,0,191
lr4,linear,0.03,glasses_highlight_v1,422,0.6611374407582938,0.6611374407582938,0.6611355379233279,0.0,139,72,71,140
lr4,linear,0.03,glasses_highlight_v2,422,1.0,1.0,1.0,0.0,211,0,0,211
lr4,linear,0.03,glasses_test_v2,422,0.7393364928909952,0.7393364928909953,0.7335858585858586,0.0,187,24,86,125
lr4,linear,0.03,noglasses_highlight_v1,291,0.41237113402061853,0.42088697463082164,0.39449507793772287,0.0,85,54,117,35
lr4,linear,0.03,noglasses_test_v2,402,1.0,1.0,1.0,0.0,211,0,0,191
lr4,linear,0.1,glasses_highlight_v1,422,0.6563981042654028,0.6563981042654028,0.6563961748173603,0.0,139,72,73,138
lr4,linear,0.1,glasses_highlight_v2,422,1.0,1.0,1.0,0.0,211,0,0,211
lr4,linear,0.1,glasses_test_v2,422,0.7345971563981043,0.7345971563981042,0.7287419651056015,0.0,186,25,87,124
lr4,linear,0.1,noglasses_highlight_v1,291,0.41237113402061853,0.42088697463082164,0.39449507793772287,0.0,85,54,117,35
lr4,linear,0.1,noglasses_test_v2,402,1.0,1.0,1.0,0.0,211,0,0,191
lr4,linear,0.3,glasses_highlight_v1,422,0.6563981042654028,0.6563981042654028,0.6563961748173603,0.0,139,72,73,138
lr4,linear,0.3,glasses_highlight_v2,422,1.0,1.0,1.0,0.0,211,0,0,211
lr4,linear,0.3,glasses_test_v2,422,0.7369668246445498,0.7369668246445498,0.7313535555134978,0.0,186,25,86,125
lr4,linear,0.3,noglasses_highlight_v1,291,0.41237113402061853,0.42088697463082164,0.39449507793772287,0.0,85,54,117,35
lr4,linear,0.3,noglasses_test_v2,402,1.0,1.0,1.0,0.0,211,0,0,191
lr4,linear,1.0,glasses_highlight_v1,422,0.6563981042654028,0.6563981042654028,0.6563961748173603,0.0,139,72,73,138
lr4,linear,1.0,glasses_highlight_v2,422,1.0,1.0,1.0,0.0,211,0,0,211
lr4,linear,1.0,glasses_test_v2,422,0.7369668246445498,0.7369668246445498,0.7313535555134978,0.0,186,25,86,125
lr4,linear,1.0,noglasses_highlight_v1,291,0.41237113402061853,0.42088697463082164,0.39449507793772287,0.0,85,54,117,35
lr4,linear,1.0,noglasses_test_v2,402,1.0,1.0,1.0,0.0,211,0,0,191
lr4,poly2_linear,0.0003,glasses_highlight_v1,422,0.6658767772511849,0.6658767772511849,0.6650473139949225,0.0,130,81,60,151
lr4,poly2_linear,0.0003,glasses_highlight_v2,422,0.9928909952606635,0.9928909952606635,0.992890635967991,0.0,211,0,3,208
lr4,poly2_linear,0.0003,glasses_test_v2,422,0.8270142180094787,0.8270142180094786,0.8256741080270492,0.0,193,18,55,156
lr4,poly2_linear,0.0003,noglasses_highlight_v1,291,0.40893470790378006,0.41790514956455893,0.38865546218487396,0.0,86,53,119,33
lr4,poly2_linear,0.0003,noglasses_test_v2,402,1.0,1.0,1.0,0.0,211,0,0,191
lr4,poly2_linear,0.001,glasses_highlight_v1,422,0.6137440758293838,0.613744075829384,0.6135683106464498,0.0,125,86,77,134
lr4,poly2_linear,0.001,glasses_highlight_v2,422,0.990521327014218,0.990521327014218,0.9905204753240335,0.0,211,0,4,207
lr4,poly2_linear,0.001,glasses_test_v2,422,0.8483412322274881,0.8483412322274881,0.8479279279279279,0.0,190,21,43,168
lr4,poly2_linear,0.001,noglasses_highlight_v1,291,0.40893470790378006,0.41882809541840216,0.3835960591133005,0.0,89,50,122,30
lr4,poly2_linear,0.001,noglasses_test_v2,402,1.0,1.0,1.0,0.0,211,0,0,191
lr4,poly2_linear,0.003,glasses_highlight_v1,422,0.5687203791469194,0.5687203791469195,0.5687106918238993,0.0,119,92,90,121
lr4,poly2_linear,0.003,glasses_highlight_v2,422,0.990521327014218,0.990521327014218,0.9905204753240335,0.0,211,0,4,207
lr4,poly2_linear,0.003,glasses_test_v2,422,0.8364928909952607,0.8364928909952607,0.8360869834443236,0.0,187,24,45,166
lr4,poly2_linear,0.003,noglasses_highlight_v1,291,0.436426116838488,0.44606683074592957,0.41394046566460363,0.0,92,47,117,35
lr4,poly2_linear,0.003,noglasses_test_v2,402,1.0,1.0,1.0,0.0,211,0,0,191
lr4,poly2_linear,0.01,glasses_highlight_v1,422,0.5379146919431279,0.5379146919431279,0.5378913379194159,0.0,115,96,99,112
lr4,poly2_linear,0.01,glasses_highlight_v2,422,0.9928909952606635,0.9928909952606635,0.992890635967991,0.0,211,0,3,208
lr4,poly2_linear,0.01,glasses_test_v2,422,0.8364928909952607,0.8364928909952607,0.835605765485002,0.0,192,19,50,161
lr4,poly2_linear,0.01,noglasses_highlight_v1,291,0.5395189003436426,0.5462892843619841,0.531952179758018,0.0,97,42,92,60
lr4,poly2_linear,0.01,noglasses_test_v2,402,1.0,1.0,1.0,0.0,211,0,0,191
lr8_shape,linear,0.0003,glasses_highlight_v1,422,0.6327014218009479,0.6327014218009479,0.6326993592875232,0.0,133,78,77,134
lr8_shape,linear,0.0003,glasses_highlight_v2,422,0.995260663507109,0.9952606635071091,0.9952605570530099,0.0,209,2,0,211
lr8_shape,linear,0.0003,glasses_test_v2,422,0.8744075829383886,0.8744075829383886,0.8744012354345079,0.0,183,28,25,186
lr8_shape,linear,0.0003,noglasses_highlight_v1,291,0.5532646048109966,0.5603701249526695,0.5450937950937951,0.0,100,39,91,61
lr8_shape,linear,0.0003,noglasses_test_v2,402,1.0,1.0,1.0,0.0,211,0,0,191
lr8_shape,linear,0.001,glasses_highlight_v1,422,0.6137440758293838,0.613744075829384,0.6110687044481762,0.0,147,64,99,112
lr8_shape,linear,0.001,glasses_highlight_v2,422,0.995260663507109,0.9952606635071091,0.9952605570530099,0.0,209,2,0,211
lr8_shape,linear,0.001,glasses_test_v2,422,0.8838862559241706,0.8838862559241706,0.8838803874771866,0.0,185,26,23,188
lr8_shape,linear,0.001,noglasses_highlight_v1,291,0.5601374570446735,0.5678720181749337,0.5503187174039019,0.0,103,36,92,60
lr8_shape,linear,0.001,noglasses_test_v2,402,1.0,1.0,1.0,0.0,211,0,0,191
lr8_shape,linear,0.003,glasses_highlight_v1,422,0.5995260663507109,0.5995260663507109,0.5953244247737397,0.0,148,63,106,105
lr8_shape,linear,0.003,glasses_highlight_v2,422,0.9976303317535545,0.9976303317535544,0.9976303184470163,0.0,210,1,0,211
lr8_shape,linear,0.003,glasses_test_v2,422,0.8838862559241706,0.8838862559241706,0.8838803874771866,0.0,185,26,23,188
lr8_shape,linear,0.003,noglasses_highlight_v1,291,0.563573883161512,0.5717767890950397,0.5523890268273481,0.0,105,34,93,59
lr8_shape,linear,0.003,noglasses_test_v2,402,1.0,1.0,1.0,0.0,211,0,0,191
lr8_shape,linear,0.01,glasses_highlight_v1,422,0.5924170616113744,0.5924170616113744,0.5870747525315736,0.0,149,62,110,101
lr8_shape,linear,0.01,glasses_highlight_v2,422,0.9976303317535545,0.9976303317535544,0.9976303184470163,0.0,210,1,0,211
lr8_shape,linear,0.01,glasses_test_v2,422,0.8791469194312796,0.8791469194312796,0.8791408114558472,0.0,184,27,24,187
lr8_shape,linear,0.01,noglasses_highlight_v1,291,0.5738831615120275,0.5825681560015146,0.5614487117160913,0.0,108,31,93,59
lr8_shape,linear,0.01,noglasses_test_v2,402,1.0,1.0,1.0,0.0,211,0,0,191
lr8_shape,linear,0.03,glasses_highlight_v1,422,0.5876777251184834,0.5876777251184834,0.5818069983597594,0.0,149,62,112,99
lr8_shape,linear,0.03,glasses_highlight_v2,422,0.995260663507109,0.9952606635071091,0.9952605570530099,0.0,209,2,0,211
lr8_shape,linear,0.03,glasses_test_v2,422,0.8838862559241706,0.8838862559241707,0.8838856039037977,0.0,186,25,24,187
lr8_shape,linear,0.03,noglasses_highlight_v1,291,0.5738831615120275,0.5825681560015146,0.5614487117160913,0.0,108,31,93,59
lr8_shape,linear,0.03,noglasses_test_v2,402,1.0,1.0,1.0,0.0,211,0,0,191
lr8_shape,linear,0.1,glasses_highlight_v1,422,0.5829383886255924,0.5829383886255923,0.5765081537233436,0.0,149,62,114,97
lr8_shape,linear,0.1,glasses_highlight_v2,422,0.995260663507109,0.9952606635071091,0.9952605570530099,0.0,209,2,0,211
lr8_shape,linear,0.1,glasses_test_v2,422,0.8838862559241706,0.8838862559241707,0.8838856039037977,0.0,186,25,24,187
lr8_shape,linear,0.1,noglasses_highlight_v1,291,0.5773195876288659,0.5861652783036728,0.5644613718499409,0.0,109,30,93,59
lr8_shape,linear,0.1,noglasses_test_v2,402,1.0,1.0,1.0,0.0,211,0,0,191
lr8_shape,linear,0.3,glasses_highlight_v1,422,0.5853080568720379,0.5853080568720379,0.5800995024875621,0.0,147,64,111,100
lr8_shape,linear,0.3,glasses_highlight_v2,422,0.995260663507109,0.9952606635071091,0.9952605570530099,0.0,209,2,0,211
lr8_shape,linear,0.3,glasses_test_v2,422,0.8838862559241706,0.8838862559241707,0.8838856039037977,0.0,186,25,24,187
lr8_shape,linear,0.3,noglasses_highlight_v1,291,0.5773195876288659,0.5861652783036728,0.5644613718499409,0.0,109,30,93,59
lr8_shape,linear,0.3,noglasses_test_v2,402,1.0,1.0,1.0,0.0,211,0,0,191
lr8_shape,linear,1.0,glasses_highlight_v1,422,0.5781990521327014,0.5781990521327014,0.5726703834338378,0.0,146,65,113,98
lr8_shape,linear,1.0,glasses_highlight_v2,422,0.995260663507109,0.9952606635071091,0.9952605570530099,0.0,209,2,0,211
lr8_shape,linear,1.0,glasses_test_v2,422,0.8838862559241706,0.8838862559241707,0.8838856039037977,0.0,186,25,24,187
lr8_shape,linear,1.0,noglasses_highlight_v1,291,0.5807560137457045,0.5897624006058311,0.5674707602339181,0.0,110,29,93,59
lr8_shape,linear,1.0,noglasses_test_v2,402,1.0,1.0,1.0,0.0,211,0,0,191
lr8_shape,poly2_linear,0.0003,glasses_highlight_v1,422,0.6042654028436019,0.6042654028436019,0.6021183019709467,0.0,143,68,99,112
lr8_shape,poly2_linear,0.0003,glasses_highlight_v2,422,0.995260663507109,0.9952606635071091,0.9952605570530099,0.0,209,2,0,211
lr8_shape,poly2_linear,0.0003,glasses_test_v2,422,0.9502369668246445,0.9502369668246445,0.950203132111731,0.0,195,16,5,206
lr8_shape,poly2_linear,0.0003,noglasses_highlight_v1,291,0.46735395189003437,0.482132714880727,0.41101578720570375,0.0,113,26,129,23
lr8_shape,poly2_linear,0.0003,noglasses_test_v2,402,1.0,1.0,1.0,0.0,211,0,0,191
lr8_shape,poly2_linear,0.001,glasses_highlight_v1,422,0.5995260663507109,0.5995260663507109,0.5973532516951496,0.0,142,69,100,111
lr8_shape,poly2_linear,0.001,glasses_highlight_v2,422,0.995260663507109,0.9952606635071091,0.9952605570530099,0.0,209,2,0,211
lr8_shape,poly2_linear,0.001,glasses_test_v2,422,0.966824644549763,0.966824644549763,0.9668238993710692,0.0,205,6,8,203
lr8_shape,poly2_linear,0.001,noglasses_highlight_v1,291,0.5017182130584192,0.5171809920484665,0.44366800711978377,0.0,120,19,126,26
lr8_shape,poly2_linear,0.001,noglasses_test_v2,402,1.0,1.0,1.0,0.0,211,0,0,191
lr8_shape,poly2_linear,0.003,glasses_highlight_v1,422,0.5995260663507109,0.5995260663507109,0.5973532516951496,0.0,142,69,100,111
lr8_shape,poly2_linear,0.003,glasses_highlight_v2,422,0.9976303317535545,0.9976303317535544,0.9976303184470163,0.0,210,1,0,211
lr8_shape,poly2_linear,0.003,glasses_test_v2,422,0.9478672985781991,0.9478672985781991,0.9478251095875014,0.0,206,5,17,194
lr8_shape,poly2_linear,0.003,noglasses_highlight_v1,291,0.5773195876288659,0.5907800075728891,0.5427626116171229,0.0,124,15,108,44
lr8_shape,poly2_linear,0.003,noglasses_test_v2,402,1.0,1.0,1.0,0.0,211,0,0,191
lr8_shape,poly2_linear,0.01,glasses_highlight_v1,422,0.590047393364929,0.590047393364929,0.588102209960337,0.0,139,72,101,110
lr8_shape,poly2_linear,0.01,glasses_highlight_v2,422,1.0,1.0,1.0,0.0,211,0,0,211
lr8_shape,poly2_linear,0.01,glasses_test_v2,422,0.9170616113744076,0.9170616113744076,0.9168557162398743,0.0,204,7,28,183
lr8_shape,poly2_linear,0.01,noglasses_highlight_v1,291,0.6254295532646048,0.6368326391518364,0.6051167133520075,0.0,124,15,94,58
lr8_shape,poly2_linear,0.01,noglasses_test_v2,402,1.0,1.0,1.0,0.0,211,0,0,191
lr12_shape,linear,0.0003,glasses_highlight_v1,422,0.6137440758293838,0.613744075829384,0.6133771744934379,0.0,136,75,88,123
lr12_shape,linear,0.0003,glasses_highlight_v2,422,0.976303317535545,0.976303317535545,0.9762900035958288,0.0,201,10,0,211
lr12_shape,linear,0.0003,glasses_test_v2,422,0.8199052132701422,0.8199052132701422,0.8161894500355333,0.0,203,8,68,143
lr12_shape,linear,0.0003,noglasses_highlight_v1,291,0.6666666666666666,0.6787675123059447,0.6461939559544252,0.0,132,7,90,62
lr12_shape,linear,0.0003,noglasses_test_v2,402,1.0,1.0,1.0,0.0,211,0,0,191
lr12_shape,linear,0.001,glasses_highlight_v1,422,0.5829383886255924,0.5829383886255924,0.5787658802177859,0.0,144,67,109,102
lr12_shape,linear,0.001,glasses_highlight_v2,422,0.985781990521327,0.985781990521327,0.9857791157440691,0.0,205,6,0,211
lr12_shape,linear,0.001,glasses_test_v2,422,0.8127962085308057,0.8127962085308057,0.807342683610432,0.0,207,4,75,136
lr12_shape,linear,0.001,noglasses_highlight_v1,291,0.7250859106529209,0.7368421052631579,0.7096967278531525,0.0,139,0,80,72
lr12_shape,linear,0.001,noglasses_test_v2,402,1.0,1.0,1.0,0.0,211,0,0,191
lr12_shape,linear,0.003,glasses_highlight_v1,422,0.5853080568720379,0.5853080568720379,0.5813563261395781,0.0,144,67,108,103
lr12_shape,linear,0.003,glasses_highlight_v2,422,0.981042654028436,0.981042654028436,0.9810358386698124,0.0,203,8,0,211
lr12_shape,linear,0.003,glasses_test_v2,422,0.7890995260663507,0.7890995260663507,0.7814400353811328,0.0,206,5,84,127
lr12_shape,linear,0.003,noglasses_highlight_v1,291,0.7457044673539519,0.756578947368421,0.7340167984189723,0.0,139,0,74,78
lr12_shape,linear,0.003,noglasses_test_v2,402,1.0,1.0,1.0,0.0,211,0,0,191
lr12_shape,linear,0.01,glasses_highlight_v1,422,0.5876777251184834,0.5876777251184835,0.5849837221920782,0.0,141,70,104,107
lr12_shape,linear,0.01,glasses_highlight_v2,422,0.9691943127962085,0.9691943127962086,0.9691650507264705,0.0,198,13,0,211
lr12_shape,linear,0.01,glasses_test_v2,422,0.7654028436018957,0.7654028436018957,0.754482466811234,0.0,206,5,94,117
lr12_shape,linear,0.01,noglasses_highlight_v1,291,0.7422680412371134,0.7508282847406286,0.7356628111185126,0.0,131,8,67,85
lr12_shape,linear,0.01,noglasses_test_v2,402,1.0,1.0,1.0,0.0,211,0,0,191
lr12_shape,linear,0.03,glasses_highlight_v1,422,0.5924170616113744,0.5924170616113744,0.5900598667118491,0.0,141,70,102,109
lr12_shape,linear,0.03,glasses_highlight_v2,422,0.95260663507109,0.95260663507109,0.9524999437203125,0.0,191,20,0,211
lr12_shape,linear,0.03,glasses_test_v2,422,0.7630331753554502,0.7630331753554502,0.7506617508035545,0.0,208,3,97,114
lr12_shape,linear,0.03,noglasses_highlight_v1,291,0.7010309278350515,0.7079704657326771,0.6963842417701025,0.0,120,19,68,84
lr12_shape,linear,0.03,noglasses_test_v2,402,1.0,1.0,1.0,0.0,211,0,0,191
lr12_shape,linear,0.1,glasses_highlight_v1,422,0.5876777251184834,0.5876777251184834,0.5846550670860013,0.0,142,69,105,106
lr12_shape,linear,0.1,glasses_highlight_v2,422,0.933649289099526,0.933649289099526,0.933355893965031,0.0,183,28,0,211
lr12_shape,linear,0.1,glasses_test_v2,422,0.7654028436018957,0.7654028436018958,0.7539619441352626,0.0,207,4,95,116
lr12_shape,linear,0.1,noglasses_highlight_v1,291,0.6872852233676976,0.6945049223778872,0.6818602304263729,0.0,119,20,71,81
lr12_shape,linear,0.1,noglasses_test_v2,402,1.0,1.0,1.0,0.0,211,0,0,191
lr12_shape,linear,0.3,glasses_highlight_v1,422,0.590047393364929,0.5900473933649288,0.5875250713296987,0.0,141,70,103,108
lr12_shape,linear,0.3,glasses_highlight_v2,422,0.919431279620853,0.919431279620853,0.9189048652559233,0.0,177,34,0,211
lr12_shape,linear,0.3,glasses_test_v2,422,0.7654028436018957,0.7654028436018958,0.7539619441352626,0.0,207,4,95,116
lr12_shape,linear,0.3,noglasses_highlight_v1,291,0.6838487972508591,0.6909078000757289,0.6786537353562512,0.0,118,21,71,81
lr12_shape,linear,0.3,noglasses_test_v2,402,1.0,1.0,1.0,0.0,211,0,0,191
lr12_shape,linear,1.0,glasses_highlight_v1,422,0.5971563981042654,0.5971563981042654,0.5965764671480307,0.0,134,77,93,118
lr12_shape,linear,1.0,glasses_highlight_v2,422,0.8886255924170616,0.8886255924170616,0.887226723525231,0.0,164,47,0,211
lr12_shape,linear,1.0,glasses_test_v2,422,0.7677725118483413,0.7677725118483412,0.7567065135542168,0.0,207,4,94,117
lr12_shape,linear,1.0,noglasses_highlight_v1,291,0.6838487972508591,0.6909078000757289,0.6786537353562512,0.0,118,21,71,81
lr12_shape,linear,1.0,noglasses_test_v2,402,1.0,1.0,1.0,0.0,211,0,0,191
lr20_rich,linear,0.0003,glasses_highlight_v1,422,0.6303317535545023,0.6303317535545023,0.6293243243243243,0.0,122,89,67,144
lr20_rich,linear,0.0003,glasses_highlight_v2,422,0.9620853080568721,0.9620853080568721,0.9620307263198147,0.0,195,16,0,211
lr20_rich,linear,0.0003,glasses_test_v2,422,0.8412322274881516,0.8412322274881516,0.8384887380825893,0.0,205,6,61,150
lr20_rich,linear,0.0003,noglasses_highlight_v1,291,0.7010309278350515,0.7138157894736842,0.6803610883151316,0.0,139,0,87,65
lr20_rich,linear,0.0003,noglasses_test_v2,402,1.0,1.0,1.0,0.0,211,0,0,191
lr20_rich,linear,0.001,glasses_highlight_v1,422,0.6279620853080569,0.6279620853080569,0.6276086895427592,0.0,139,72,85,126
lr20_rich,linear,0.001,glasses_highlight_v2,422,0.9691943127962085,0.9691943127962086,0.9691650507264705,0.0,198,13,0,211
lr20_rich,linear,0.001,glasses_test_v2,422,0.8388625592417062,0.8388625592417062,0.8348222508749309,0.0,210,1,67,144
lr20_rich,linear,0.001,noglasses_highlight_v1,291,0.7216494845360825,0.7335526315789473,0.7055722797506776,0.0,139,0,81,71
lr20_rich,linear,0.001,noglasses_test_v2,402,1.0,1.0,1.0,0.0,211,0,0,191
lr20_rich,linear,0.003,glasses_highlight_v1,422,0.6161137440758294,0.6161137440758293,0.6155611039881234,0.0,138,73,89,122
lr20_rich,linear,0.003,glasses_highlight_v2,422,0.9691943127962085,0.9691943127962086,0.9691650507264705,0.0,198,13,0,211
lr20_rich,linear,0.003,glasses_test_v2,422,0.8127962085308057,0.8127962085308057,0.8082469127281302,0.0,204,7,72,139
lr20_rich,linear,0.003,noglasses_highlight_v1,291,0.7353951890034365,0.7467105263157895,0.721945771545573,0.0,139,0,77,75
lr20_rich,linear,0.003,noglasses_test_v2,402,1.0,1.0,1.0,0.0,211,0,0,191
lr20_rich,linear,0.01,glasses_highlight_v1,422,0.5924170616113744,0.5924170616113744,0.5914995159946872,0.0,135,76,96,115
lr20_rich,linear,0.01,glasses_highlight_v2,422,0.9691943127962085,0.9691943127962086,0.9691650507264705,0.0,198,13,0,211
lr20_rich,linear,0.01,glasses_test_v2,422,0.7938388625592417,0.7938388625592416,0.7888288785740168,0.0,200,11,76,135
lr20_rich,linear,0.01,noglasses_highlight_v1,291,0.718213058419244,0.7287249148049981,0.7061330049261083,0.0,134,5,77,75
lr20_rich,linear,0.01,noglasses_test_v2,402,1.0,1.0,1.0,0.0,211,0,0,191
lr20_rich,linear,0.03,glasses_highlight_v1,422,0.5734597156398105,0.5734597156398105,0.5720756247605742,0.0,133,78,102,109
lr20_rich,linear,0.03,glasses_highlight_v2,422,0.9691943127962085,0.9691943127962086,0.9691650507264705,0.0,198,13,0,211
lr20_rich,linear,0.03,glasses_test_v2,422,0.7819905213270142,0.7819905213270142,0.7768581741269514,0.0,197,14,78,133
lr20_rich,linear,0.03,noglasses_highlight_v1,291,0.697594501718213,0.7062192351382053,0.6894946163546416,0.0,125,14,74,78
lr20_rich,linear,0.03,noglasses_test_v2,402,1.0,1.0,1.0,0.0,211,0,0,191
lr20_rich,linear,0.1,glasses_highlight_v1,422,0.566350710900474,0.566350710900474,0.5648234240021639,0.0,132,79,104,107
lr20_rich,linear,0.1,glasses_highlight_v2,422,0.9739336492890995,0.9739336492890995,0.9739159263442401,0.0,200,11,0,211
lr20_rich,linear,0.1,glasses_test_v2,422,0.7748815165876777,0.7748815165876777,0.7697498779542257,0.0,195,16,79,132
lr20_rich,linear,0.1,noglasses_highlight_v1,291,0.6907216494845361,0.6977943960620977,0.6856395237180718,0.0,119,20,70,82
lr20_rich,linear,0.1,noglasses_test_v2,402,1.0,1.0,1.0,0.0,211,0,0,191
lr20_rich,linear,0.3,glasses_highlight_v1,422,0.5734597156398105,0.5734597156398105,0.5722972972972973,0.0,132,79,101,110
lr20_rich,linear,0.3,glasses_highlight_v2,422,0.9739336492890995,0.9739336492890995,0.9739159263442401,0.0,200,11,0,211
lr20_rich,linear,0.3,glasses_test_v2,422,0.7748815165876777,0.7748815165876777,0.7700773673313719,0.0,194,17,78,133
lr20_rich,linear,0.3,noglasses_highlight_v1,291,0.6907216494845361,0.6971790988262022,0.6866925064599483,0.0,117,22,68,84
lr20_rich,linear,0.3,noglasses_test_v2,402,1.0,1.0,1.0,0.0,211,0,0,191
lr20_rich,linear,1.0,glasses_highlight_v1,422,0.5710900473933649,0.5710900473933649,0.5702188236750448,0.0,130,81,100,111
lr20_rich,linear,1.0,glasses_highlight_v2,422,0.9786729857819905,0.9786729857819905,0.978663280955939,0.0,202,9,0,211
lr20_rich,linear,1.0,glasses_test_v2,422,0.7843601895734598,0.7843601895734598,0.7806339576942631,0.0,193,18,73,138
lr20_rich,linear,1.0,noglasses_highlight_v1,291,0.6838487972508591,0.6906001514577811,0.6792082055214723,0.0,117,22,70,82
lr20_rich,linear,1.0,noglasses_test_v2,402,1.0,1.0,1.0,0.0,211,0,0,191
avg_diff8,linear,0.0003,glasses_highlight_v1,422,0.5781990521327014,0.5781990521327014,0.5133965588723052,0.0,45,166,12,199
avg_diff8,linear,0.0003,glasses_highlight_v2,422,1.0,1.0,1.0,0.0,211,0,0,211
avg_diff8,linear,0.0003,glasses_test_v2,422,0.9383886255924171,0.9383886255924171,0.9383207411404929,0.0,205,6,20,191
avg_diff8,linear,0.0003,noglasses_highlight_v1,291,0.6391752577319587,0.6478369935630444,0.6290833606467825,0.0,117,22,83,69
avg_diff8,linear,0.0003,noglasses_test_v2,402,1.0,1.0,1.0,0.0,211,0,0,191
avg_diff8,linear,0.001,glasses_highlight_v1,422,0.6018957345971564,0.6018957345971564,0.5642746515229736,0.0,65,146,22,189
avg_diff8,linear,0.001,glasses_highlight_v2,422,1.0,1.0,1.0,0.0,211,0,0,211
avg_diff8,linear,0.001,glasses_test_v2,422,0.9265402843601895,0.9265402843601895,0.9263579200981744,0.0,206,5,26,185
avg_diff8,linear,0.001,noglasses_highlight_v1,291,0.6426116838487973,0.6523570617190458,0.6293719996081121,0.0,121,18,86,66
avg_diff8,linear,0.001,noglasses_test_v2,402,1.0,1.0,1.0,0.0,211,0,0,191
avg_diff8,linear,0.003,glasses_highlight_v1,422,0.6042654028436019,0.6042654028436019,0.583139613980918,0.0,80,131,36,175
avg_diff8,linear,0.003,glasses_highlight_v2,422,1.0,1.0,1.0,0.0,211,0,0,211
avg_diff8,linear,0.003,glasses_test_v2,422,0.909952606635071,0.9099526066350712,0.9096094877344878,0.0,205,6,32,179
avg_diff8,linear,0.003,noglasses_highlight_v1,291,0.6219931271477663,0.6326202196137827,0.6046195652173914,0.0,121,18,92,60
avg_diff8,linear,0.003,noglasses_test_v2,402,1.0,1.0,1.0,0.0,211,0,0,191
avg_diff8,linear,0.01,glasses_highlight_v1,422,0.5829383886255924,0.5829383886255924,0.5704337767495662,0.0,87,124,52,159
avg_diff8,linear,0.01,glasses_highlight_v2,422,1.0,1.0,1.0,0.0,211,0,0,211
avg_diff8,linear,0.01,glasses_test_v2,422,0.9004739336492891,0.9004739336492891,0.900094696969697,0.0,203,8,34,177
avg_diff8,linear,0.01,noglasses_highlight_v1,291,0.6116838487972509,0.622751798561151,0.5919463920084382,0.0,121,18,95,57
avg_diff8,linear,0.01,noglasses_test_v2,402,1.0,1.0,1.0,0.0,211,0,0,191
avg_diff8,linear,0.03,glasses_highlight_v1,422,0.5829383886255924,0.5829383886255924,0.5737373737373737,0.0,92,119,57,154
avg_diff8,linear,0.03,glasses_highlight_v2,422,0.9976303317535545,0.9976303317535544,0.9976303184470163,0.0,211,0,1,210
avg_diff8,linear,0.03,glasses_test_v2,422,0.8886255924170616,0.8886255924170616,0.8882333384049272,0.0,200,11,36,175
avg_diff8,linear,0.03,noglasses_highlight_v1,291,0.6116838487972509,0.622751798561151,0.5919463920084382,0.0,121,18,95,57
avg_diff8,linear,0.03,noglasses_test_v2,402,1.0,1.0,1.0,0.0,211,0,0,191
avg_diff8,linear,0.1,glasses_highlight_v1,422,0.5710900473933649,0.5710900473933649,0.5636785312380398,0.0,93,118,63,148
avg_diff8,linear,0.1,glasses_highlight_v2,422,0.9976303317535545,0.9976303317535544,0.9976303184470163,0.0,211,0,1,210
avg_diff8,linear,0.1,glasses_test_v2,422,0.8862559241706162,0.886255924170616,0.8858225108225108,0.0,200,11,37,174
avg_diff8,linear,0.1,noglasses_highlight_v1,291,0.6116838487972509,0.6230594471790988,0.59062558356676,0.0,122,17,96,56
avg_diff8,linear,0.1,noglasses_test_v2,402,1.0,1.0,1.0,0.0,211,0,0,191
avg_diff8,linear,0.3,glasses_highlight_v1,422,0.5710900473933649,0.5710900473933649,0.5642162316360005,0.0,94,117,64,147
avg_diff8,linear,0.3,glasses_highlight_v2,422,0.9976303317535545,0.9976303317535544,0.9976303184470163,0.0,211,0,1,210
avg_diff8,linear,0.3,glasses_test_v2,422,0.8838862559241706,0.8838862559241707,0.8834089819852837,0.0,200,11,38,173
avg_diff8,linear,0.3,noglasses_highlight_v1,291,0.6082474226804123,0.6197699734948883,0.5863178371907422,0.0,122,17,97,55
avg_diff8,linear,0.3,noglasses_test_v2,402,1.0,1.0,1.0,0.0,211,0,0,191
avg_diff8,linear,1.0,glasses_highlight_v1,422,0.5758293838862559,0.5758293838862559,0.5695423488315108,0.0,96,115,64,147
avg_diff8,linear,1.0,glasses_highlight_v2,422,0.9976303317535545,0.9976303317535544,0.9976303184470163,0.0,211,0,1,210
avg_diff8,linear,1.0,glasses_test_v2,422,0.8838862559241706,0.8838862559241707,0.8834089819852837,0.0,200,11,38,173
avg_diff8,linear,1.0,noglasses_highlight_v1,291,0.6082474226804123,0.6197699734948883,0.5863178371907422,0.0,122,17,97,55
avg_diff8,linear,1.0,noglasses_test_v2,402,1.0,1.0,1.0,0.0,211,0,0,191
avg_diff8,poly2_linear,0.0003,glasses_highlight_v1,422,0.5616113744075829,0.5616113744075829,0.5502750655260809,0.0,85,126,59,152
avg_diff8,poly2_linear,0.0003,glasses_highlight_v2,422,1.0,1.0,1.0,0.0,211,0,0,211
avg_diff8,poly2_linear,0.0003,glasses_test_v2,422,0.9241706161137441,0.9241706161137441,0.9240870660190681,0.0,202,9,23,188
avg_diff8,poly2_linear,0.0003,noglasses_highlight_v1,291,0.4536082474226804,0.4658983339644074,0.41583233381730955,0.0,103,36,123,29
avg_diff8,poly2_linear,0.0003,noglasses_test_v2,402,1.0,1.0,1.0,0.0,211,0,0,191
avg_diff8,poly2_linear,0.001,glasses_highlight_v1,422,0.556872037914692,0.556872037914692,0.5497703608615034,0.0,91,120,67,144
avg_diff8,poly2_linear,0.001,glasses_highlight_v2,422,1.0,1.0,1.0,0.0,211,0,0,211
avg_diff8,poly2_linear,0.001,glasses_test_v2,422,0.9146919431279621,0.9146919431279621,0.9146229065977296,0.0,199,12,24,187
avg_diff8,poly2_linear,0.001,noglasses_highlight_v1,291,0.46735395189003437,0.479671525937145,0.43052837573385516,0.0,105,34,121,31
avg_diff8,poly2_linear,0.001,noglasses_test_v2,402,1.0,1.0,1.0,0.0,211,0,0,191
avg_diff8,poly2_linear,0.003,glasses_highlight_v1,422,0.5592417061611374,0.5592417061611374,0.5529661016949152,0.0,93,118,68,143
avg_diff8,poly2_linear,0.003,glasses_highlight_v2,422,1.0,1.0,1.0,0.0,211,0,0,211
avg_diff8,poly2_linear,0.003,glasses_test_v2,422,0.9075829383886256,0.9075829383886256,0.9074660264591614,0.0,199,12,27,184
avg_diff8,poly2_linear,0.003,noglasses_highlight_v1,291,0.4845360824742268,0.49734948882998864,0.4457283624542868,0.0,109,30,120,32
avg_diff8,poly2_linear,0.003,noglasses_test_v2,402,1.0,1.0,1.0,0.0,211,0,0,191
avg_diff8,poly2_linear,0.01,glasses_highlight_v1,422,0.5521327014218009,0.5521327014218009,0.5465074626865671,0.0,93,118,71,140
avg_diff8,poly2_linear,0.01,glasses_highlight_v2,422,0.9976303317535545,0.9976303317535544,0.9976303184470163,0.0,210,1,0,211
avg_diff8,poly2_linear,0.01,glasses_test_v2,422,0.9146919431279621,0.9146919431279621,0.914569134219583,0.0,201,10,26,185
avg_diff8,poly2_linear,0.01,noglasses_highlight_v1,291,0.4742268041237113,0.4868657705414616,0.43573918002661427,0.0,107,32,121,31
avg_diff8,poly2_linear,0.01,noglasses_test_v2,402,1.0,1.0,1.0,0.0,211,0,0,191
avg_abslight14,linear,0.0003,glasses_highlight_v1,422,0.4881516587677725,0.4881516587677725,0.3711920529801324,0.0,12,199,17,194
avg_abslight14,linear,0.0003,glasses_highlight_v2,422,1.0,1.0,1.0,0.0,211,0,0,211
avg_abslight14,linear,0.0003,glasses_test_v2,422,0.8033175355450237,0.8033175355450237,0.7954029031221705,0.0,128,83,0,211
avg_abslight14,linear,0.0003,noglasses_highlight_v1,291,0.8487972508591065,0.8552631578947368,0.8470616340181558,0.0,139,0,44,108
avg_abslight14,linear,0.0003,noglasses_test_v2,402,1.0,1.0,1.0,0.0,211,0,0,191
avg_abslight14,linear,0.001,glasses_highlight_v1,422,0.47393364928909953,0.47393364928909953,0.3631617587078881,0.0,12,199,23,188
avg_abslight14,linear,0.001,glasses_highlight_v2,422,1.0,1.0,1.0,0.0,211,0,0,211
avg_abslight14,linear,0.001,glasses_test_v2,422,0.7606635071090048,0.7606635071090048,0.7461208103262391,0.0,110,101,0,211
avg_abslight14,linear,0.001,noglasses_highlight_v1,291,0.8487972508591065,0.8552631578947368,0.8470616340181558,0.0,139,0,44,108
avg_abslight14,linear,0.001,noglasses_test_v2,402,1.0,1.0,1.0,0.0,211,0,0,191
avg_abslight14,linear,0.003,glasses_highlight_v1,422,0.45260663507109006,0.45260663507109006,0.34804678878834694,0.0,11,200,31,180
avg_abslight14,linear,0.003,glasses_highlight_v2,422,1.0,1.0,1.0,0.0,211,0,0,211
avg_abslight14,linear,0.003,glasses_test_v2,422,0.7227488151658767,0.7227488151658767,0.6996623984914383,0.0,94,117,0,211
avg_abslight14,linear,0.003,noglasses_highlight_v1,291,0.845360824742268,0.8519736842105263,0.8434679704029548,0.0,139,0,45,107
avg_abslight14,linear,0.003,noglasses_test_v2,402,1.0,1.0,1.0,0.0,211,0,0,191
avg_abslight14,linear,0.01,glasses_highlight_v1,422,0.42890995260663506,0.42890995260663506,0.36162947619495966,0.0,22,189,52,159
avg_abslight14,linear,0.01,glasses_highlight_v2,422,1.0,1.0,1.0,0.0,211,0,0,211
avg_abslight14,linear,0.01,glasses_test_v2,422,0.7014218009478673,0.7014218009478673,0.6721986585125271,0.0,85,126,0,211
avg_abslight14,linear,0.01,noglasses_highlight_v1,291,0.8487972508591065,0.8552631578947368,0.8470616340181558,0.0,139,0,44,108
avg_abslight14,linear,0.01,noglasses_test_v2,402,1.0,1.0,1.0,0.0,211,0,0,191
avg_abslight14,linear,0.03,glasses_highlight_v1,422,0.41706161137440756,0.41706161137440756,0.36761695906432745,0.0,29,182,64,147
avg_abslight14,linear,0.03,glasses_highlight_v2,422,1.0,1.0,1.0,0.0,211,0,0,211
avg_abslight14,linear,0.03,glasses_test_v2,422,0.6919431279620853,0.6919431279620853,0.6596436370855667,0.0,81,130,0,211
avg_abslight14,linear,0.03,noglasses_highlight_v1,291,0.8487972508591065,0.8552631578947368,0.8470616340181558,0.0,139,0,44,108
avg_abslight14,linear,0.03,noglasses_test_v2,402,1.0,1.0,1.0,0.0,211,0,0,191
avg_abslight14,linear,0.1,glasses_highlight_v1,422,0.4099526066350711,0.4099526066350711,0.36261896529761795,0.0,29,182,67,144
avg_abslight14,linear,0.1,glasses_highlight_v2,422,1.0,1.0,1.0,0.0,211,0,0,211
avg_abslight14,linear,0.1,glasses_test_v2,422,0.6943127962085308,0.6943127962085308,0.662803590121591,0.0,82,129,0,211
avg_abslight14,linear,0.1,noglasses_highlight_v1,291,0.845360824742268,0.8519736842105263,0.8434679704029548,0.0,139,0,45,107
avg_abslight14,linear,0.1,noglasses_test_v2,402,1.0,1.0,1.0,0.0,211,0,0,191
avg_abslight14,linear,0.3,glasses_highlight_v1,422,0.41706161137440756,0.41706161137440756,0.36197359687292574,0.0,26,185,61,150
avg_abslight14,linear,0.3,glasses_highlight_v2,422,1.0,1.0,1.0,0.0,211,0,0,211
avg_abslight14,linear,0.3,glasses_test_v2,422,0.6895734597156398,0.6895734597156398,0.6564692430541315,0.0,80,131,0,211
avg_abslight14,linear,0.3,noglasses_highlight_v1,291,0.8487972508591065,0.8552631578947368,0.8470616340181558,0.0,139,0,44,108
avg_abslight14,linear,0.3,noglasses_test_v2,402,1.0,1.0,1.0,0.0,211,0,0,191
avg_abslight14,linear,1.0,glasses_highlight_v1,422,0.42890995260663506,0.42890995260663506,0.34757478365184147,0.0,16,195,46,165
avg_abslight14,linear,1.0,glasses_highlight_v2,422,1.0,1.0,1.0,0.0,211,0,0,211
avg_abslight14,linear,1.0,glasses_test_v2,422,0.6895734597156398,0.6895734597156398,0.6564692430541315,0.0,80,131,0,211
avg_abslight14,linear,1.0,noglasses_highlight_v1,291,0.8487972508591065,0.8552631578947368,0.8470616340181558,0.0,139,0,44,108
avg_abslight14,linear,1.0,noglasses_test_v2,402,1.0,1.0,1.0,0.0,211,0,0,191
