config_id,feature_pair_name,feature_names,dataset_rule_name,central_size,min_closed_in_central,open_step,eyeblink8_policy,C,class_weight
1,col_run_topk_fixed+col_run_topk_adapt,col_run_topk_fixed+col_run_topk_adapt,std_7_6_openstep3_blinkasnonclosed,7,6,3,open_blink_as_nonclosed,0.03,balanced
2,col_run_topk_fixed+col_run_topk_adapt,col_run_topk_fixed+col_run_topk_adapt,std_7_6_openstep3_blinkasnonclosed,7,6,3,open_blink_as_nonclosed,0.03,"non_closed:1,closed:2"
3,col_run_topk_fixed+col_run_topk_adapt,col_run_topk_fixed+col_run_topk_adapt,std_7_6_openstep3_blinkasnonclosed,7,6,3,open_blink_as_nonclosed,0.03,"non_closed:1,closed:3"
4,col_run_topk_fixed+col_run_topk_adapt,col_run_topk_fixed+col_run_topk_adapt,std_7_6_openstep3_blinkasnonclosed,7,6,3,open_blink_as_nonclosed,0.03,"non_closed:1,closed:5"
5,col_run_topk_fixed+col_run_topk_adapt,col_run_topk_fixed+col_run_topk_adapt,std_7_6_openstep3_blinkasnonclosed,7,6,3,open_blink_as_nonclosed,0.1,balanced
6,col_run_topk_fixed+col_run_topk_adapt,col_run_topk_fixed+col_run_topk_adapt,std_7_6_openstep3_blinkasnonclosed,7,6,3,open_blink_as_nonclosed,0.1,"non_closed:1,closed:2"
7,col_run_topk_fixed+col_run_topk_adapt,col_run_topk_fixed+col_run_topk_adapt,std_7_6_openstep3_blinkasnonclosed,7,6,3,open_blink_as_nonclosed,0.1,"non_closed:1,closed:3"
8,col_run_topk_fixed+col_run_topk_adapt,col_run_topk_fixed+col_run_topk_adapt,std_7_6_openstep3_blinkasnonclosed,7,6,3,open_blink_as_nonclosed,0.1,"non_closed:1,closed:5"
9,col_run_topk_fixed+col_run_topk_adapt,col_run_topk_fixed+col_run_topk_adapt,std_7_6_openstep3_blinkasnonclosed,7,6,3,open_blink_as_nonclosed,0.3,balanced
10,col_run_topk_fixed+col_run_topk_adapt,col_run_topk_fixed+col_run_topk_adapt,std_7_6_openstep3_blinkasnonclosed,7,6,3,open_blink_as_nonclosed,0.3,"non_closed:1,closed:2"
11,col_run_topk_fixed+col_run_topk_adapt,col_run_topk_fixed+col_run_topk_adapt,std_7_6_openstep3_blinkasnonclosed,7,6,3,open_blink_as_nonclosed,0.3,"non_closed:1,closed:3"
12,col_run_topk_fixed+col_run_topk_adapt,col_run_topk_fixed+col_run_topk_adapt,std_7_6_openstep3_blinkasnonclosed,7,6,3,open_blink_as_nonclosed,0.3,"non_closed:1,closed:5"
13,col_run_topk_fixed+col_run_topk_adapt,col_run_topk_fixed+col_run_topk_adapt,std_7_6_openstep3_blinkasnonclosed,7,6,3,open_blink_as_nonclosed,1.0,balanced
14,col_run_topk_fixed+col_run_topk_adapt,col_run_topk_fixed+col_run_topk_adapt,std_7_6_openstep3_blinkasnonclosed,7,6,3,open_blink_as_nonclosed,1.0,"non_closed:1,closed:2"
15,col_run_topk_fixed+col_run_topk_adapt,col_run_topk_fixed+col_run_topk_adapt,std_7_6_openstep3_blinkasnonclosed,7,6,3,open_blink_as_nonclosed,1.0,"non_closed:1,closed:3"
16,col_run_topk_fixed+col_run_topk_adapt,col_run_topk_fixed+col_run_topk_adapt,std_7_6_openstep3_blinkasnonclosed,7,6,3,open_blink_as_nonclosed,1.0,"non_closed:1,closed:5"
17,col_run_topk_fixed+col_run_topk_adapt,col_run_topk_fixed+col_run_topk_adapt,std_7_6_openstep3_blinkasnonclosed,7,6,3,open_blink_as_nonclosed,3.0,balanced
18,col_run_topk_fixed+col_run_topk_adapt,col_run_topk_fixed+col_run_topk_adapt,std_7_6_openstep3_blinkasnonclosed,7,6,3,open_blink_as_nonclosed,3.0,"non_closed:1,closed:2"
19,col_run_topk_fixed+col_run_topk_adapt,col_run_topk_fixed+col_run_topk_adapt,std_7_6_openstep3_blinkasnonclosed,7,6,3,open_blink_as_nonclosed,3.0,"non_closed:1,closed:3"
20,col_run_topk_fixed+col_run_topk_adapt,col_run_topk_fixed+col_run_topk_adapt,std_7_6_openstep3_blinkasnonclosed,7,6,3,open_blink_as_nonclosed,3.0,"non_closed:1,closed:5"
21,col_run_topk_fixed+col_run_topk_adapt,col_run_topk_fixed+col_run_topk_adapt,loose_5_4_openstep3_blinkasnonclosed,5,4,3,open_blink_as_nonclosed,0.03,balanced
22,col_run_topk_fixed+col_run_topk_adapt,col_run_topk_fixed+col_run_topk_adapt,loose_5_4_openstep3_blinkasnonclosed,5,4,3,open_blink_as_nonclosed,0.03,"non_closed:1,closed:2"
23,col_run_topk_fixed+col_run_topk_adapt,col_run_topk_fixed+col_run_topk_adapt,loose_5_4_openstep3_blinkasnonclosed,5,4,3,open_blink_as_nonclosed,0.03,"non_closed:1,closed:3"
24,col_run_topk_fixed+col_run_topk_adapt,col_run_topk_fixed+col_run_topk_adapt,loose_5_4_openstep3_blinkasnonclosed,5,4,3,open_blink_as_nonclosed,0.03,"non_closed:1,closed:5"
25,col_run_topk_fixed+col_run_topk_adapt,col_run_topk_fixed+col_run_topk_adapt,loose_5_4_openstep3_blinkasnonclosed,5,4,3,open_blink_as_nonclosed,0.1,balanced
26,col_run_topk_fixed+col_run_topk_adapt,col_run_topk_fixed+col_run_topk_adapt,loose_5_4_openstep3_blinkasnonclosed,5,4,3,open_blink_as_nonclosed,0.1,"non_closed:1,closed:2"
27,col_run_topk_fixed+col_run_topk_adapt,col_run_topk_fixed+col_run_topk_adapt,loose_5_4_openstep3_blinkasnonclosed,5,4,3,open_blink_as_nonclosed,0.1,"non_closed:1,closed:3"
28,col_run_topk_fixed+col_run_topk_adapt,col_run_topk_fixed+col_run_topk_adapt,loose_5_4_openstep3_blinkasnonclosed,5,4,3,open_blink_as_nonclosed,0.1,"non_closed:1,closed:5"
29,col_run_topk_fixed+col_run_topk_adapt,col_run_topk_fixed+col_run_topk_adapt,loose_5_4_openstep3_blinkasnonclosed,5,4,3,open_blink_as_nonclosed,0.3,balanced
30,col_run_topk_fixed+col_run_topk_adapt,col_run_topk_fixed+col_run_topk_adapt,loose_5_4_openstep3_blinkasnonclosed,5,4,3,open_blink_as_nonclosed,0.3,"non_closed:1,closed:2"
31,col_run_topk_fixed+col_run_topk_adapt,col_run_topk_fixed+col_run_topk_adapt,loose_5_4_openstep3_blinkasnonclosed,5,4,3,open_blink_as_nonclosed,0.3,"non_closed:1,closed:3"
32,col_run_topk_fixed+col_run_topk_adapt,col_run_topk_fixed+col_run_topk_adapt,loose_5_4_openstep3_blinkasnonclosed,5,4,3,open_blink_as_nonclosed,0.3,"non_closed:1,closed:5"
33,col_run_topk_fixed+col_run_topk_adapt,col_run_topk_fixed+col_run_topk_adapt,loose_5_4_openstep3_blinkasnonclosed,5,4,3,open_blink_as_nonclosed,1.0,balanced
34,col_run_topk_fixed+col_run_topk_adapt,col_run_topk_fixed+col_run_topk_adapt,loose_5_4_openstep3_blinkasnonclosed,5,4,3,open_blink_as_nonclosed,1.0,"non_closed:1,closed:2"
35,col_run_topk_fixed+col_run_topk_adapt,col_run_topk_fixed+col_run_topk_adapt,loose_5_4_openstep3_blinkasnonclosed,5,4,3,open_blink_as_nonclosed,1.0,"non_closed:1,closed:3"
36,col_run_topk_fixed+col_run_topk_adapt,col_run_topk_fixed+col_run_topk_adapt,loose_5_4_openstep3_blinkasnonclosed,5,4,3,open_blink_as_nonclosed,1.0,"non_closed:1,closed:5"
37,col_run_topk_fixed+col_run_topk_adapt,col_run_topk_fixed+col_run_topk_adapt,loose_5_4_openstep3_blinkasnonclosed,5,4,3,open_blink_as_nonclosed,3.0,balanced
38,col_run_topk_fixed+col_run_topk_adapt,col_run_topk_fixed+col_run_topk_adapt,loose_5_4_openstep3_blinkasnonclosed,5,4,3,open_blink_as_nonclosed,3.0,"non_closed:1,closed:2"
39,col_run_topk_fixed+col_run_topk_adapt,col_run_topk_fixed+col_run_topk_adapt,loose_5_4_openstep3_blinkasnonclosed,5,4,3,open_blink_as_nonclosed,3.0,"non_closed:1,closed:3"
40,col_run_topk_fixed+col_run_topk_adapt,col_run_topk_fixed+col_run_topk_adapt,loose_5_4_openstep3_blinkasnonclosed,5,4,3,open_blink_as_nonclosed,3.0,"non_closed:1,closed:5"
41,col_run_topk_fixed+col_run_topk_adapt,col_run_topk_fixed+col_run_topk_adapt,strict_9_8_openstep3_blinkasnonclosed,9,8,3,open_blink_as_nonclosed,0.03,balanced
42,col_run_topk_fixed+col_run_topk_adapt,col_run_topk_fixed+col_run_topk_adapt,strict_9_8_openstep3_blinkasnonclosed,9,8,3,open_blink_as_nonclosed,0.03,"non_closed:1,closed:2"
43,col_run_topk_fixed+col_run_topk_adapt,col_run_topk_fixed+col_run_topk_adapt,strict_9_8_openstep3_blinkasnonclosed,9,8,3,open_blink_as_nonclosed,0.03,"non_closed:1,closed:3"
44,col_run_topk_fixed+col_run_topk_adapt,col_run_topk_fixed+col_run_topk_adapt,strict_9_8_openstep3_blinkasnonclosed,9,8,3,open_blink_as_nonclosed,0.03,"non_closed:1,closed:5"
45,col_run_topk_fixed+col_run_topk_adapt,col_run_topk_fixed+col_run_topk_adapt,strict_9_8_openstep3_blinkasnonclosed,9,8,3,open_blink_as_nonclosed,0.1,balanced
46,col_run_topk_fixed+col_run_topk_adapt,col_run_topk_fixed+col_run_topk_adapt,strict_9_8_openstep3_blinkasnonclosed,9,8,3,open_blink_as_nonclosed,0.1,"non_closed:1,closed:2"
47,col_run_topk_fixed+col_run_topk_adapt,col_run_topk_fixed+col_run_topk_adapt,strict_9_8_openstep3_blinkasnonclosed,9,8,3,open_blink_as_nonclosed,0.1,"non_closed:1,closed:3"
48,col_run_topk_fixed+col_run_topk_adapt,col_run_topk_fixed+col_run_topk_adapt,strict_9_8_openstep3_blinkasnonclosed,9,8,3,open_blink_as_nonclosed,0.1,"non_closed:1,closed:5"
49,col_run_topk_fixed+col_run_topk_adapt,col_run_topk_fixed+col_run_topk_adapt,strict_9_8_openstep3_blinkasnonclosed,9,8,3,open_blink_as_nonclosed,0.3,balanced
50,col_run_topk_fixed+col_run_topk_adapt,col_run_topk_fixed+col_run_topk_adapt,strict_9_8_openstep3_blinkasnonclosed,9,8,3,open_blink_as_nonclosed,0.3,"non_closed:1,closed:2"
51,col_run_topk_fixed+col_run_topk_adapt,col_run_topk_fixed+col_run_topk_adapt,strict_9_8_openstep3_blinkasnonclosed,9,8,3,open_blink_as_nonclosed,0.3,"non_closed:1,closed:3"
52,col_run_topk_fixed+col_run_topk_adapt,col_run_topk_fixed+col_run_topk_adapt,strict_9_8_openstep3_blinkasnonclosed,9,8,3,open_blink_as_nonclosed,0.3,"non_closed:1,closed:5"
53,col_run_topk_fixed+col_run_topk_adapt,col_run_topk_fixed+col_run_topk_adapt,strict_9_8_openstep3_blinkasnonclosed,9,8,3,open_blink_as_nonclosed,1.0,balanced
54,col_run_topk_fixed+col_run_topk_adapt,col_run_topk_fixed+col_run_topk_adapt,strict_9_8_openstep3_blinkasnonclosed,9,8,3,open_blink_as_nonclosed,1.0,"non_closed:1,closed:2"
55,col_run_topk_fixed+col_run_topk_adapt,col_run_topk_fixed+col_run_topk_adapt,strict_9_8_openstep3_blinkasnonclosed,9,8,3,open_blink_as_nonclosed,1.0,"non_closed:1,closed:3"
56,col_run_topk_fixed+col_run_topk_adapt,col_run_topk_fixed+col_run_topk_adapt,strict_9_8_openstep3_blinkasnonclosed,9,8,3,open_blink_as_nonclosed,1.0,"non_closed:1,closed:5"
57,col_run_topk_fixed+col_run_topk_adapt,col_run_topk_fixed+col_run_topk_adapt,strict_9_8_openstep3_blinkasnonclosed,9,8,3,open_blink_as_nonclosed,3.0,balanced
58,col_run_topk_fixed+col_run_topk_adapt,col_run_topk_fixed+col_run_topk_adapt,strict_9_8_openstep3_blinkasnonclosed,9,8,3,open_blink_as_nonclosed,3.0,"non_closed:1,closed:2"
59,col_run_topk_fixed+col_run_topk_adapt,col_run_topk_fixed+col_run_topk_adapt,strict_9_8_openstep3_blinkasnonclosed,9,8,3,open_blink_as_nonclosed,3.0,"non_closed:1,closed:3"
60,col_run_topk_fixed+col_run_topk_adapt,col_run_topk_fixed+col_run_topk_adapt,strict_9_8_openstep3_blinkasnonclosed,9,8,3,open_blink_as_nonclosed,3.0,"non_closed:1,closed:5"
61,col_run_topk_fixed+col_run_topk_adapt,col_run_topk_fixed+col_run_topk_adapt,std_7_6_openstep5_blinkasnonclosed,7,6,5,open_blink_as_nonclosed,0.03,balanced
62,col_run_topk_fixed+col_run_topk_adapt,col_run_topk_fixed+col_run_topk_adapt,std_7_6_openstep5_blinkasnonclosed,7,6,5,open_blink_as_nonclosed,0.03,"non_closed:1,closed:2"
63,col_run_topk_fixed+col_run_topk_adapt,col_run_topk_fixed+col_run_topk_adapt,std_7_6_openstep5_blinkasnonclosed,7,6,5,open_blink_as_nonclosed,0.03,"non_closed:1,closed:3"
64,col_run_topk_fixed+col_run_topk_adapt,col_run_topk_fixed+col_run_topk_adapt,std_7_6_openstep5_blinkasnonclosed,7,6,5,open_blink_as_nonclosed,0.03,"non_closed:1,closed:5"
65,col_run_topk_fixed+col_run_topk_adapt,col_run_topk_fixed+col_run_topk_adapt,std_7_6_openstep5_blinkasnonclosed,7,6,5,open_blink_as_nonclosed,0.1,balanced
66,col_run_topk_fixed+col_run_topk_adapt,col_run_topk_fixed+col_run_topk_adapt,std_7_6_openstep5_blinkasnonclosed,7,6,5,open_blink_as_nonclosed,0.1,"non_closed:1,closed:2"
67,col_run_topk_fixed+col_run_topk_adapt,col_run_topk_fixed+col_run_topk_adapt,std_7_6_openstep5_blinkasnonclosed,7,6,5,open_blink_as_nonclosed,0.1,"non_closed:1,closed:3"
68,col_run_topk_fixed+col_run_topk_adapt,col_run_topk_fixed+col_run_topk_adapt,std_7_6_openstep5_blinkasnonclosed,7,6,5,open_blink_as_nonclosed,0.1,"non_closed:1,closed:5"
69,col_run_topk_fixed+col_run_topk_adapt,col_run_topk_fixed+col_run_topk_adapt,std_7_6_openstep5_blinkasnonclosed,7,6,5,open_blink_as_nonclosed,0.3,balanced
70,col_run_topk_fixed+col_run_topk_adapt,col_run_topk_fixed+col_run_topk_adapt,std_7_6_openstep5_blinkasnonclosed,7,6,5,open_blink_as_nonclosed,0.3,"non_closed:1,closed:2"
71,col_run_topk_fixed+col_run_topk_adapt,col_run_topk_fixed+col_run_topk_adapt,std_7_6_openstep5_blinkasnonclosed,7,6,5,open_blink_as_nonclosed,0.3,"non_closed:1,closed:3"
72,col_run_topk_fixed+col_run_topk_adapt,col_run_topk_fixed+col_run_topk_adapt,std_7_6_openstep5_blinkasnonclosed,7,6,5,open_blink_as_nonclosed,0.3,"non_closed:1,closed:5"
73,col_run_topk_fixed+col_run_topk_adapt,col_run_topk_fixed+col_run_topk_adapt,std_7_6_openstep5_blinkasnonclosed,7,6,5,open_blink_as_nonclosed,1.0,balanced
74,col_run_topk_fixed+col_run_topk_adapt,col_run_topk_fixed+col_run_topk_adapt,std_7_6_openstep5_blinkasnonclosed,7,6,5,open_blink_as_nonclosed,1.0,"non_closed:1,closed:2"
75,col_run_topk_fixed+col_run_topk_adapt,col_run_topk_fixed+col_run_topk_adapt,std_7_6_openstep5_blinkasnonclosed,7,6,5,open_blink_as_nonclosed,1.0,"non_closed:1,closed:3"
76,col_run_topk_fixed+col_run_topk_adapt,col_run_topk_fixed+col_run_topk_adapt,std_7_6_openstep5_blinkasnonclosed,7,6,5,open_blink_as_nonclosed,1.0,"non_closed:1,closed:5"
77,col_run_topk_fixed+col_run_topk_adapt,col_run_topk_fixed+col_run_topk_adapt,std_7_6_openstep5_blinkasnonclosed,7,6,5,open_blink_as_nonclosed,3.0,balanced
78,col_run_topk_fixed+col_run_topk_adapt,col_run_topk_fixed+col_run_topk_adapt,std_7_6_openstep5_blinkasnonclosed,7,6,5,open_blink_as_nonclosed,3.0,"non_closed:1,closed:2"
79,col_run_topk_fixed+col_run_topk_adapt,col_run_topk_fixed+col_run_topk_adapt,std_7_6_openstep5_blinkasnonclosed,7,6,5,open_blink_as_nonclosed,3.0,"non_closed:1,closed:3"
80,col_run_topk_fixed+col_run_topk_adapt,col_run_topk_fixed+col_run_topk_adapt,std_7_6_openstep5_blinkasnonclosed,7,6,5,open_blink_as_nonclosed,3.0,"non_closed:1,closed:5"
81,col_run_topk_fixed+col_run_topk_adapt,col_run_topk_fixed+col_run_topk_adapt,std_7_6_openonly,7,6,3,open_only,0.03,balanced
82,col_run_topk_fixed+col_run_topk_adapt,col_run_topk_fixed+col_run_topk_adapt,std_7_6_openonly,7,6,3,open_only,0.03,"non_closed:1,closed:2"
83,col_run_topk_fixed+col_run_topk_adapt,col_run_topk_fixed+col_run_topk_adapt,std_7_6_openonly,7,6,3,open_only,0.03,"non_closed:1,closed:3"
84,col_run_topk_fixed+col_run_topk_adapt,col_run_topk_fixed+col_run_topk_adapt,std_7_6_openonly,7,6,3,open_only,0.03,"non_closed:1,closed:5"
85,col_run_topk_fixed+col_run_topk_adapt,col_run_topk_fixed+col_run_topk_adapt,std_7_6_openonly,7,6,3,open_only,0.1,balanced
86,col_run_topk_fixed+col_run_topk_adapt,col_run_topk_fixed+col_run_topk_adapt,std_7_6_openonly,7,6,3,open_only,0.1,"non_closed:1,closed:2"
87,col_run_topk_fixed+col_run_topk_adapt,col_run_topk_fixed+col_run_topk_adapt,std_7_6_openonly,7,6,3,open_only,0.1,"non_closed:1,closed:3"
88,col_run_topk_fixed+col_run_topk_adapt,col_run_topk_fixed+col_run_topk_adapt,std_7_6_openonly,7,6,3,open_only,0.1,"non_closed:1,closed:5"
89,col_run_topk_fixed+col_run_topk_adapt,col_run_topk_fixed+col_run_topk_adapt,std_7_6_openonly,7,6,3,open_only,0.3,balanced
90,col_run_topk_fixed+col_run_topk_adapt,col_run_topk_fixed+col_run_topk_adapt,std_7_6_openonly,7,6,3,open_only,0.3,"non_closed:1,closed:2"
91,col_run_topk_fixed+col_run_topk_adapt,col_run_topk_fixed+col_run_topk_adapt,std_7_6_openonly,7,6,3,open_only,0.3,"non_closed:1,closed:3"
92,col_run_topk_fixed+col_run_topk_adapt,col_run_topk_fixed+col_run_topk_adapt,std_7_6_openonly,7,6,3,open_only,0.3,"non_closed:1,closed:5"
93,col_run_topk_fixed+col_run_topk_adapt,col_run_topk_fixed+col_run_topk_adapt,std_7_6_openonly,7,6,3,open_only,1.0,balanced
94,col_run_topk_fixed+col_run_topk_adapt,col_run_topk_fixed+col_run_topk_adapt,std_7_6_openonly,7,6,3,open_only,1.0,"non_closed:1,closed:2"
95,col_run_topk_fixed+col_run_topk_adapt,col_run_topk_fixed+col_run_topk_adapt,std_7_6_openonly,7,6,3,open_only,1.0,"non_closed:1,closed:3"
96,col_run_topk_fixed+col_run_topk_adapt,col_run_topk_fixed+col_run_topk_adapt,std_7_6_openonly,7,6,3,open_only,1.0,"non_closed:1,closed:5"
97,col_run_topk_fixed+col_run_topk_adapt,col_run_topk_fixed+col_run_topk_adapt,std_7_6_openonly,7,6,3,open_only,3.0,balanced
98,col_run_topk_fixed+col_run_topk_adapt,col_run_topk_fixed+col_run_topk_adapt,std_7_6_openonly,7,6,3,open_only,3.0,"non_closed:1,closed:2"
99,col_run_topk_fixed+col_run_topk_adapt,col_run_topk_fixed+col_run_topk_adapt,std_7_6_openonly,7,6,3,open_only,3.0,"non_closed:1,closed:3"
100,col_run_topk_fixed+col_run_topk_adapt,col_run_topk_fixed+col_run_topk_adapt,std_7_6_openonly,7,6,3,open_only,3.0,"non_closed:1,closed:5"
101,col_run_max_fixed+col_run_topk_adapt,col_run_max_fixed+col_run_topk_adapt,std_7_6_openstep3_blinkasnonclosed,7,6,3,open_blink_as_nonclosed,0.03,balanced
102,col_run_max_fixed+col_run_topk_adapt,col_run_max_fixed+col_run_topk_adapt,std_7_6_openstep3_blinkasnonclosed,7,6,3,open_blink_as_nonclosed,0.03,"non_closed:1,closed:2"
103,col_run_max_fixed+col_run_topk_adapt,col_run_max_fixed+col_run_topk_adapt,std_7_6_openstep3_blinkasnonclosed,7,6,3,open_blink_as_nonclosed,0.03,"non_closed:1,closed:3"
104,col_run_max_fixed+col_run_topk_adapt,col_run_max_fixed+col_run_topk_adapt,std_7_6_openstep3_blinkasnonclosed,7,6,3,open_blink_as_nonclosed,0.03,"non_closed:1,closed:5"
105,col_run_max_fixed+col_run_topk_adapt,col_run_max_fixed+col_run_topk_adapt,std_7_6_openstep3_blinkasnonclosed,7,6,3,open_blink_as_nonclosed,0.1,balanced
106,col_run_max_fixed+col_run_topk_adapt,col_run_max_fixed+col_run_topk_adapt,std_7_6_openstep3_blinkasnonclosed,7,6,3,open_blink_as_nonclosed,0.1,"non_closed:1,closed:2"
107,col_run_max_fixed+col_run_topk_adapt,col_run_max_fixed+col_run_topk_adapt,std_7_6_openstep3_blinkasnonclosed,7,6,3,open_blink_as_nonclosed,0.1,"non_closed:1,closed:3"
108,col_run_max_fixed+col_run_topk_adapt,col_run_max_fixed+col_run_topk_adapt,std_7_6_openstep3_blinkasnonclosed,7,6,3,open_blink_as_nonclosed,0.1,"non_closed:1,closed:5"
109,col_run_max_fixed+col_run_topk_adapt,col_run_max_fixed+col_run_topk_adapt,std_7_6_openstep3_blinkasnonclosed,7,6,3,open_blink_as_nonclosed,0.3,balanced
110,col_run_max_fixed+col_run_topk_adapt,col_run_max_fixed+col_run_topk_adapt,std_7_6_openstep3_blinkasnonclosed,7,6,3,open_blink_as_nonclosed,0.3,"non_closed:1,closed:2"
111,col_run_max_fixed+col_run_topk_adapt,col_run_max_fixed+col_run_topk_adapt,std_7_6_openstep3_blinkasnonclosed,7,6,3,open_blink_as_nonclosed,0.3,"non_closed:1,closed:3"
112,col_run_max_fixed+col_run_topk_adapt,col_run_max_fixed+col_run_topk_adapt,std_7_6_openstep3_blinkasnonclosed,7,6,3,open_blink_as_nonclosed,0.3,"non_closed:1,closed:5"
113,col_run_max_fixed+col_run_topk_adapt,col_run_max_fixed+col_run_topk_adapt,std_7_6_openstep3_blinkasnonclosed,7,6,3,open_blink_as_nonclosed,1.0,balanced
114,col_run_max_fixed+col_run_topk_adapt,col_run_max_fixed+col_run_topk_adapt,std_7_6_openstep3_blinkasnonclosed,7,6,3,open_blink_as_nonclosed,1.0,"non_closed:1,closed:2"
115,col_run_max_fixed+col_run_topk_adapt,col_run_max_fixed+col_run_topk_adapt,std_7_6_openstep3_blinkasnonclosed,7,6,3,open_blink_as_nonclosed,1.0,"non_closed:1,closed:3"
116,col_run_max_fixed+col_run_topk_adapt,col_run_max_fixed+col_run_topk_adapt,std_7_6_openstep3_blinkasnonclosed,7,6,3,open_blink_as_nonclosed,1.0,"non_closed:1,closed:5"
117,col_run_max_fixed+col_run_topk_adapt,col_run_max_fixed+col_run_topk_adapt,std_7_6_openstep3_blinkasnonclosed,7,6,3,open_blink_as_nonclosed,3.0,balanced
118,col_run_max_fixed+col_run_topk_adapt,col_run_max_fixed+col_run_topk_adapt,std_7_6_openstep3_blinkasnonclosed,7,6,3,open_blink_as_nonclosed,3.0,"non_closed:1,closed:2"
119,col_run_max_fixed+col_run_topk_adapt,col_run_max_fixed+col_run_topk_adapt,std_7_6_openstep3_blinkasnonclosed,7,6,3,open_blink_as_nonclosed,3.0,"non_closed:1,closed:3"
120,col_run_max_fixed+col_run_topk_adapt,col_run_max_fixed+col_run_topk_adapt,std_7_6_openstep3_blinkasnonclosed,7,6,3,open_blink_as_nonclosed,3.0,"non_closed:1,closed:5"
121,col_run_max_fixed+col_run_topk_adapt,col_run_max_fixed+col_run_topk_adapt,loose_5_4_openstep3_blinkasnonclosed,5,4,3,open_blink_as_nonclosed,0.03,balanced
122,col_run_max_fixed+col_run_topk_adapt,col_run_max_fixed+col_run_topk_adapt,loose_5_4_openstep3_blinkasnonclosed,5,4,3,open_blink_as_nonclosed,0.03,"non_closed:1,closed:2"
123,col_run_max_fixed+col_run_topk_adapt,col_run_max_fixed+col_run_topk_adapt,loose_5_4_openstep3_blinkasnonclosed,5,4,3,open_blink_as_nonclosed,0.03,"non_closed:1,closed:3"
124,col_run_max_fixed+col_run_topk_adapt,col_run_max_fixed+col_run_topk_adapt,loose_5_4_openstep3_blinkasnonclosed,5,4,3,open_blink_as_nonclosed,0.03,"non_closed:1,closed:5"
125,col_run_max_fixed+col_run_topk_adapt,col_run_max_fixed+col_run_topk_adapt,loose_5_4_openstep3_blinkasnonclosed,5,4,3,open_blink_as_nonclosed,0.1,balanced
126,col_run_max_fixed+col_run_topk_adapt,col_run_max_fixed+col_run_topk_adapt,loose_5_4_openstep3_blinkasnonclosed,5,4,3,open_blink_as_nonclosed,0.1,"non_closed:1,closed:2"
127,col_run_max_fixed+col_run_topk_adapt,col_run_max_fixed+col_run_topk_adapt,loose_5_4_openstep3_blinkasnonclosed,5,4,3,open_blink_as_nonclosed,0.1,"non_closed:1,closed:3"
128,col_run_max_fixed+col_run_topk_adapt,col_run_max_fixed+col_run_topk_adapt,loose_5_4_openstep3_blinkasnonclosed,5,4,3,open_blink_as_nonclosed,0.1,"non_closed:1,closed:5"
129,col_run_max_fixed+col_run_topk_adapt,col_run_max_fixed+col_run_topk_adapt,loose_5_4_openstep3_blinkasnonclosed,5,4,3,open_blink_as_nonclosed,0.3,balanced
130,col_run_max_fixed+col_run_topk_adapt,col_run_max_fixed+col_run_topk_adapt,loose_5_4_openstep3_blinkasnonclosed,5,4,3,open_blink_as_nonclosed,0.3,"non_closed:1,closed:2"
131,col_run_max_fixed+col_run_topk_adapt,col_run_max_fixed+col_run_topk_adapt,loose_5_4_openstep3_blinkasnonclosed,5,4,3,open_blink_as_nonclosed,0.3,"non_closed:1,closed:3"
132,col_run_max_fixed+col_run_topk_adapt,col_run_max_fixed+col_run_topk_adapt,loose_5_4_openstep3_blinkasnonclosed,5,4,3,open_blink_as_nonclosed,0.3,"non_closed:1,closed:5"
133,col_run_max_fixed+col_run_topk_adapt,col_run_max_fixed+col_run_topk_adapt,loose_5_4_openstep3_blinkasnonclosed,5,4,3,open_blink_as_nonclosed,1.0,balanced
134,col_run_max_fixed+col_run_topk_adapt,col_run_max_fixed+col_run_topk_adapt,loose_5_4_openstep3_blinkasnonclosed,5,4,3,open_blink_as_nonclosed,1.0,"non_closed:1,closed:2"
135,col_run_max_fixed+col_run_topk_adapt,col_run_max_fixed+col_run_topk_adapt,loose_5_4_openstep3_blinkasnonclosed,5,4,3,open_blink_as_nonclosed,1.0,"non_closed:1,closed:3"
136,col_run_max_fixed+col_run_topk_adapt,col_run_max_fixed+col_run_topk_adapt,loose_5_4_openstep3_blinkasnonclosed,5,4,3,open_blink_as_nonclosed,1.0,"non_closed:1,closed:5"
137,col_run_max_fixed+col_run_topk_adapt,col_run_max_fixed+col_run_topk_adapt,loose_5_4_openstep3_blinkasnonclosed,5,4,3,open_blink_as_nonclosed,3.0,balanced
138,col_run_max_fixed+col_run_topk_adapt,col_run_max_fixed+col_run_topk_adapt,loose_5_4_openstep3_blinkasnonclosed,5,4,3,open_blink_as_nonclosed,3.0,"non_closed:1,closed:2"
139,col_run_max_fixed+col_run_topk_adapt,col_run_max_fixed+col_run_topk_adapt,loose_5_4_openstep3_blinkasnonclosed,5,4,3,open_blink_as_nonclosed,3.0,"non_closed:1,closed:3"
140,col_run_max_fixed+col_run_topk_adapt,col_run_max_fixed+col_run_topk_adapt,loose_5_4_openstep3_blinkasnonclosed,5,4,3,open_blink_as_nonclosed,3.0,"non_closed:1,closed:5"
141,col_run_max_fixed+col_run_topk_adapt,col_run_max_fixed+col_run_topk_adapt,strict_9_8_openstep3_blinkasnonclosed,9,8,3,open_blink_as_nonclosed,0.03,balanced
142,col_run_max_fixed+col_run_topk_adapt,col_run_max_fixed+col_run_topk_adapt,strict_9_8_openstep3_blinkasnonclosed,9,8,3,open_blink_as_nonclosed,0.03,"non_closed:1,closed:2"
143,col_run_max_fixed+col_run_topk_adapt,col_run_max_fixed+col_run_topk_adapt,strict_9_8_openstep3_blinkasnonclosed,9,8,3,open_blink_as_nonclosed,0.03,"non_closed:1,closed:3"
144,col_run_max_fixed+col_run_topk_adapt,col_run_max_fixed+col_run_topk_adapt,strict_9_8_openstep3_blinkasnonclosed,9,8,3,open_blink_as_nonclosed,0.03,"non_closed:1,closed:5"
145,col_run_max_fixed+col_run_topk_adapt,col_run_max_fixed+col_run_topk_adapt,strict_9_8_openstep3_blinkasnonclosed,9,8,3,open_blink_as_nonclosed,0.1,balanced
146,col_run_max_fixed+col_run_topk_adapt,col_run_max_fixed+col_run_topk_adapt,strict_9_8_openstep3_blinkasnonclosed,9,8,3,open_blink_as_nonclosed,0.1,"non_closed:1,closed:2"
147,col_run_max_fixed+col_run_topk_adapt,col_run_max_fixed+col_run_topk_adapt,strict_9_8_openstep3_blinkasnonclosed,9,8,3,open_blink_as_nonclosed,0.1,"non_closed:1,closed:3"
148,col_run_max_fixed+col_run_topk_adapt,col_run_max_fixed+col_run_topk_adapt,strict_9_8_openstep3_blinkasnonclosed,9,8,3,open_blink_as_nonclosed,0.1,"non_closed:1,closed:5"
149,col_run_max_fixed+col_run_topk_adapt,col_run_max_fixed+col_run_topk_adapt,strict_9_8_openstep3_blinkasnonclosed,9,8,3,open_blink_as_nonclosed,0.3,balanced
150,col_run_max_fixed+col_run_topk_adapt,col_run_max_fixed+col_run_topk_adapt,strict_9_8_openstep3_blinkasnonclosed,9,8,3,open_blink_as_nonclosed,0.3,"non_closed:1,closed:2"
151,col_run_max_fixed+col_run_topk_adapt,col_run_max_fixed+col_run_topk_adapt,strict_9_8_openstep3_blinkasnonclosed,9,8,3,open_blink_as_nonclosed,0.3,"non_closed:1,closed:3"
152,col_run_max_fixed+col_run_topk_adapt,col_run_max_fixed+col_run_topk_adapt,strict_9_8_openstep3_blinkasnonclosed,9,8,3,open_blink_as_nonclosed,0.3,"non_closed:1,closed:5"
153,col_run_max_fixed+col_run_topk_adapt,col_run_max_fixed+col_run_topk_adapt,strict_9_8_openstep3_blinkasnonclosed,9,8,3,open_blink_as_nonclosed,1.0,balanced
154,col_run_max_fixed+col_run_topk_adapt,col_run_max_fixed+col_run_topk_adapt,strict_9_8_openstep3_blinkasnonclosed,9,8,3,open_blink_as_nonclosed,1.0,"non_closed:1,closed:2"
155,col_run_max_fixed+col_run_topk_adapt,col_run_max_fixed+col_run_topk_adapt,strict_9_8_openstep3_blinkasnonclosed,9,8,3,open_blink_as_nonclosed,1.0,"non_closed:1,closed:3"
156,col_run_max_fixed+col_run_topk_adapt,col_run_max_fixed+col_run_topk_adapt,strict_9_8_openstep3_blinkasnonclosed,9,8,3,open_blink_as_nonclosed,1.0,"non_closed:1,closed:5"
157,col_run_max_fixed+col_run_topk_adapt,col_run_max_fixed+col_run_topk_adapt,strict_9_8_openstep3_blinkasnonclosed,9,8,3,open_blink_as_nonclosed,3.0,balanced
158,col_run_max_fixed+col_run_topk_adapt,col_run_max_fixed+col_run_topk_adapt,strict_9_8_openstep3_blinkasnonclosed,9,8,3,open_blink_as_nonclosed,3.0,"non_closed:1,closed:2"
159,col_run_max_fixed+col_run_topk_adapt,col_run_max_fixed+col_run_topk_adapt,strict_9_8_openstep3_blinkasnonclosed,9,8,3,open_blink_as_nonclosed,3.0,"non_closed:1,closed:3"
160,col_run_max_fixed+col_run_topk_adapt,col_run_max_fixed+col_run_topk_adapt,strict_9_8_openstep3_blinkasnonclosed,9,8,3,open_blink_as_nonclosed,3.0,"non_closed:1,closed:5"
161,col_run_max_fixed+col_run_topk_adapt,col_run_max_fixed+col_run_topk_adapt,std_7_6_openstep5_blinkasnonclosed,7,6,5,open_blink_as_nonclosed,0.03,balanced
162,col_run_max_fixed+col_run_topk_adapt,col_run_max_fixed+col_run_topk_adapt,std_7_6_openstep5_blinkasnonclosed,7,6,5,open_blink_as_nonclosed,0.03,"non_closed:1,closed:2"
163,col_run_max_fixed+col_run_topk_adapt,col_run_max_fixed+col_run_topk_adapt,std_7_6_openstep5_blinkasnonclosed,7,6,5,open_blink_as_nonclosed,0.03,"non_closed:1,closed:3"
164,col_run_max_fixed+col_run_topk_adapt,col_run_max_fixed+col_run_topk_adapt,std_7_6_openstep5_blinkasnonclosed,7,6,5,open_blink_as_nonclosed,0.03,"non_closed:1,closed:5"
165,col_run_max_fixed+col_run_topk_adapt,col_run_max_fixed+col_run_topk_adapt,std_7_6_openstep5_blinkasnonclosed,7,6,5,open_blink_as_nonclosed,0.1,balanced
166,col_run_max_fixed+col_run_topk_adapt,col_run_max_fixed+col_run_topk_adapt,std_7_6_openstep5_blinkasnonclosed,7,6,5,open_blink_as_nonclosed,0.1,"non_closed:1,closed:2"
167,col_run_max_fixed+col_run_topk_adapt,col_run_max_fixed+col_run_topk_adapt,std_7_6_openstep5_blinkasnonclosed,7,6,5,open_blink_as_nonclosed,0.1,"non_closed:1,closed:3"
168,col_run_max_fixed+col_run_topk_adapt,col_run_max_fixed+col_run_topk_adapt,std_7_6_openstep5_blinkasnonclosed,7,6,5,open_blink_as_nonclosed,0.1,"non_closed:1,closed:5"
169,col_run_max_fixed+col_run_topk_adapt,col_run_max_fixed+col_run_topk_adapt,std_7_6_openstep5_blinkasnonclosed,7,6,5,open_blink_as_nonclosed,0.3,balanced
170,col_run_max_fixed+col_run_topk_adapt,col_run_max_fixed+col_run_topk_adapt,std_7_6_openstep5_blinkasnonclosed,7,6,5,open_blink_as_nonclosed,0.3,"non_closed:1,closed:2"
171,col_run_max_fixed+col_run_topk_adapt,col_run_max_fixed+col_run_topk_adapt,std_7_6_openstep5_blinkasnonclosed,7,6,5,open_blink_as_nonclosed,0.3,"non_closed:1,closed:3"
172,col_run_max_fixed+col_run_topk_adapt,col_run_max_fixed+col_run_topk_adapt,std_7_6_openstep5_blinkasnonclosed,7,6,5,open_blink_as_nonclosed,0.3,"non_closed:1,closed:5"
173,col_run_max_fixed+col_run_topk_adapt,col_run_max_fixed+col_run_topk_adapt,std_7_6_openstep5_blinkasnonclosed,7,6,5,open_blink_as_nonclosed,1.0,balanced
174,col_run_max_fixed+col_run_topk_adapt,col_run_max_fixed+col_run_topk_adapt,std_7_6_openstep5_blinkasnonclosed,7,6,5,open_blink_as_nonclosed,1.0,"non_closed:1,closed:2"
175,col_run_max_fixed+col_run_topk_adapt,col_run_max_fixed+col_run_topk_adapt,std_7_6_openstep5_blinkasnonclosed,7,6,5,open_blink_as_nonclosed,1.0,"non_closed:1,closed:3"
176,col_run_max_fixed+col_run_topk_adapt,col_run_max_fixed+col_run_topk_adapt,std_7_6_openstep5_blinkasnonclosed,7,6,5,open_blink_as_nonclosed,1.0,"non_closed:1,closed:5"
177,col_run_max_fixed+col_run_topk_adapt,col_run_max_fixed+col_run_topk_adapt,std_7_6_openstep5_blinkasnonclosed,7,6,5,open_blink_as_nonclosed,3.0,balanced
178,col_run_max_fixed+col_run_topk_adapt,col_run_max_fixed+col_run_topk_adapt,std_7_6_openstep5_blinkasnonclosed,7,6,5,open_blink_as_nonclosed,3.0,"non_closed:1,closed:2"
179,col_run_max_fixed+col_run_topk_adapt,col_run_max_fixed+col_run_topk_adapt,std_7_6_openstep5_blinkasnonclosed,7,6,5,open_blink_as_nonclosed,3.0,"non_closed:1,closed:3"
180,col_run_max_fixed+col_run_topk_adapt,col_run_max_fixed+col_run_topk_adapt,std_7_6_openstep5_blinkasnonclosed,7,6,5,open_blink_as_nonclosed,3.0,"non_closed:1,closed:5"
181,col_run_max_fixed+col_run_topk_adapt,col_run_max_fixed+col_run_topk_adapt,std_7_6_openonly,7,6,3,open_only,0.03,balanced
182,col_run_max_fixed+col_run_topk_adapt,col_run_max_fixed+col_run_topk_adapt,std_7_6_openonly,7,6,3,open_only,0.03,"non_closed:1,closed:2"
183,col_run_max_fixed+col_run_topk_adapt,col_run_max_fixed+col_run_topk_adapt,std_7_6_openonly,7,6,3,open_only,0.03,"non_closed:1,closed:3"
184,col_run_max_fixed+col_run_topk_adapt,col_run_max_fixed+col_run_topk_adapt,std_7_6_openonly,7,6,3,open_only,0.03,"non_closed:1,closed:5"
185,col_run_max_fixed+col_run_topk_adapt,col_run_max_fixed+col_run_topk_adapt,std_7_6_openonly,7,6,3,open_only,0.1,balanced
186,col_run_max_fixed+col_run_topk_adapt,col_run_max_fixed+col_run_topk_adapt,std_7_6_openonly,7,6,3,open_only,0.1,"non_closed:1,closed:2"
187,col_run_max_fixed+col_run_topk_adapt,col_run_max_fixed+col_run_topk_adapt,std_7_6_openonly,7,6,3,open_only,0.1,"non_closed:1,closed:3"
188,col_run_max_fixed+col_run_topk_adapt,col_run_max_fixed+col_run_topk_adapt,std_7_6_openonly,7,6,3,open_only,0.1,"non_closed:1,closed:5"
189,col_run_max_fixed+col_run_topk_adapt,col_run_max_fixed+col_run_topk_adapt,std_7_6_openonly,7,6,3,open_only,0.3,balanced
190,col_run_max_fixed+col_run_topk_adapt,col_run_max_fixed+col_run_topk_adapt,std_7_6_openonly,7,6,3,open_only,0.3,"non_closed:1,closed:2"
191,col_run_max_fixed+col_run_topk_adapt,col_run_max_fixed+col_run_topk_adapt,std_7_6_openonly,7,6,3,open_only,0.3,"non_closed:1,closed:3"
192,col_run_max_fixed+col_run_topk_adapt,col_run_max_fixed+col_run_topk_adapt,std_7_6_openonly,7,6,3,open_only,0.3,"non_closed:1,closed:5"
193,col_run_max_fixed+col_run_topk_adapt,col_run_max_fixed+col_run_topk_adapt,std_7_6_openonly,7,6,3,open_only,1.0,balanced
194,col_run_max_fixed+col_run_topk_adapt,col_run_max_fixed+col_run_topk_adapt,std_7_6_openonly,7,6,3,open_only,1.0,"non_closed:1,closed:2"
195,col_run_max_fixed+col_run_topk_adapt,col_run_max_fixed+col_run_topk_adapt,std_7_6_openonly,7,6,3,open_only,1.0,"non_closed:1,closed:3"
196,col_run_max_fixed+col_run_topk_adapt,col_run_max_fixed+col_run_topk_adapt,std_7_6_openonly,7,6,3,open_only,1.0,"non_closed:1,closed:5"
197,col_run_max_fixed+col_run_topk_adapt,col_run_max_fixed+col_run_topk_adapt,std_7_6_openonly,7,6,3,open_only,3.0,balanced
198,col_run_max_fixed+col_run_topk_adapt,col_run_max_fixed+col_run_topk_adapt,std_7_6_openonly,7,6,3,open_only,3.0,"non_closed:1,closed:2"
199,col_run_max_fixed+col_run_topk_adapt,col_run_max_fixed+col_run_topk_adapt,std_7_6_openonly,7,6,3,open_only,3.0,"non_closed:1,closed:3"
200,col_run_max_fixed+col_run_topk_adapt,col_run_max_fixed+col_run_topk_adapt,std_7_6_openonly,7,6,3,open_only,3.0,"non_closed:1,closed:5"
201,col_run_topk_fixed+vertical_contrast,col_run_topk_fixed+vertical_contrast,std_7_6_openstep3_blinkasnonclosed,7,6,3,open_blink_as_nonclosed,0.03,balanced
202,col_run_topk_fixed+vertical_contrast,col_run_topk_fixed+vertical_contrast,std_7_6_openstep3_blinkasnonclosed,7,6,3,open_blink_as_nonclosed,0.03,"non_closed:1,closed:2"
203,col_run_topk_fixed+vertical_contrast,col_run_topk_fixed+vertical_contrast,std_7_6_openstep3_blinkasnonclosed,7,6,3,open_blink_as_nonclosed,0.03,"non_closed:1,closed:3"
204,col_run_topk_fixed+vertical_contrast,col_run_topk_fixed+vertical_contrast,std_7_6_openstep3_blinkasnonclosed,7,6,3,open_blink_as_nonclosed,0.03,"non_closed:1,closed:5"
205,col_run_topk_fixed+vertical_contrast,col_run_topk_fixed+vertical_contrast,std_7_6_openstep3_blinkasnonclosed,7,6,3,open_blink_as_nonclosed,0.1,balanced
206,col_run_topk_fixed+vertical_contrast,col_run_topk_fixed+vertical_contrast,std_7_6_openstep3_blinkasnonclosed,7,6,3,open_blink_as_nonclosed,0.1,"non_closed:1,closed:2"
207,col_run_topk_fixed+vertical_contrast,col_run_topk_fixed+vertical_contrast,std_7_6_openstep3_blinkasnonclosed,7,6,3,open_blink_as_nonclosed,0.1,"non_closed:1,closed:3"
208,col_run_topk_fixed+vertical_contrast,col_run_topk_fixed+vertical_contrast,std_7_6_openstep3_blinkasnonclosed,7,6,3,open_blink_as_nonclosed,0.1,"non_closed:1,closed:5"
209,col_run_topk_fixed+vertical_contrast,col_run_topk_fixed+vertical_contrast,std_7_6_openstep3_blinkasnonclosed,7,6,3,open_blink_as_nonclosed,0.3,balanced
210,col_run_topk_fixed+vertical_contrast,col_run_topk_fixed+vertical_contrast,std_7_6_openstep3_blinkasnonclosed,7,6,3,open_blink_as_nonclosed,0.3,"non_closed:1,closed:2"
211,col_run_topk_fixed+vertical_contrast,col_run_topk_fixed+vertical_contrast,std_7_6_openstep3_blinkasnonclosed,7,6,3,open_blink_as_nonclosed,0.3,"non_closed:1,closed:3"
212,col_run_topk_fixed+vertical_contrast,col_run_topk_fixed+vertical_contrast,std_7_6_openstep3_blinkasnonclosed,7,6,3,open_blink_as_nonclosed,0.3,"non_closed:1,closed:5"
213,col_run_topk_fixed+vertical_contrast,col_run_topk_fixed+vertical_contrast,std_7_6_openstep3_blinkasnonclosed,7,6,3,open_blink_as_nonclosed,1.0,balanced
214,col_run_topk_fixed+vertical_contrast,col_run_topk_fixed+vertical_contrast,std_7_6_openstep3_blinkasnonclosed,7,6,3,open_blink_as_nonclosed,1.0,"non_closed:1,closed:2"
215,col_run_topk_fixed+vertical_contrast,col_run_topk_fixed+vertical_contrast,std_7_6_openstep3_blinkasnonclosed,7,6,3,open_blink_as_nonclosed,1.0,"non_closed:1,closed:3"
216,col_run_topk_fixed+vertical_contrast,col_run_topk_fixed+vertical_contrast,std_7_6_openstep3_blinkasnonclosed,7,6,3,open_blink_as_nonclosed,1.0,"non_closed:1,closed:5"
217,col_run_topk_fixed+vertical_contrast,col_run_topk_fixed+vertical_contrast,std_7_6_openstep3_blinkasnonclosed,7,6,3,open_blink_as_nonclosed,3.0,balanced
218,col_run_topk_fixed+vertical_contrast,col_run_topk_fixed+vertical_contrast,std_7_6_openstep3_blinkasnonclosed,7,6,3,open_blink_as_nonclosed,3.0,"non_closed:1,closed:2"
219,col_run_topk_fixed+vertical_contrast,col_run_topk_fixed+vertical_contrast,std_7_6_openstep3_blinkasnonclosed,7,6,3,open_blink_as_nonclosed,3.0,"non_closed:1,closed:3"
220,col_run_topk_fixed+vertical_contrast,col_run_topk_fixed+vertical_contrast,std_7_6_openstep3_blinkasnonclosed,7,6,3,open_blink_as_nonclosed,3.0,"non_closed:1,closed:5"
221,col_run_topk_fixed+vertical_contrast,col_run_topk_fixed+vertical_contrast,loose_5_4_openstep3_blinkasnonclosed,5,4,3,open_blink_as_nonclosed,0.03,balanced
222,col_run_topk_fixed+vertical_contrast,col_run_topk_fixed+vertical_contrast,loose_5_4_openstep3_blinkasnonclosed,5,4,3,open_blink_as_nonclosed,0.03,"non_closed:1,closed:2"
223,col_run_topk_fixed+vertical_contrast,col_run_topk_fixed+vertical_contrast,loose_5_4_openstep3_blinkasnonclosed,5,4,3,open_blink_as_nonclosed,0.03,"non_closed:1,closed:3"
224,col_run_topk_fixed+vertical_contrast,col_run_topk_fixed+vertical_contrast,loose_5_4_openstep3_blinkasnonclosed,5,4,3,open_blink_as_nonclosed,0.03,"non_closed:1,closed:5"
225,col_run_topk_fixed+vertical_contrast,col_run_topk_fixed+vertical_contrast,loose_5_4_openstep3_blinkasnonclosed,5,4,3,open_blink_as_nonclosed,0.1,balanced
226,col_run_topk_fixed+vertical_contrast,col_run_topk_fixed+vertical_contrast,loose_5_4_openstep3_blinkasnonclosed,5,4,3,open_blink_as_nonclosed,0.1,"non_closed:1,closed:2"
227,col_run_topk_fixed+vertical_contrast,col_run_topk_fixed+vertical_contrast,loose_5_4_openstep3_blinkasnonclosed,5,4,3,open_blink_as_nonclosed,0.1,"non_closed:1,closed:3"
228,col_run_topk_fixed+vertical_contrast,col_run_topk_fixed+vertical_contrast,loose_5_4_openstep3_blinkasnonclosed,5,4,3,open_blink_as_nonclosed,0.1,"non_closed:1,closed:5"
229,col_run_topk_fixed+vertical_contrast,col_run_topk_fixed+vertical_contrast,loose_5_4_openstep3_blinkasnonclosed,5,4,3,open_blink_as_nonclosed,0.3,balanced
230,col_run_topk_fixed+vertical_contrast,col_run_topk_fixed+vertical_contrast,loose_5_4_openstep3_blinkasnonclosed,5,4,3,open_blink_as_nonclosed,0.3,"non_closed:1,closed:2"
231,col_run_topk_fixed+vertical_contrast,col_run_topk_fixed+vertical_contrast,loose_5_4_openstep3_blinkasnonclosed,5,4,3,open_blink_as_nonclosed,0.3,"non_closed:1,closed:3"
232,col_run_topk_fixed+vertical_contrast,col_run_topk_fixed+vertical_contrast,loose_5_4_openstep3_blinkasnonclosed,5,4,3,open_blink_as_nonclosed,0.3,"non_closed:1,closed:5"
233,col_run_topk_fixed+vertical_contrast,col_run_topk_fixed+vertical_contrast,loose_5_4_openstep3_blinkasnonclosed,5,4,3,open_blink_as_nonclosed,1.0,balanced
234,col_run_topk_fixed+vertical_contrast,col_run_topk_fixed+vertical_contrast,loose_5_4_openstep3_blinkasnonclosed,5,4,3,open_blink_as_nonclosed,1.0,"non_closed:1,closed:2"
235,col_run_topk_fixed+vertical_contrast,col_run_topk_fixed+vertical_contrast,loose_5_4_openstep3_blinkasnonclosed,5,4,3,open_blink_as_nonclosed,1.0,"non_closed:1,closed:3"
236,col_run_topk_fixed+vertical_contrast,col_run_topk_fixed+vertical_contrast,loose_5_4_openstep3_blinkasnonclosed,5,4,3,open_blink_as_nonclosed,1.0,"non_closed:1,closed:5"
237,col_run_topk_fixed+vertical_contrast,col_run_topk_fixed+vertical_contrast,loose_5_4_openstep3_blinkasnonclosed,5,4,3,open_blink_as_nonclosed,3.0,balanced
238,col_run_topk_fixed+vertical_contrast,col_run_topk_fixed+vertical_contrast,loose_5_4_openstep3_blinkasnonclosed,5,4,3,open_blink_as_nonclosed,3.0,"non_closed:1,closed:2"
239,col_run_topk_fixed+vertical_contrast,col_run_topk_fixed+vertical_contrast,loose_5_4_openstep3_blinkasnonclosed,5,4,3,open_blink_as_nonclosed,3.0,"non_closed:1,closed:3"
240,col_run_topk_fixed+vertical_contrast,col_run_topk_fixed+vertical_contrast,loose_5_4_openstep3_blinkasnonclosed,5,4,3,open_blink_as_nonclosed,3.0,"non_closed:1,closed:5"
241,col_run_topk_fixed+vertical_contrast,col_run_topk_fixed+vertical_contrast,strict_9_8_openstep3_blinkasnonclosed,9,8,3,open_blink_as_nonclosed,0.03,balanced
242,col_run_topk_fixed+vertical_contrast,col_run_topk_fixed+vertical_contrast,strict_9_8_openstep3_blinkasnonclosed,9,8,3,open_blink_as_nonclosed,0.03,"non_closed:1,closed:2"
243,col_run_topk_fixed+vertical_contrast,col_run_topk_fixed+vertical_contrast,strict_9_8_openstep3_blinkasnonclosed,9,8,3,open_blink_as_nonclosed,0.03,"non_closed:1,closed:3"
244,col_run_topk_fixed+vertical_contrast,col_run_topk_fixed+vertical_contrast,strict_9_8_openstep3_blinkasnonclosed,9,8,3,open_blink_as_nonclosed,0.03,"non_closed:1,closed:5"
245,col_run_topk_fixed+vertical_contrast,col_run_topk_fixed+vertical_contrast,strict_9_8_openstep3_blinkasnonclosed,9,8,3,open_blink_as_nonclosed,0.1,balanced
246,col_run_topk_fixed+vertical_contrast,col_run_topk_fixed+vertical_contrast,strict_9_8_openstep3_blinkasnonclosed,9,8,3,open_blink_as_nonclosed,0.1,"non_closed:1,closed:2"
247,col_run_topk_fixed+vertical_contrast,col_run_topk_fixed+vertical_contrast,strict_9_8_openstep3_blinkasnonclosed,9,8,3,open_blink_as_nonclosed,0.1,"non_closed:1,closed:3"
248,col_run_topk_fixed+vertical_contrast,col_run_topk_fixed+vertical_contrast,strict_9_8_openstep3_blinkasnonclosed,9,8,3,open_blink_as_nonclosed,0.1,"non_closed:1,closed:5"
249,col_run_topk_fixed+vertical_contrast,col_run_topk_fixed+vertical_contrast,strict_9_8_openstep3_blinkasnonclosed,9,8,3,open_blink_as_nonclosed,0.3,balanced
250,col_run_topk_fixed+vertical_contrast,col_run_topk_fixed+vertical_contrast,strict_9_8_openstep3_blinkasnonclosed,9,8,3,open_blink_as_nonclosed,0.3,"non_closed:1,closed:2"
251,col_run_topk_fixed+vertical_contrast,col_run_topk_fixed+vertical_contrast,strict_9_8_openstep3_blinkasnonclosed,9,8,3,open_blink_as_nonclosed,0.3,"non_closed:1,closed:3"
252,col_run_topk_fixed+vertical_contrast,col_run_topk_fixed+vertical_contrast,strict_9_8_openstep3_blinkasnonclosed,9,8,3,open_blink_as_nonclosed,0.3,"non_closed:1,closed:5"
253,col_run_topk_fixed+vertical_contrast,col_run_topk_fixed+vertical_contrast,strict_9_8_openstep3_blinkasnonclosed,9,8,3,open_blink_as_nonclosed,1.0,balanced
254,col_run_topk_fixed+vertical_contrast,col_run_topk_fixed+vertical_contrast,strict_9_8_openstep3_blinkasnonclosed,9,8,3,open_blink_as_nonclosed,1.0,"non_closed:1,closed:2"
255,col_run_topk_fixed+vertical_contrast,col_run_topk_fixed+vertical_contrast,strict_9_8_openstep3_blinkasnonclosed,9,8,3,open_blink_as_nonclosed,1.0,"non_closed:1,closed:3"
256,col_run_topk_fixed+vertical_contrast,col_run_topk_fixed+vertical_contrast,strict_9_8_openstep3_blinkasnonclosed,9,8,3,open_blink_as_nonclosed,1.0,"non_closed:1,closed:5"
257,col_run_topk_fixed+vertical_contrast,col_run_topk_fixed+vertical_contrast,strict_9_8_openstep3_blinkasnonclosed,9,8,3,open_blink_as_nonclosed,3.0,balanced
258,col_run_topk_fixed+vertical_contrast,col_run_topk_fixed+vertical_contrast,strict_9_8_openstep3_blinkasnonclosed,9,8,3,open_blink_as_nonclosed,3.0,"non_closed:1,closed:2"
259,col_run_topk_fixed+vertical_contrast,col_run_topk_fixed+vertical_contrast,strict_9_8_openstep3_blinkasnonclosed,9,8,3,open_blink_as_nonclosed,3.0,"non_closed:1,closed:3"
260,col_run_topk_fixed+vertical_contrast,col_run_topk_fixed+vertical_contrast,strict_9_8_openstep3_blinkasnonclosed,9,8,3,open_blink_as_nonclosed,3.0,"non_closed:1,closed:5"
261,col_run_topk_fixed+vertical_contrast,col_run_topk_fixed+vertical_contrast,std_7_6_openstep5_blinkasnonclosed,7,6,5,open_blink_as_nonclosed,0.03,balanced
262,col_run_topk_fixed+vertical_contrast,col_run_topk_fixed+vertical_contrast,std_7_6_openstep5_blinkasnonclosed,7,6,5,open_blink_as_nonclosed,0.03,"non_closed:1,closed:2"
263,col_run_topk_fixed+vertical_contrast,col_run_topk_fixed+vertical_contrast,std_7_6_openstep5_blinkasnonclosed,7,6,5,open_blink_as_nonclosed,0.03,"non_closed:1,closed:3"
264,col_run_topk_fixed+vertical_contrast,col_run_topk_fixed+vertical_contrast,std_7_6_openstep5_blinkasnonclosed,7,6,5,open_blink_as_nonclosed,0.03,"non_closed:1,closed:5"
265,col_run_topk_fixed+vertical_contrast,col_run_topk_fixed+vertical_contrast,std_7_6_openstep5_blinkasnonclosed,7,6,5,open_blink_as_nonclosed,0.1,balanced
266,col_run_topk_fixed+vertical_contrast,col_run_topk_fixed+vertical_contrast,std_7_6_openstep5_blinkasnonclosed,7,6,5,open_blink_as_nonclosed,0.1,"non_closed:1,closed:2"
267,col_run_topk_fixed+vertical_contrast,col_run_topk_fixed+vertical_contrast,std_7_6_openstep5_blinkasnonclosed,7,6,5,open_blink_as_nonclosed,0.1,"non_closed:1,closed:3"
268,col_run_topk_fixed+vertical_contrast,col_run_topk_fixed+vertical_contrast,std_7_6_openstep5_blinkasnonclosed,7,6,5,open_blink_as_nonclosed,0.1,"non_closed:1,closed:5"
269,col_run_topk_fixed+vertical_contrast,col_run_topk_fixed+vertical_contrast,std_7_6_openstep5_blinkasnonclosed,7,6,5,open_blink_as_nonclosed,0.3,balanced
270,col_run_topk_fixed+vertical_contrast,col_run_topk_fixed+vertical_contrast,std_7_6_openstep5_blinkasnonclosed,7,6,5,open_blink_as_nonclosed,0.3,"non_closed:1,closed:2"
271,col_run_topk_fixed+vertical_contrast,col_run_topk_fixed+vertical_contrast,std_7_6_openstep5_blinkasnonclosed,7,6,5,open_blink_as_nonclosed,0.3,"non_closed:1,closed:3"
272,col_run_topk_fixed+vertical_contrast,col_run_topk_fixed+vertical_contrast,std_7_6_openstep5_blinkasnonclosed,7,6,5,open_blink_as_nonclosed,0.3,"non_closed:1,closed:5"
273,col_run_topk_fixed+vertical_contrast,col_run_topk_fixed+vertical_contrast,std_7_6_openstep5_blinkasnonclosed,7,6,5,open_blink_as_nonclosed,1.0,balanced
274,col_run_topk_fixed+vertical_contrast,col_run_topk_fixed+vertical_contrast,std_7_6_openstep5_blinkasnonclosed,7,6,5,open_blink_as_nonclosed,1.0,"non_closed:1,closed:2"
275,col_run_topk_fixed+vertical_contrast,col_run_topk_fixed+vertical_contrast,std_7_6_openstep5_blinkasnonclosed,7,6,5,open_blink_as_nonclosed,1.0,"non_closed:1,closed:3"
276,col_run_topk_fixed+vertical_contrast,col_run_topk_fixed+vertical_contrast,std_7_6_openstep5_blinkasnonclosed,7,6,5,open_blink_as_nonclosed,1.0,"non_closed:1,closed:5"
277,col_run_topk_fixed+vertical_contrast,col_run_topk_fixed+vertical_contrast,std_7_6_openstep5_blinkasnonclosed,7,6,5,open_blink_as_nonclosed,3.0,balanced
278,col_run_topk_fixed+vertical_contrast,col_run_topk_fixed+vertical_contrast,std_7_6_openstep5_blinkasnonclosed,7,6,5,open_blink_as_nonclosed,3.0,"non_closed:1,closed:2"
279,col_run_topk_fixed+vertical_contrast,col_run_topk_fixed+vertical_contrast,std_7_6_openstep5_blinkasnonclosed,7,6,5,open_blink_as_nonclosed,3.0,"non_closed:1,closed:3"
280,col_run_topk_fixed+vertical_contrast,col_run_topk_fixed+vertical_contrast,std_7_6_openstep5_blinkasnonclosed,7,6,5,open_blink_as_nonclosed,3.0,"non_closed:1,closed:5"
281,col_run_topk_fixed+vertical_contrast,col_run_topk_fixed+vertical_contrast,std_7_6_openonly,7,6,3,open_only,0.03,balanced
282,col_run_topk_fixed+vertical_contrast,col_run_topk_fixed+vertical_contrast,std_7_6_openonly,7,6,3,open_only,0.03,"non_closed:1,closed:2"
283,col_run_topk_fixed+vertical_contrast,col_run_topk_fixed+vertical_contrast,std_7_6_openonly,7,6,3,open_only,0.03,"non_closed:1,closed:3"
284,col_run_topk_fixed+vertical_contrast,col_run_topk_fixed+vertical_contrast,std_7_6_openonly,7,6,3,open_only,0.03,"non_closed:1,closed:5"
285,col_run_topk_fixed+vertical_contrast,col_run_topk_fixed+vertical_contrast,std_7_6_openonly,7,6,3,open_only,0.1,balanced
286,col_run_topk_fixed+vertical_contrast,col_run_topk_fixed+vertical_contrast,std_7_6_openonly,7,6,3,open_only,0.1,"non_closed:1,closed:2"
287,col_run_topk_fixed+vertical_contrast,col_run_topk_fixed+vertical_contrast,std_7_6_openonly,7,6,3,open_only,0.1,"non_closed:1,closed:3"
288,col_run_topk_fixed+vertical_contrast,col_run_topk_fixed+vertical_contrast,std_7_6_openonly,7,6,3,open_only,0.1,"non_closed:1,closed:5"
289,col_run_topk_fixed+vertical_contrast,col_run_topk_fixed+vertical_contrast,std_7_6_openonly,7,6,3,open_only,0.3,balanced
290,col_run_topk_fixed+vertical_contrast,col_run_topk_fixed+vertical_contrast,std_7_6_openonly,7,6,3,open_only,0.3,"non_closed:1,closed:2"
291,col_run_topk_fixed+vertical_contrast,col_run_topk_fixed+vertical_contrast,std_7_6_openonly,7,6,3,open_only,0.3,"non_closed:1,closed:3"
292,col_run_topk_fixed+vertical_contrast,col_run_topk_fixed+vertical_contrast,std_7_6_openonly,7,6,3,open_only,0.3,"non_closed:1,closed:5"
293,col_run_topk_fixed+vertical_contrast,col_run_topk_fixed+vertical_contrast,std_7_6_openonly,7,6,3,open_only,1.0,balanced
294,col_run_topk_fixed+vertical_contrast,col_run_topk_fixed+vertical_contrast,std_7_6_openonly,7,6,3,open_only,1.0,"non_closed:1,closed:2"
295,col_run_topk_fixed+vertical_contrast,col_run_topk_fixed+vertical_contrast,std_7_6_openonly,7,6,3,open_only,1.0,"non_closed:1,closed:3"
296,col_run_topk_fixed+vertical_contrast,col_run_topk_fixed+vertical_contrast,std_7_6_openonly,7,6,3,open_only,1.0,"non_closed:1,closed:5"
297,col_run_topk_fixed+vertical_contrast,col_run_topk_fixed+vertical_contrast,std_7_6_openonly,7,6,3,open_only,3.0,balanced
298,col_run_topk_fixed+vertical_contrast,col_run_topk_fixed+vertical_contrast,std_7_6_openonly,7,6,3,open_only,3.0,"non_closed:1,closed:2"
299,col_run_topk_fixed+vertical_contrast,col_run_topk_fixed+vertical_contrast,std_7_6_openonly,7,6,3,open_only,3.0,"non_closed:1,closed:3"
300,col_run_topk_fixed+vertical_contrast,col_run_topk_fixed+vertical_contrast,std_7_6_openonly,7,6,3,open_only,3.0,"non_closed:1,closed:5"
301,col_run_topk_fixed+h_edge_density,col_run_topk_fixed+h_edge_density,std_7_6_openstep3_blinkasnonclosed,7,6,3,open_blink_as_nonclosed,0.03,balanced
302,col_run_topk_fixed+h_edge_density,col_run_topk_fixed+h_edge_density,std_7_6_openstep3_blinkasnonclosed,7,6,3,open_blink_as_nonclosed,0.03,"non_closed:1,closed:2"
303,col_run_topk_fixed+h_edge_density,col_run_topk_fixed+h_edge_density,std_7_6_openstep3_blinkasnonclosed,7,6,3,open_blink_as_nonclosed,0.03,"non_closed:1,closed:3"
304,col_run_topk_fixed+h_edge_density,col_run_topk_fixed+h_edge_density,std_7_6_openstep3_blinkasnonclosed,7,6,3,open_blink_as_nonclosed,0.03,"non_closed:1,closed:5"
305,col_run_topk_fixed+h_edge_density,col_run_topk_fixed+h_edge_density,std_7_6_openstep3_blinkasnonclosed,7,6,3,open_blink_as_nonclosed,0.1,balanced
306,col_run_topk_fixed+h_edge_density,col_run_topk_fixed+h_edge_density,std_7_6_openstep3_blinkasnonclosed,7,6,3,open_blink_as_nonclosed,0.1,"non_closed:1,closed:2"
307,col_run_topk_fixed+h_edge_density,col_run_topk_fixed+h_edge_density,std_7_6_openstep3_blinkasnonclosed,7,6,3,open_blink_as_nonclosed,0.1,"non_closed:1,closed:3"
308,col_run_topk_fixed+h_edge_density,col_run_topk_fixed+h_edge_density,std_7_6_openstep3_blinkasnonclosed,7,6,3,open_blink_as_nonclosed,0.1,"non_closed:1,closed:5"
309,col_run_topk_fixed+h_edge_density,col_run_topk_fixed+h_edge_density,std_7_6_openstep3_blinkasnonclosed,7,6,3,open_blink_as_nonclosed,0.3,balanced
310,col_run_topk_fixed+h_edge_density,col_run_topk_fixed+h_edge_density,std_7_6_openstep3_blinkasnonclosed,7,6,3,open_blink_as_nonclosed,0.3,"non_closed:1,closed:2"
311,col_run_topk_fixed+h_edge_density,col_run_topk_fixed+h_edge_density,std_7_6_openstep3_blinkasnonclosed,7,6,3,open_blink_as_nonclosed,0.3,"non_closed:1,closed:3"
312,col_run_topk_fixed+h_edge_density,col_run_topk_fixed+h_edge_density,std_7_6_openstep3_blinkasnonclosed,7,6,3,open_blink_as_nonclosed,0.3,"non_closed:1,closed:5"
313,col_run_topk_fixed+h_edge_density,col_run_topk_fixed+h_edge_density,std_7_6_openstep3_blinkasnonclosed,7,6,3,open_blink_as_nonclosed,1.0,balanced
314,col_run_topk_fixed+h_edge_density,col_run_topk_fixed+h_edge_density,std_7_6_openstep3_blinkasnonclosed,7,6,3,open_blink_as_nonclosed,1.0,"non_closed:1,closed:2"
315,col_run_topk_fixed+h_edge_density,col_run_topk_fixed+h_edge_density,std_7_6_openstep3_blinkasnonclosed,7,6,3,open_blink_as_nonclosed,1.0,"non_closed:1,closed:3"
316,col_run_topk_fixed+h_edge_density,col_run_topk_fixed+h_edge_density,std_7_6_openstep3_blinkasnonclosed,7,6,3,open_blink_as_nonclosed,1.0,"non_closed:1,closed:5"
317,col_run_topk_fixed+h_edge_density,col_run_topk_fixed+h_edge_density,std_7_6_openstep3_blinkasnonclosed,7,6,3,open_blink_as_nonclosed,3.0,balanced
318,col_run_topk_fixed+h_edge_density,col_run_topk_fixed+h_edge_density,std_7_6_openstep3_blinkasnonclosed,7,6,3,open_blink_as_nonclosed,3.0,"non_closed:1,closed:2"
319,col_run_topk_fixed+h_edge_density,col_run_topk_fixed+h_edge_density,std_7_6_openstep3_blinkasnonclosed,7,6,3,open_blink_as_nonclosed,3.0,"non_closed:1,closed:3"
320,col_run_topk_fixed+h_edge_density,col_run_topk_fixed+h_edge_density,std_7_6_openstep3_blinkasnonclosed,7,6,3,open_blink_as_nonclosed,3.0,"non_closed:1,closed:5"
321,col_run_topk_fixed+h_edge_density,col_run_topk_fixed+h_edge_density,loose_5_4_openstep3_blinkasnonclosed,5,4,3,open_blink_as_nonclosed,0.03,balanced
322,col_run_topk_fixed+h_edge_density,col_run_topk_fixed+h_edge_density,loose_5_4_openstep3_blinkasnonclosed,5,4,3,open_blink_as_nonclosed,0.03,"non_closed:1,closed:2"
323,col_run_topk_fixed+h_edge_density,col_run_topk_fixed+h_edge_density,loose_5_4_openstep3_blinkasnonclosed,5,4,3,open_blink_as_nonclosed,0.03,"non_closed:1,closed:3"
324,col_run_topk_fixed+h_edge_density,col_run_topk_fixed+h_edge_density,loose_5_4_openstep3_blinkasnonclosed,5,4,3,open_blink_as_nonclosed,0.03,"non_closed:1,closed:5"
325,col_run_topk_fixed+h_edge_density,col_run_topk_fixed+h_edge_density,loose_5_4_openstep3_blinkasnonclosed,5,4,3,open_blink_as_nonclosed,0.1,balanced
326,col_run_topk_fixed+h_edge_density,col_run_topk_fixed+h_edge_density,loose_5_4_openstep3_blinkasnonclosed,5,4,3,open_blink_as_nonclosed,0.1,"non_closed:1,closed:2"
327,col_run_topk_fixed+h_edge_density,col_run_topk_fixed+h_edge_density,loose_5_4_openstep3_blinkasnonclosed,5,4,3,open_blink_as_nonclosed,0.1,"non_closed:1,closed:3"
328,col_run_topk_fixed+h_edge_density,col_run_topk_fixed+h_edge_density,loose_5_4_openstep3_blinkasnonclosed,5,4,3,open_blink_as_nonclosed,0.1,"non_closed:1,closed:5"
329,col_run_topk_fixed+h_edge_density,col_run_topk_fixed+h_edge_density,loose_5_4_openstep3_blinkasnonclosed,5,4,3,open_blink_as_nonclosed,0.3,balanced
330,col_run_topk_fixed+h_edge_density,col_run_topk_fixed+h_edge_density,loose_5_4_openstep3_blinkasnonclosed,5,4,3,open_blink_as_nonclosed,0.3,"non_closed:1,closed:2"
331,col_run_topk_fixed+h_edge_density,col_run_topk_fixed+h_edge_density,loose_5_4_openstep3_blinkasnonclosed,5,4,3,open_blink_as_nonclosed,0.3,"non_closed:1,closed:3"
332,col_run_topk_fixed+h_edge_density,col_run_topk_fixed+h_edge_density,loose_5_4_openstep3_blinkasnonclosed,5,4,3,open_blink_as_nonclosed,0.3,"non_closed:1,closed:5"
333,col_run_topk_fixed+h_edge_density,col_run_topk_fixed+h_edge_density,loose_5_4_openstep3_blinkasnonclosed,5,4,3,open_blink_as_nonclosed,1.0,balanced
334,col_run_topk_fixed+h_edge_density,col_run_topk_fixed+h_edge_density,loose_5_4_openstep3_blinkasnonclosed,5,4,3,open_blink_as_nonclosed,1.0,"non_closed:1,closed:2"
335,col_run_topk_fixed+h_edge_density,col_run_topk_fixed+h_edge_density,loose_5_4_openstep3_blinkasnonclosed,5,4,3,open_blink_as_nonclosed,1.0,"non_closed:1,closed:3"
336,col_run_topk_fixed+h_edge_density,col_run_topk_fixed+h_edge_density,loose_5_4_openstep3_blinkasnonclosed,5,4,3,open_blink_as_nonclosed,1.0,"non_closed:1,closed:5"
337,col_run_topk_fixed+h_edge_density,col_run_topk_fixed+h_edge_density,loose_5_4_openstep3_blinkasnonclosed,5,4,3,open_blink_as_nonclosed,3.0,balanced
338,col_run_topk_fixed+h_edge_density,col_run_topk_fixed+h_edge_density,loose_5_4_openstep3_blinkasnonclosed,5,4,3,open_blink_as_nonclosed,3.0,"non_closed:1,closed:2"
339,col_run_topk_fixed+h_edge_density,col_run_topk_fixed+h_edge_density,loose_5_4_openstep3_blinkasnonclosed,5,4,3,open_blink_as_nonclosed,3.0,"non_closed:1,closed:3"
340,col_run_topk_fixed+h_edge_density,col_run_topk_fixed+h_edge_density,loose_5_4_openstep3_blinkasnonclosed,5,4,3,open_blink_as_nonclosed,3.0,"non_closed:1,closed:5"
341,col_run_topk_fixed+h_edge_density,col_run_topk_fixed+h_edge_density,strict_9_8_openstep3_blinkasnonclosed,9,8,3,open_blink_as_nonclosed,0.03,balanced
342,col_run_topk_fixed+h_edge_density,col_run_topk_fixed+h_edge_density,strict_9_8_openstep3_blinkasnonclosed,9,8,3,open_blink_as_nonclosed,0.03,"non_closed:1,closed:2"
343,col_run_topk_fixed+h_edge_density,col_run_topk_fixed+h_edge_density,strict_9_8_openstep3_blinkasnonclosed,9,8,3,open_blink_as_nonclosed,0.03,"non_closed:1,closed:3"
344,col_run_topk_fixed+h_edge_density,col_run_topk_fixed+h_edge_density,strict_9_8_openstep3_blinkasnonclosed,9,8,3,open_blink_as_nonclosed,0.03,"non_closed:1,closed:5"
345,col_run_topk_fixed+h_edge_density,col_run_topk_fixed+h_edge_density,strict_9_8_openstep3_blinkasnonclosed,9,8,3,open_blink_as_nonclosed,0.1,balanced
346,col_run_topk_fixed+h_edge_density,col_run_topk_fixed+h_edge_density,strict_9_8_openstep3_blinkasnonclosed,9,8,3,open_blink_as_nonclosed,0.1,"non_closed:1,closed:2"
347,col_run_topk_fixed+h_edge_density,col_run_topk_fixed+h_edge_density,strict_9_8_openstep3_blinkasnonclosed,9,8,3,open_blink_as_nonclosed,0.1,"non_closed:1,closed:3"
348,col_run_topk_fixed+h_edge_density,col_run_topk_fixed+h_edge_density,strict_9_8_openstep3_blinkasnonclosed,9,8,3,open_blink_as_nonclosed,0.1,"non_closed:1,closed:5"
349,col_run_topk_fixed+h_edge_density,col_run_topk_fixed+h_edge_density,strict_9_8_openstep3_blinkasnonclosed,9,8,3,open_blink_as_nonclosed,0.3,balanced
350,col_run_topk_fixed+h_edge_density,col_run_topk_fixed+h_edge_density,strict_9_8_openstep3_blinkasnonclosed,9,8,3,open_blink_as_nonclosed,0.3,"non_closed:1,closed:2"
351,col_run_topk_fixed+h_edge_density,col_run_topk_fixed+h_edge_density,strict_9_8_openstep3_blinkasnonclosed,9,8,3,open_blink_as_nonclosed,0.3,"non_closed:1,closed:3"
352,col_run_topk_fixed+h_edge_density,col_run_topk_fixed+h_edge_density,strict_9_8_openstep3_blinkasnonclosed,9,8,3,open_blink_as_nonclosed,0.3,"non_closed:1,closed:5"
353,col_run_topk_fixed+h_edge_density,col_run_topk_fixed+h_edge_density,strict_9_8_openstep3_blinkasnonclosed,9,8,3,open_blink_as_nonclosed,1.0,balanced
354,col_run_topk_fixed+h_edge_density,col_run_topk_fixed+h_edge_density,strict_9_8_openstep3_blinkasnonclosed,9,8,3,open_blink_as_nonclosed,1.0,"non_closed:1,closed:2"
355,col_run_topk_fixed+h_edge_density,col_run_topk_fixed+h_edge_density,strict_9_8_openstep3_blinkasnonclosed,9,8,3,open_blink_as_nonclosed,1.0,"non_closed:1,closed:3"
356,col_run_topk_fixed+h_edge_density,col_run_topk_fixed+h_edge_density,strict_9_8_openstep3_blinkasnonclosed,9,8,3,open_blink_as_nonclosed,1.0,"non_closed:1,closed:5"
357,col_run_topk_fixed+h_edge_density,col_run_topk_fixed+h_edge_density,strict_9_8_openstep3_blinkasnonclosed,9,8,3,open_blink_as_nonclosed,3.0,balanced
358,col_run_topk_fixed+h_edge_density,col_run_topk_fixed+h_edge_density,strict_9_8_openstep3_blinkasnonclosed,9,8,3,open_blink_as_nonclosed,3.0,"non_closed:1,closed:2"
359,col_run_topk_fixed+h_edge_density,col_run_topk_fixed+h_edge_density,strict_9_8_openstep3_blinkasnonclosed,9,8,3,open_blink_as_nonclosed,3.0,"non_closed:1,closed:3"
360,col_run_topk_fixed+h_edge_density,col_run_topk_fixed+h_edge_density,strict_9_8_openstep3_blinkasnonclosed,9,8,3,open_blink_as_nonclosed,3.0,"non_closed:1,closed:5"
361,col_run_topk_fixed+h_edge_density,col_run_topk_fixed+h_edge_density,std_7_6_openstep5_blinkasnonclosed,7,6,5,open_blink_as_nonclosed,0.03,balanced
362,col_run_topk_fixed+h_edge_density,col_run_topk_fixed+h_edge_density,std_7_6_openstep5_blinkasnonclosed,7,6,5,open_blink_as_nonclosed,0.03,"non_closed:1,closed:2"
363,col_run_topk_fixed+h_edge_density,col_run_topk_fixed+h_edge_density,std_7_6_openstep5_blinkasnonclosed,7,6,5,open_blink_as_nonclosed,0.03,"non_closed:1,closed:3"
364,col_run_topk_fixed+h_edge_density,col_run_topk_fixed+h_edge_density,std_7_6_openstep5_blinkasnonclosed,7,6,5,open_blink_as_nonclosed,0.03,"non_closed:1,closed:5"
365,col_run_topk_fixed+h_edge_density,col_run_topk_fixed+h_edge_density,std_7_6_openstep5_blinkasnonclosed,7,6,5,open_blink_as_nonclosed,0.1,balanced
366,col_run_topk_fixed+h_edge_density,col_run_topk_fixed+h_edge_density,std_7_6_openstep5_blinkasnonclosed,7,6,5,open_blink_as_nonclosed,0.1,"non_closed:1,closed:2"
367,col_run_topk_fixed+h_edge_density,col_run_topk_fixed+h_edge_density,std_7_6_openstep5_blinkasnonclosed,7,6,5,open_blink_as_nonclosed,0.1,"non_closed:1,closed:3"
368,col_run_topk_fixed+h_edge_density,col_run_topk_fixed+h_edge_density,std_7_6_openstep5_blinkasnonclosed,7,6,5,open_blink_as_nonclosed,0.1,"non_closed:1,closed:5"
369,col_run_topk_fixed+h_edge_density,col_run_topk_fixed+h_edge_density,std_7_6_openstep5_blinkasnonclosed,7,6,5,open_blink_as_nonclosed,0.3,balanced
370,col_run_topk_fixed+h_edge_density,col_run_topk_fixed+h_edge_density,std_7_6_openstep5_blinkasnonclosed,7,6,5,open_blink_as_nonclosed,0.3,"non_closed:1,closed:2"
371,col_run_topk_fixed+h_edge_density,col_run_topk_fixed+h_edge_density,std_7_6_openstep5_blinkasnonclosed,7,6,5,open_blink_as_nonclosed,0.3,"non_closed:1,closed:3"
372,col_run_topk_fixed+h_edge_density,col_run_topk_fixed+h_edge_density,std_7_6_openstep5_blinkasnonclosed,7,6,5,open_blink_as_nonclosed,0.3,"non_closed:1,closed:5"
373,col_run_topk_fixed+h_edge_density,col_run_topk_fixed+h_edge_density,std_7_6_openstep5_blinkasnonclosed,7,6,5,open_blink_as_nonclosed,1.0,balanced
374,col_run_topk_fixed+h_edge_density,col_run_topk_fixed+h_edge_density,std_7_6_openstep5_blinkasnonclosed,7,6,5,open_blink_as_nonclosed,1.0,"non_closed:1,closed:2"
375,col_run_topk_fixed+h_edge_density,col_run_topk_fixed+h_edge_density,std_7_6_openstep5_blinkasnonclosed,7,6,5,open_blink_as_nonclosed,1.0,"non_closed:1,closed:3"
376,col_run_topk_fixed+h_edge_density,col_run_topk_fixed+h_edge_density,std_7_6_openstep5_blinkasnonclosed,7,6,5,open_blink_as_nonclosed,1.0,"non_closed:1,closed:5"
377,col_run_topk_fixed+h_edge_density,col_run_topk_fixed+h_edge_density,std_7_6_openstep5_blinkasnonclosed,7,6,5,open_blink_as_nonclosed,3.0,balanced
378,col_run_topk_fixed+h_edge_density,col_run_topk_fixed+h_edge_density,std_7_6_openstep5_blinkasnonclosed,7,6,5,open_blink_as_nonclosed,3.0,"non_closed:1,closed:2"
379,col_run_topk_fixed+h_edge_density,col_run_topk_fixed+h_edge_density,std_7_6_openstep5_blinkasnonclosed,7,6,5,open_blink_as_nonclosed,3.0,"non_closed:1,closed:3"
380,col_run_topk_fixed+h_edge_density,col_run_topk_fixed+h_edge_density,std_7_6_openstep5_blinkasnonclosed,7,6,5,open_blink_as_nonclosed,3.0,"non_closed:1,closed:5"
381,col_run_topk_fixed+h_edge_density,col_run_topk_fixed+h_edge_density,std_7_6_openonly,7,6,3,open_only,0.03,balanced
382,col_run_topk_fixed+h_edge_density,col_run_topk_fixed+h_edge_density,std_7_6_openonly,7,6,3,open_only,0.03,"non_closed:1,closed:2"
383,col_run_topk_fixed+h_edge_density,col_run_topk_fixed+h_edge_density,std_7_6_openonly,7,6,3,open_only,0.03,"non_closed:1,closed:3"
384,col_run_topk_fixed+h_edge_density,col_run_topk_fixed+h_edge_density,std_7_6_openonly,7,6,3,open_only,0.03,"non_closed:1,closed:5"
385,col_run_topk_fixed+h_edge_density,col_run_topk_fixed+h_edge_density,std_7_6_openonly,7,6,3,open_only,0.1,balanced
386,col_run_topk_fixed+h_edge_density,col_run_topk_fixed+h_edge_density,std_7_6_openonly,7,6,3,open_only,0.1,"non_closed:1,closed:2"
387,col_run_topk_fixed+h_edge_density,col_run_topk_fixed+h_edge_density,std_7_6_openonly,7,6,3,open_only,0.1,"non_closed:1,closed:3"
388,col_run_topk_fixed+h_edge_density,col_run_topk_fixed+h_edge_density,std_7_6_openonly,7,6,3,open_only,0.1,"non_closed:1,closed:5"
389,col_run_topk_fixed+h_edge_density,col_run_topk_fixed+h_edge_density,std_7_6_openonly,7,6,3,open_only,0.3,balanced
390,col_run_topk_fixed+h_edge_density,col_run_topk_fixed+h_edge_density,std_7_6_openonly,7,6,3,open_only,0.3,"non_closed:1,closed:2"
391,col_run_topk_fixed+h_edge_density,col_run_topk_fixed+h_edge_density,std_7_6_openonly,7,6,3,open_only,0.3,"non_closed:1,closed:3"
392,col_run_topk_fixed+h_edge_density,col_run_topk_fixed+h_edge_density,std_7_6_openonly,7,6,3,open_only,0.3,"non_closed:1,closed:5"
393,col_run_topk_fixed+h_edge_density,col_run_topk_fixed+h_edge_density,std_7_6_openonly,7,6,3,open_only,1.0,balanced
394,col_run_topk_fixed+h_edge_density,col_run_topk_fixed+h_edge_density,std_7_6_openonly,7,6,3,open_only,1.0,"non_closed:1,closed:2"
395,col_run_topk_fixed+h_edge_density,col_run_topk_fixed+h_edge_density,std_7_6_openonly,7,6,3,open_only,1.0,"non_closed:1,closed:3"
396,col_run_topk_fixed+h_edge_density,col_run_topk_fixed+h_edge_density,std_7_6_openonly,7,6,3,open_only,1.0,"non_closed:1,closed:5"
397,col_run_topk_fixed+h_edge_density,col_run_topk_fixed+h_edge_density,std_7_6_openonly,7,6,3,open_only,3.0,balanced
398,col_run_topk_fixed+h_edge_density,col_run_topk_fixed+h_edge_density,std_7_6_openonly,7,6,3,open_only,3.0,"non_closed:1,closed:2"
399,col_run_topk_fixed+h_edge_density,col_run_topk_fixed+h_edge_density,std_7_6_openonly,7,6,3,open_only,3.0,"non_closed:1,closed:3"
400,col_run_topk_fixed+h_edge_density,col_run_topk_fixed+h_edge_density,std_7_6_openonly,7,6,3,open_only,3.0,"non_closed:1,closed:5"
