video_id,frame_id,timestamp_sec,ear_l,ear_r,ear_avg,det_ok,face_count,face_x,face_y,face_w,face_h,ear_smooth
33,0,0.0,0.2727272727272727,0.2724459770254312,0.272586624876352,1,1,244,145,151,150,0.27352646362164784
33,1,0.03352942097026604,0.2746082435954701,0.27432500782722,0.27446662571134506,1,1,244,145,151,150,0.2765329954243807
33,2,0.06705884194053208,0.2727272727272727,0.27432500782722,0.27352614027724637,1,1,244,145,151,150,0.27368554058900896
33,3,0.10058826291079812,0.2857142857142857,0.28539089595087297,0.28555259083257933,1,1,244,145,151,150,0.27384531409900364
33,4,0.13411768388106415,0.2619047619047619,0.26268668059028194,0.26229572124752193,1,1,244,145,151,150,0.27365721701218393
33,5,0.1676471048513302,0.2724459770254312,0.27432500782722,0.2733854924263256,1,1,244,145,151,150,0.2738451200923628
33,6,0.20117652582159623,0.2727272727272727,0.27432500782722,0.27352614027724637,1,1,244,145,151,150,0.27143982998129623
33,7,0.23470594679186227,0.2727272727272727,0.27620403862900883,0.27446565567814074,1,1,244,145,151,150,0.27365778421705694
33,8,0.2682353677621283,0.2727272727272727,0.27432500782722,0.27352614027724637,1,1,244,145,151,150,0.27228761839727117
33,9,0.3017647887323944,0.2724459770254312,0.27432500782722,0.2733854924263256,1,1,244,145,151,150,0.27207158574690815
33,10,0.3352942097026604,0.2724459770254312,0.26062334962936257,0.2665346633273969,1,1,244,145,151,150,0.2716676500163663
33,11,0.36882363067292645,0.2724459770254312,0.2724459770254312,0.2724459770254312,1,1,244,145,151,150,0.2691812342241246
33,12,0.40235305164319246,0.2724459770254312,0.2724459770254312,0.2724459770254312,1,1,244,145,151,150,0.26563918242835405
33,13,0.4358824726134585,0.2497421456066453,0.2724459770254312,0.26109406131603824,1,1,244,145,151,150,0.2601601090145791
33,14,0.46941189358372454,0.2616083212883002,0.2497421456066453,0.2556752334474727,1,1,244,145,151,150,0.24201579692633982
33,15,0.5029413145539906,0.24045284589131674,0.23782574662572747,0.2391392962585221,1,1,244,145,151,150,0.22324088723553923
33,16,0.5364707355242566,0.18163065135028747,0.18181818181818182,0.18172441658423466,1,1,244,145,151,150,0.20056752951778614
33,17,0.5700001564945227,0.19047619047619047,0.16666666666666666,0.17857142857142855,1,1,244,145,151,150,0.1880500934178658
33,18,0.6035295774647887,0.1590909090909091,0.13636363636363635,0.1477272727272727,1,1,244,145,151,150,0.17981387072976157
33,19,0.6370589984350548,0.20454545454545456,0.18163065135028747,0.19308805294787101,1,1,244,145,151,150,0.18208659800248883
33,20,0.6705884194053208,0.21428571428571427,0.18163065135028747,0.19795818281800087,1,1,244,145,151,150,0.18596394885180328
33,21,0.7041178403755869,0.18163065135028747,0.20454545454545456,0.19308805294787101,1,1,244,145,151,150,0.1936259697940798
33,22,0.7376472613458529,0.21428571428571427,0.18163065135028747,0.19795818281800087,1,1,244,145,151,150,0.18648929179315066
33,23,0.7711766823161189,0.1956521739130435,0.17642258096426716,0.18603737743865534,1,1,244,145,151,150,0.17975960901438748
33,24,0.8047061032863849,0.1520302872837948,0.16277903860265558,0.1574046629432252,1,1,244,145,151,150,0.17452684533501095
33,25,0.838235524256651,0.1520302872837948,0.1765892505645752,0.164309768924185,1,1,244,145,151,150,0.17582320250286357
33,26,0.871764945226917,0.1520302872837948,0.18181818181818182,0.16692423455098832,1,1,244,145,151,150,0.18535389450924816
33,27,0.9052943661971831,0.2043344827690734,0.20454545454545456,0.204439968657264,1,1,244,145,151,150,0.20061112941471873
33,28,0.9388237871674491,0.23809523809523808,0.22928643684591832,0.2336908374705782,1,1,244,145,151,150,0.2134050920417463
33,29,0.9723532081377152,0.23809523809523808,0.22928643684591832,0.2336908374705782,1,1,244,145,151,150,0.22567616154341322
33,30,1.0058826291079812,0.22727272727272727,0.22928643684591832,0.2282795820593228,1,1,244,145,151,150,0.23476472650347363
33,31,1.0394120500782473,0.22727272727272727,0.22928643684591832,0.2282795820593228,1,1,244,145,151,150,0.23802655900935799
33,32,1.0729414710485132,0.2727272727272727,0.22703831418785933,0.24988279345756603,1,1,244,145,151,150,0.2457775869203286
33,33,1.1064708920187794,0.25,0.25,0.25,1,1,244,145,151,150,0.25463899548373436
33,34,1.1400003129890455,0.2724459770254312,0.2724459770254312,0.2724459770254312,1,1,244,145,151,150,0.2659588842758386
33,35,1.1735297339593114,0.2727272727272727,0.2724459770254312,0.272586624876352,1,1,244,145,151,150,0.2705277801297799
33,36,1.2070591549295775,0.2746082435954701,0.2951498084442171,0.2848790260198436,1,1,244,145,151,150,0.2727747219631717
33,37,1.2405885758998434,0.2727272727272727,0.2727272727272727,0.2727272727272727,1,1,244,145,151,150,0.2729907546135347
33,38,1.2741179968701095,0.2727272727272727,0.2497421456066453,0.261234709166959,1,1,244,145,151,150,0.27447735899241493
33,39,1.3076474178403756,0.2727272727272727,0.27432500782722,0.27352614027724637,1,1,244,145,151,150,0.2690016260444666
33,40,1.3411768388106415,0.2857142857142857,0.27432500782722,0.28001964677075286,1,1,244,145,151,150,0.2680018146311052
33,41,1.3747062597809077,0.2857142857142857,0.22928643684591832,0.257500361280102,1,1,244,145,151,150,0.27175880215186393
33,42,1.4082356807511738,0.2857142857142857,0.2497421456066453,0.2677282156604655,1,1,244,145,151,150,0.26725494505373376
33,43,1.4417651017214397,0.2857142857142857,0.27432500782722,0.28001964677075286,1,1,244,145,151,150,0.26611601726502715
33,44,1.4752945226917058,0.2727272727272727,0.22928643684591832,0.2510068547865955,1,1,244,145,151,150,0.2658912049992213
33,45,1.5088239436619717,0.2724459770254312,0.27620403862900883,0.27432500782722,1,1,244,145,151,150,0.26834949122127877
33,46,1.5423533646322378,0.2857142857142857,0.22703831418785933,0.25637629995107253,1,1,244,145,151,150,0.2645901595696713
33,47,1.575882785602504,0.2857142857142857,0.27432500782722,0.28001964677075286,1,1,244,145,151,150,0.271148367159317
33,48,1.6094122065727698,0.25,0.2724459770254312,0.26122298851271564,1,1,244,145,151,150,0.26755862558408755
33,49,1.642941627543036,0.2951498084442171,0.2724459770254312,0.28379789273482414,1,1,244,145,151,150,0.2651776732031351
33,50,1.676471048513302,0.2857142857142857,0.22703831418785933,0.25637629995107253,1,1,244,145,151,150,0.26067381610500495
33,51,1.710000469483568,0.2619047619047619,0.22703831418785933,0.2444715380463106,1,1,244,145,151,150,0.2561330498212478
33,52,1.743529890453834,0.2857142857142857,0.22928643684591832,0.257500361280102,1,1,244,145,151,150,0.2470773026930689
33,53,1.7770593114241002,0.25,0.22703831418785933,0.23851915709392968,1,1,244,145,151,150,0.24373068638744622
33,54,1.8105887323943661,0.25,0.22703831418785933,0.23851915709392968,1,1,244,145,151,150,0.2506524050521558
33,55,1.8441181533646323,0.25,0.22928643684591832,0.23964321842295916,1,1,244,145,151,150,0.2524592654616148
33,56,1.8776475743348982,0.2857142857142857,0.2724459770254312,0.27908013136985843,1,1,244,145,151,150,0.25547558843201934
33,57,1.9111769953051643,0.2724459770254312,0.26062334962936257,0.2665346633273969,1,1,244,145,151,150,0.2590470170034479
33,58,1.9447064162754304,0.2857142857142857,0.22148725817761966,0.25360077194595265,1,1,244,145,151,150,0.2600126809281182
33,59,1.9782358372456963,0.2857142857142857,0.22703831418785933,0.25637629995107253,1,1,244,145,151,150,0.2519004860729325
33,60,2.0117652582159624,0.2619047619047619,0.22703831418785933,0.2444715380463106,1,1,244,145,151,150,0.25308274881253934
33,61,2.0452946791862283,0.25,0.22703831418785933,0.23851915709392968,1,1,244,145,151,150,0.24799506952672656
33,62,2.0788241001564947,0.2724459770254312,0.2724459770254312,0.2724459770254312,1,1,244,145,151,150,0.2446484532211039
33,63,2.1123535211267606,0.22703831418785933,0.22928643684591832,0.22816237551688884,1,1,244,145,151,150,0.2416351064042411
33,64,2.1458829420970265,0.25,0.22928643684591832,0.23964321842295916,1,1,244,145,151,150,0.2441326459427743
33,65,2.179412363067293,0.22952317107807507,0.22928643684591832,0.2294048039619967,1,1,244,145,151,150,0.23757209422227987
33,66,2.2129417840375587,0.2727272727272727,0.22928643684591832,0.2510068547865955,1,1,244,145,151,150,0.24083392672816423
33,67,2.2464712050078246,0.25,0.22928643684591832,0.23964321842295916,1,1,244,145,151,150,0.24288184173508562
33,68,2.280000625978091,0.2619047619047619,0.22703831418785933,0.2444715380463106,1,1,244,145,151,150,0.2469774396341995
33,69,2.313530046948357,0.2727272727272727,0.22703831418785933,0.24988279345756603,1,1,244,145,151,150,0.2447047123614722
33,70,2.3470594679186227,0.2727272727272727,0.22703831418785933,0.24988279345756603,1,1,244,145,151,150,0.24218247819207842
33,71,2.3805888888888886,0.25,0.22928643684591832,0.23964321842295916,1,1,244,145,151,150,0.24348954154013533
33,72,2.414118309859155,0.23782574662572747,0.21623834852625262,0.22703204757599005,1,1,244,145,151,150,0.23894408699468078
33,73,2.447647730829421,0.2727272727272727,0.22928643684591832,0.2510068547865955,1,1,244,145,151,150,0.24151858562812292
33,74,2.481177151799687,0.22727272727272727,0.22703831418785933,0.2271555207302933,1,1,244,145,151,150,0.24509001419955148
33,75,2.514706572769953,0.2876848266238258,0.23782574662572747,0.26275528662477665,1,1,244,145,151,150,0.2488263979826372
33,76,2.548235993740219,0.2857142857142857,0.22928643684591832,0.257500361280102,1,1,244,145,151,150,0.2451383822536278
33,77,2.581765414710485,0.2619047619047619,0.22952317107807507,0.2457139664914185,1,1,244,145,151,150,0.2509825380977837
33,78,2.6152948356807513,0.23809523809523808,0.22703831418785933,0.2325667761415487,1,1,244,145,151,150,0.24613531219161427
33,79,2.648824256651017,0.2857142857142857,0.22703831418785933,0.25637629995107253,1,1,244,145,151,150,0.24137340742970953
33,80,2.682353677621283,0.25,0.22703831418785933,0.23851915709392968,1,1,244,145,151,150,0.23874396935973557
33,81,2.7158830985915494,0.23809523809523808,0.22928643684591832,0.2336908374705782,1,1,244,145,151,150,0.24114836304917472
33,82,2.7494125195618153,0.23809523809523808,0.22703831418785933,0.2325667761415487,1,1,244,145,151,150,0.23305492124077842
33,83,2.782941940532081,0.2619047619047619,0.22727272727272727,0.24458874458874458,1,1,244,145,151,150,0.2209077979791015
33,84,2.8164713615023476,0.22727272727272727,0.20454545454545456,0.2159090909090909,1,1,244,145,151,150,0.2078152210592295
33,85,2.8500007824726135,0.18181818181818182,0.17374889975290836,0.1777835407855451,1,1,244,145,151,150,0.19170792328767874
33,86,2.8835302034428794,0.18442561845864175,0.1520302872837948,0.16822795287121828,1,1,244,145,151,150,0.1711725965345468
33,87,2.9170596244131457,0.1520302872837948,0.1520302872837948,0.1520302872837948,1,1,244,145,151,150,0.15698990584830502
33,88,2.9505890453834116,0.15555473373026182,0.12826948791590803,0.1419121108230849,1,1,244,145,151,150,0.15183925514795496
33,89,2.9841184663536775,0.16172178703985582,0.12826948791590803,0.1449956374778819,1,1,244,145,151,150,0.14711751404832957
33,90,3.0176478873239434,0.1520302872837948,0.1520302872837948,0.1520302872837948,1,1,244,145,151,150,0.14373335547532579
33,91,3.0511773082942097,0.15892681993150154,0.13031167481468128,0.1446192473730914,1,1,244,145,151,150,0.13861472424327745
33,92,3.0847067292644756,0.13990731402287063,0.13031167481468128,0.13510949441877596,1,1,244,145,151,150,0.13698994027610295
33,93,3.1182361502347415,0.11900154568932274,0.11363636363636363,0.11631895466284319,1,1,244,145,151,150,0.13340156301322187
33,94,3.151765571205008,0.13990731402287063,0.1338361212611483,0.13687171764200945,1,1,244,145,151,150,0.13347684103417998
33,95,3.185294992175274,0.13990731402287063,0.12826948791590803,0.13408840096938934,1,1,244,145,151,150,0.13495650648140828
33,96,3.2188244131455397,0.16172178703985582,0.12826948791590803,0.1449956374778819,1,1,244,145,151,150,0.13992691175868724
33,97,3.252353834115806,0.1547039684951536,0.13031167481468128,0.14250782165491743,1,1,244,145,151,150,0.14206754907470706
33,98,3.285883255086072,0.1520302872837948,0.13031167481468128,0.14117098104923803,1,1,244,145,151,150,0.1434840650906768
33,99,3.319412676056338,0.15892681993150154,0.1362229885127156,0.14757490422210856,1,1,244,145,151,150,0.14734663879244186
33,100,3.352942097026604,0.1520302872837948,0.13031167481468128,0.14117098104923803,1,1,244,145,151,150,0.148502444871965
33,101,3.38647151799687,0.1547039684951536,0.17391304347826086,0.16430850598670724,1,1,244,145,151,150,0.14765523593074542
33,102,3.420000938967136,0.16261114544165658,0.1339625586634097,0.14828685205253314,1,1,244,145,151,150,0.15342477127917714
33,103,3.4535303599374023,0.13990731402287063,0.1339625586634097,0.13693493634314016,1,1,244,145,151,150,0.15221247395308474
33,104,3.487059780907668,0.17642258096426716,0.17642258096426716,0.17642258096426716,1,1,244,145,151,150,0.14802295145972888
33,105,3.520589201877934,0.13990731402287063,0.13031167481468128,0.13510949441877596,1,1,244,145,151,150,0.15090519454388726
33,106,3.5541186228482005,0.16172178703985582,0.125,0.14336089351992792,1,1,244,145,151,150,0.14461493131636052
33,107,3.5876480438184664,0.17374889975290836,0.1516472351937417,0.16269806747332505,1,1,244,145,151,150,0.1431448519239194
33,108,3.6211774647887323,0.11887880540383475,0.09208843500717827,0.1054836202055065,1,1,244,145,151,150,0.1443571492500118
33,109,3.654706885758998,0.16172178703985582,0.17642258096426716,0.16907218400206148,1,1,244,145,151,150,0.1478926617114158
33,110,3.6882363067292645,0.1520302872837948,0.13031167481468128,0.14117098104923803,1,1,244,145,151,150,0.14430477745611794
33,111,3.7217657276995304,0.15555473373026182,0.16652217792363402,0.16103845582694792,1,1,244,145,151,150,0.15172423290946402
33,112,3.7552951486697963,0.15555473373026182,0.1339625586634097,0.14475864619683576,1,1,244,145,151,150,0.14494400577220837
33,113,3.7888245696400626,0.15485012012979257,0.13031167481468128,0.14258089747223693,1,1,244,145,151,150,0.15024474965193763
33,114,3.8223539906103285,0.13990731402287063,0.13043478260869565,0.13517104831578314,1,1,244,145,151,150,0.14543469784645682
33,115,3.8558834115805944,0.15892681993150154,0.17642258096426716,0.16767470044788435,1,1,244,145,151,150,0.15340460980458268
33,116,3.889412832550861,0.1490847601563623,0.12489163344272552,0.1369881967995439,1,1,244,145,151,150,0.15922367414914965
33,117,3.9229422535211267,0.1954675122220219,0.17374889975290836,0.18460820598746513,1,1,244,145,151,150,0.16722302693024582
33,118,3.9564716744913926,0.16172178703985582,0.18163065135028747,0.17167621919507164,1,1,244,145,151,150,0.1666348645615212
33,119,3.990001095461659,0.17642258096426716,0.17391304347826086,0.175167812221264,1,1,244,145,151,150,0.1720825120264186
33,120,4.023530516431925,0.15555473373026182,0.17391304347826086,0.16473388860426136,1,1,244,145,151,150,0.16809123417724262
33,121,4.057059937402191,0.1547039684951536,0.17374889975290836,0.16422643412403098,1,1,244,145,151,150,0.1675870940986714
33,122,4.090589358372457,0.15555473373026182,0.17374889975290836,0.16465181674158508,1,1,244,145,151,150,0.1675870940986714
33,123,4.124118779342723,0.16172178703985582,0.1765892505645752,0.16915551880221552,1,1,244,145,151,150,0.1696738788220719
33,124,4.157648200312989,0.17642258096426716,0.17391304347826086,0.175167812221264,1,1,244,145,151,150,0.16699150210353836
33,125,4.191177621283255,0.17642258096426716,0.17391304347826086,0.175167812221264,1,1,244,145,151,150,0.16109534841837797
33,126,4.224707042253521,0.13990731402287063,0.16172178703985582,0.15081455053136322,1,1,244,145,151,150,0.15551280344375082
33,127,4.2582364632237875,0.13990731402287063,0.13043478260869565,0.13517104831578314,1,1,244,145,151,150,0.1534260187203503
33,128,4.291765884194053,0.13031167481468128,0.15217391304347827,0.1412427939290798,1,1,244,145,151,150,0.14916737275003839
33,129,4.325295305164319,0.15555473373026182,0.17391304347826086,0.16473388860426136,1,1,244,145,151,150,0.14787308678285987
33,130,4.358824726134586,0.1338361212611483,0.17391304347826086,0.15387458236970458,1,1,244,145,151,150,0.15004699982633812
33,131,4.392354147104851,0.1338361212611483,0.15485012012979257,0.14434312069547045,1,1,244,145,151,150,0.14787308678285987
33,132,4.425883568075117,0.13990731402287063,0.15217391304347827,0.14604061353317443,1,1,244,145,151,150,0.14630834481212074
33,133,4.459412989045384,0.13031167481468128,0.13043478260869565,0.13037322871168847,1,1,244,145,151,150,0.14927071989302418
33,134,4.492942410015649,0.13990731402287063,0.17391304347826086,0.15691017875056573,1,1,244,145,151,150,0.14743630541708672
33,135,4.5264718309859155,0.15555473373026182,0.18181818181818182,0.1686864577742218,1,1,244,145,151,150,0.1458552777491025
33,136,4.560001251956182,0.13990731402287063,0.13043478260869565,0.13517104831578314,1,1,244,145,151,150,0.15114625338434273
33,137,4.593530672926447,0.13990731402287063,0.13636363636363635,0.13813547519325348,1,1,244,145,151,150,0.14511858540015302
33,138,4.627060093896714,0.13990731402287063,0.17374889975290836,0.1568281068878895,1,1,244,145,151,150,0.14558083015676726
33,139,4.660589514866979,0.13990731402287063,0.11363636363636363,0.12677183882961712,1,1,244,145,151,150,0.14923671303153627
33,140,4.6941189358372455,0.16540611255001084,0.1765892505645752,0.170997681557293,1,1,244,145,151,150,0.15208650323782186
33,141,4.727648356807512,0.13031167481468128,0.1765892505645752,0.15345046268962825,1,1,244,145,151,150,0.15149579833418486
33,142,4.761177777777777,0.15555473373026182,0.14921411871910095,0.1523844262246814,1,1,244,145,151,150,0.15472807142275574
33,143,4.794707198748044,0.1338361212611483,0.17391304347826086,0.15387458236970458,1,1,244,145,151,150,0.14538883173097553
33,144,4.82823661971831,0.15555473373026182,0.13031167481468128,0.14293320427247155,1,1,244,145,151,150,0.14825034624265754
33,145,4.861766040688575,0.13990731402287063,0.10869565217391304,0.12430148309839184,1,1,244,145,151,150,0.14671254649686227
33,146,4.895295461658842,0.15892681993150154,0.1765892505645752,0.16775803524803837,1,1,244,145,151,150,0.1456664783145813
33,147,4.928824882629108,0.1373605677076153,0.1520302872837948,0.14469542749570505,1,1,244,145,151,150,0.15002661518093924
33,148,4.962354303599374,0.16172178703985582,0.13556669587674347,0.14864424145829963,1,1,244,145,151,150,0.1525533058298889
33,149,4.99588372456964,0.15555473373026182,0.17391304347826086,0.16473388860426136,1,1,244,145,151,150,0.14602359766403644
33,150,5.029413145539906,0.13990731402287063,0.1339625586634097,0.13693493634314016,1,1,244,145,151,150,0.14411872182805205
33,151,5.062942566510172,0.13990731402287063,0.13031167481468128,0.13510949441877596,1,1,244,145,151,150,0.14334365457232617
33,152,5.096471987480438,0.13990731402287063,0.13043478260869565,0.13517104831578314,1,1,244,145,151,150,0.13759411934335325
33,153,5.130001408450704,0.1338361212611483,0.1557016890981923,0.14476890517967028,1,1,244,145,151,150,0.13936069203929197
33,154,5.16353082942097,0.14359163953302567,0.1283807853857676,0.13598621245939663,1,1,244,145,151,150,0.14032025596011088
33,155,5.197060250391236,0.16122392483098627,0.13031167481468128,0.14576779982283378,1,1,244,145,151,150,0.14126750910152838
33,156,5.2305896713615025,0.13990731402287063,0.13990731402287063,0.13990731402287063,1,1,244,145,151,150,0.13968807159399624
33,157,5.264119092331768,0.13990731402287063,0.13990731402287063,0.13990731402287063,1,1,244,145,151,150,0.14010385935567551
33,158,5.297648513302034,0.13990731402287063,0.1338361212611483,0.13687171764200945,1,1,244,145,151,150,0.1389031367683275
33,159,5.331177934272301,0.13990731402287063,0.1362229885127156,0.13806515126779312,1,1,244,145,151,150,0.13729873571368928
33,160,5.364707355242566,0.1394766078968045,0.14005176587538284,0.13976418688609366,1,1,244,145,151,150,0.13969484758231032
33,161,5.3982367762128325,0.13345894268467748,0.13031167481468128,0.13188530874967938,1,1,244,145,151,150,0.14086330628510824
33,162,5.431766197183099,0.15160183368847388,0.15217391304347827,0.1518878733659761,1,1,244,145,151,150,0.14175184036253313
33,163,5.465295618153364,0.15511634749731662,0.13031167481468128,0.14271401115599897,1,1,244,145,151,150,0.14079014203586437
33,164,5.498825039123631,0.1547039684951536,0.13031167481468128,0.14250782165491743,1,1,244,145,151,150,0.14398485902239772
33,165,5.532354460093897,0.1394766078968045,0.13043478260869565,0.13495569525275009,1,1,244,145,151,150,0.14002206395678546
33,166,5.565883881064162,0.16540611255001084,0.13031167481468128,0.14785889368234606,1,1,244,145,151,150,0.13677883822465908
33,167,5.599413302034429,0.1338361212611483,0.13031167481468128,0.1320738980379148,1,1,244,145,151,150,0.13448783481138124
33,168,5.632942723004695,0.1394766078968045,0.11351915709392967,0.1264978824953671,1,1,244,145,151,150,0.1345185946445864
33,169,5.666472143974961,0.1338361212611483,0.12826948791590803,0.13105280458852817,1,1,244,145,151,150,0.13425140871315241
33,170,5.700001564945227,0.13990731402287063,0.13031167481468128,0.13510949441877596,1,1,244,145,151,150,0.13421369085550533
33,171,5.733530985915493,0.16261114544165658,0.13043478260869565,0.14652296402517612,1,1,244,145,151,150,0.1347491719691722
33,172,5.767060406885759,0.13345894268467748,0.13031167481468128,0.13188530874967938,1,1,244,145,151,150,0.13495339065904957
33,173,5.800589827856025,0.13345894268467748,0.12489163344272552,0.1291752880637015,1,1,244,145,151,150,0.13527540843131577
33,174,5.834119248826291,0.1338361212611483,0.13031167481468128,0.1320738980379148,1,1,244,145,151,150,0.13424859742320047
33,175,5.867648669796557,0.1394766078968045,0.1339625586634097,0.13671958328010708,1,1,244,145,151,150,0.13490574533642125
33,176,5.901178090766823,0.14655482945648382,0.1362229885127156,0.14138890898459971,1,1,244,145,151,150,0.1386653543831625
33,177,5.9347075117370895,0.13990731402287063,0.13043478260869565,0.13517104831578314,1,1,244,145,151,150,0.14517699718063531
33,178,5.968236932707355,0.1621105453336672,0.1338361212611483,0.14797333329740775,1,1,244,145,151,150,0.1446003047768436
33,179,6.001766353677621,0.17033740411905657,0.15892681993150154,0.16463211202527905,1,1,244,145,151,150,0.14389248262087567
33,180,6.035295774647887,0.1338361212611483,0.1338361212611483,0.1338361212611483,1,1,244,145,151,150,0.14544491381221333
33,181,6.068825195618153,0.1394766078968045,0.1362229885127156,0.13784979820476007,1,1,244,145,151,150,0.14598166859343106
33,182,6.1023546165884195,0.15555473373026182,0.13031167481468128,0.14293320427247155,1,1,244,145,151,150,0.14775606001377736
33,183,6.135884037558685,0.17642258096426716,0.12489163344272552,0.15065710720349634,1,1,244,145,151,150,0.15839290175450085
33,184,6.169413458528951,0.17325923850111302,0.17374889975290836,0.1735040691270107,1,1,244,145,151,150,0.16397608145963286
33,185,6.202942879499218,0.20029176017662279,0.17374889975290836,0.18702032996476559,1,1,244,145,151,150,0.16637071870431117
33,186,6.236472300469483,0.1577824937079317,0.17374889975290836,0.16576569673042002,1,1,245,148,125,125,0.16722744962850639
33,187,6.270001721439749,0.1577824937079317,0.1520302872837948,0.15490639049586324,1,1,245,148,125,125,0.1635314551280295
33,188,6.303531142410016,0.13345894268467748,0.17642258096426716,0.1549407618244723,1,1,245,148,125,125,0.16109481758154004
33,189,6.337060563380281,0.13345894268467748,0.1765892505645752,0.15502409662462635,1,1,245,148,125,125,0.16486331943294905
33,190,6.370589984350548,0.1759253847117281,0.17374889975290836,0.17483714223231822,1,1,245,148,125,125,0.18199901421991688
33,191,6.404119405320814,0.1954675122220219,0.17374889975290836,0.18460820598746513,1,1,245,148,125,125,0.19793007882258332
33,192,6.437648826291079,0.25413141467354516,0.22703831418785933,0.24058486443070226,1,1,245,148,125,125,0.21255691544503247
33,193,6.471178247261346,0.2428527953069822,0.22633937436862692,0.23459608483780456,1,1,245,148,125,125,0.226561128448936
33,194,6.504707668231612,0.2391304347826087,0.21718612469113546,0.22815827973687208,1,1,245,148,125,125,0.24812724236523098
33,195,6.5382370892018775,0.23809523809523808,0.25162117640843407,0.24485820725183607,1,1,245,148,125,125,0.25483402630154695
33,196,6.571766510172144,0.30952380952380953,0.2753537416140702,0.2924387755689399,1,1,245,148,125,125,0.26364696282964983
33,197,6.60529593114241,0.2951498084442171,0.2530877597803469,0.274118784112282,1,1,245,148,125,125,0.26851310414876484
33,198,6.638825352112676,0.2857142857142857,0.2716072492423523,0.278660767478319,1,1,245,148,125,125,0.2752736161940613
33,199,6.672354773082942,0.25413141467354516,0.2508465579913486,0.2524889863324469,1,1,245,148,125,125,0.27178205960122737
33,200,6.705884194053208,0.2857142857142857,0.2716072492423523,0.278660767478319,1,1,245,148,125,125,0.2761159730789668
33,201,6.739413615023474,0.2746082435954701,0.2753537416140702,0.27498099260477016,1,1,245,148,125,125,0.27743961388994565
33,202,6.77294303599374,0.2973355163227428,0.294241186679215,0.29578835150097893,1,1,245,148,125,125,0.2885243984174715
33,203,6.8064724569640065,0.29895069382407446,0.2716072492423523,0.28527897153321335,1,1,245,148,125,125,0.29003536384703626
33,204,6.840001877934272,0.29895069382407446,0.31687512411607766,0.30791290897007606,1,1,245,148,125,125,0.291745344795772
33,205,6.873531298904538,0.29895069382407446,0.27348049542821123,0.2862155946261429,1,1,245,148,125,125,0.2886364958988782
33,206,6.907060719874805,0.29545454545454547,0.2716072492423523,0.2835308973484489,1,1,244,145,151,150,0.29006845670602355
33,207,6.94059014084507,0.29545454545454547,0.2650336685784739,0.2802441070165097,1,1,244,145,151,150,0.28569619896020887
33,208,6.974119561815336,0.30952380952380953,0.2753537416140702,0.2924387755689399,1,1,244,145,151,150,0.28784819000028694
33,209,7.007648982785603,0.2857142857142857,0.2863889547677201,0.2860516202410029,1,1,244,145,151,150,0.28724979974394277
33,210,7.041178403755868,0.30952380952380953,0.28442729012925744,0.2969755498265335,1,1,244,145,151,150,0.28644026584606397
33,211,7.074707824726135,0.2727272727272727,0.28835061940618273,0.2805389460667277,1,1,244,145,151,150,0.28540825854250435
33,212,7.108237245696401,0.2873592064757582,0.2650336685784739,0.27619643752711603,1,1,244,145,151,150,0.28303803112476056
33,213,7.141766666666666,0.30952380952380953,0.2650336685784739,0.2872787390511417,1,1,244,145,151,150,0.27848301778991064
33,214,7.175296087636933,0.2857142857142857,0.26268668059028194,0.27420048315228385,1,1,244,145,151,150,0.27959627758797423
33,215,7.208825508607199,0.2857142857142857,0.26268668059028194,0.27420048315228385,1,1,244,145,151,150,0.2790009202491615
33,216,7.2423549295774645,0.30952380952380953,0.26268668059028194,0.2861052450570457,1,1,244,145,151,150,0.2748904013068424
33,217,7.275884350547731,0.2857142857142857,0.2607250159518193,0.2732196508330525,1,1,244,145,151,150,0.27707518722394847
33,218,7.309413771517996,0.2727272727272727,0.2607250159518193,0.266726144339546,1,1,244,145,151,150,0.2773998993151326
33,219,7.342943192488263,0.30952380952380953,0.2607250159518193,0.2851244127378144,1,1,244,145,151,150,0.27636012288056555
33,220,7.376472613458529,0.2876848266238258,0.26396326059258296,0.27582404360820434,1,1,244,145,151,150,0.27540907264483244
33,221,7.4100020344287945,0.2857142857142857,0.2760984400541352,0.28090636288421045,1,1,244,145,151,150,0.2744151520962294
33,222,7.443531455399061,0.2857142857142857,0.25121451359448793,0.26846439965438684,1,1,244,145,151,150,0.273173956846297
33,223,7.477060876369327,0.2619047619047619,0.2616083212883002,0.26175654159653106,1,1,244,145,151,150,0.27288777709008577
33,224,7.510590297339593,0.28539089595087297,0.2724459770254312,0.27891843648815207,1,1,244,145,151,150,0.27401654864694314
33,225,7.544119718309859,0.2857142857142857,0.26307200394001123,0.2743931448271485,1,1,244,145,151,150,0.2749675988826763
33,226,7.577649139280125,0.30952380952380953,0.2635766318131854,0.28655022066849745,1,1,244,145,151,150,0.27745727482093463
33,227,7.611178560250391,0.2857142857142857,0.2607250159518193,0.2732196508330525,1,1,244,145,151,150,0.27414534162250187
33,228,7.644707981220657,0.2876848266238258,0.2607250159518193,0.27420492128782253,1,1,244,145,151,150,0.27545854509140166
33,229,7.678237402190923,0.2727272727272727,0.2519902682647042,0.26235877049598844,1,1,244,145,151,150,0.2742324711480991
33,230,7.711766823161189,0.2857142857142857,0.27620403862900883,0.2809591621716473,1,1,244,145,151,150,0.273281420912366
33,231,7.745296244131455,0.2873592064757582,0.27348049542821123,0.28041985095198474,1,1,244,145,151,150,0.26856788582153496
33,232,7.778825665101722,0.2857142857142857,0.25121451359448793,0.26846439965438684,1,1,244,145,151,150,0.268369834471204
33,233,7.812355086071987,0.2619047619047619,0.2393697297625731,0.25063724583366753,1,1,244,145,151,150,0.26625526067729177
33,234,7.845884507042253,0.2857142857142857,0.23702274177438118,0.26136851374433345,1,1,244,145,151,150,0.2668774699565846
33,235,7.87941392801252,0.2876848266238258,0.2530877597803469,0.27038629320208635,1,1,244,145,151,150,0.2630476963319754
33,236,7.912943348982785,0.29545454545454547,0.2716072492423523,0.2835308973484489,1,1,244,145,151,150,0.26661312709611923
33,237,7.9464727699530515,0.2616083212883002,0.23702274177438118,0.24931553153134067,1,1,244,145,151,150,0.269185714336341
33,238,7.980002190923318,0.2857142857142857,0.25121451359448793,0.26846439965438684,1,1,244,145,151,150,0.2629407278723508
33,239,8.013531611893583,0.28539089595087297,0.26307200394001123,0.27423144994544213,1,1,244,145,151,150,0.25840460685593725
33,240,8.04706103286385,0.2497421456066453,0.22858057615762525,0.23916136088213527,1,1,244,145,151,150,0.2631530917399383
33,241,8.080590453834116,0.2727272727272727,0.2489733118054896,0.2608502922663811,1,1,244,145,151,150,0.26185439044123704
33,242,8.114119874804382,0.28539089595087297,0.2607250159518193,0.27305795595134613,1,1,244,145,151,150,0.2604416598537058
33,243,8.147649295774647,0.2727272727272727,0.25121451359448793,0.2619708931608803,1,1,244,145,151,150,0.265954616545188
33,244,8.181178716744913,0.2727272727272727,0.2616083212883002,0.2671677970077865,1,1,244,145,151,150,0.26839614928218103
33,245,8.21470813771518,0.2727272727272727,0.2607250159518193,0.266726144339546,1,1,244,145,151,150,0.27064117754255534
33,246,8.248237558685446,0.28539089595087297,0.2607250159518193,0.27305795595134613,1,1,244,145,151,150,0.27522881751839223
33,247,8.281766979655712,0.27432500782722,0.294241186679215,0.28428309725321754,1,1,244,145,151,150,0.2825380208996595
33,248,8.315296400625979,0.28539089595087297,0.28442729012925744,0.2849090930400652,1,1,244,145,151,150,0.2868777802648892
33,249,8.348825821596243,0.31318644114903044,0.294241186679215,0.3037138139141227,1,1,245,148,125,125,0.284660367706796
33,250,8.38235524256651,0.2826086956521739,0.294241186679215,0.28842494116569445,1,1,245,148,125,125,0.2871215005247786
33,251,8.415884663536776,0.2727272727272727,0.25121451359448793,0.2619708931608803,1,1,244,145,151,150,0.28927077288027475
33,252,8.449414084507042,0.29545454545454547,0.297722977231715,0.2965887613431302,1,1,245,148,125,125,0.2888339751743682
33,253,8.482943505477309,0.29706972295587714,0.294241186679215,0.29565545481754607,1,1,245,148,125,125,0.2904362655088225
33,254,8.516472926447575,0.3181818181818182,0.28487783258736193,0.30152982538459006,1,1,245,148,125,125,0.295275208959365
33,255,8.55000234741784,0.2951498084442171,0.297722977231715,0.2964363928379661,1,1,245,148,125,125,0.2940705625673551
33,256,8.583531768388106,0.2746082435954701,0.297722977231715,0.28616561041359256,1,1,245,148,125,125,0.29263955240573136
33,257,8.617061189358372,0.30952380952380953,0.2716072492423523,0.2905655293830809,1,1,245,148,125,125,0.29263955240573136
33,258,8.650590610328639,0.29545454545454547,0.28154626256430865,0.28850040400942706,1,1,245,148,125,125,0.28813340262527426
33,259,8.684120031298905,0.3181818181818182,0.28487783258736193,0.30152982538459006,1,1,245,148,125,125,0.28787823587073225
33,260,8.717649452269171,0.27620403862900883,0.2716072492423523,0.27390564393568057,1,1,245,148,125,125,0.2844703580495654
33,261,8.751178873239436,0.29545454545454547,0.27432500782722,0.2848897766408828,1,1,245,148,125,125,0.28128760222295035
33,262,8.784708294209702,0.2727272727272727,0.27432500782722,0.27352614027724637,1,1,245,148,125,125,0.2784971103913406
33,263,8.818237715179968,0.2727272727272727,0.2724459770254312,0.272586624876352,1,1,245,148,125,125,0.2804221610738943
33,264,8.851767136150235,0.29895069382407446,0.27620403862900883,0.2875773662265416,1,1,245,148,125,125,0.28095736227457235
33,265,8.885296557120501,0.29545454545454547,0.2716072492423523,0.2835308973484489,1,1,245,148,125,125,0.2833329629259847
33,266,8.918825978090767,0.2764892144636674,0.29864235082487856,0.287565782644273,1,1,245,148,125,125,0.2883221506196291
33,267,8.952355399061032,0.29545454545454547,0.2753537416140702,0.2854041435343079,1,1,245,148,125,125,0.2848029697341478
33,268,8.985884820031298,0.29895069382407446,0.29611443286507394,0.29753256334457423,1,1,245,148,125,125,0.2830394449350037
33,269,9.019414241001565,0.2764892144636674,0.26347370913460266,0.26998146179913507,1,1,245,148,125,125,0.2816634418918419
33,270,9.052943661971831,0.2859528375708539,0.26347370913460266,0.27471327335272827,1,1,245,148,125,125,0.28424998029055926
33,271,9.086473082942097,0.29895069382407446,0.2624208410328536,0.2806857674284641,1,1,245,148,125,125,0.281986586546873
33,272,9.120002503912364,0.29895069382407446,0.297722977231715,0.2983368355278947,1,1,245,148,125,125,0.28460625996369543
33,273,9.153531924882628,0.29895069382407446,0.27348049542821123,0.2862155946261429,1,1,245,148,125,125,0.283734359983151
33,274,9.187061345852895,0.2826086956521739,0.28355096211432024,0.28307982888324706,1,1,245,148,125,125,0.28123501371899184
33,275,9.220590766823161,0.2764892144636674,0.26421833243634474,0.2703537734500061,1,1,245,148,125,125,0.2781370568682198
33,276,9.254120187793427,0.2764892144636674,0.25988885775166953,0.2681890361076685,1,1,245,148,125,125,0.2790190425906965
33,277,9.287649608763694,0.2826086956521739,0.28308540689589534,0.28284705127403464,1,1,245,148,125,125,0.27604088403558075
33,278,9.321179029733958,0.2826086956521739,0.29864235082487856,0.2906255232385262,1,1,245,148,125,125,0.2799856423307568
33,279,9.354708450704225,0.2764892144636674,0.25988885775166953,0.2681890361076685,1,1,245,148,125,125,0.28059759044960747
33,280,9.388237871674491,0.29706972295587714,0.28308540689589534,0.2900775649258862,1,1,245,148,125,125,0.2801648848999035
33,281,9.421767292644757,0.2826086956521739,0.25988885775166953,0.2712487767019217,1,1,245,148,125,125,0.2773091055614659
33,282,9.455296713615024,0.2764892144636674,0.28487783258736193,0.2806835235255147,1,1,245,148,125,125,0.2777420530299334
33,283,9.48882613458529,0.2764892144636674,0.27620403862900883,0.2763466265463381,1,1,245,148,125,125,0.27585534558397834
33,284,9.522355555555555,0.2764892144636674,0.26421833243634474,0.2703537734500061,1,1,245,148,125,125,0.27784803053946167
33,285,9.555884976525821,0.29706972295587714,0.26421833243634474,0.28064402769611096,1,1,245,148,125,125,0.27999494084918297
33,286,9.589414397496087,0.29895069382407446,0.26347370913460266,0.28121220147933856,1,1,245,148,125,125,0.2830776338811394
33,287,9.622943818466354,0.29895069382407446,0.2838854563241673,0.2914180750741209,1,1,245,148,125,125,0.2852493194870059
33,288,9.65647323943662,0.29864235082487856,0.28487783258736193,0.2917600917061203,1,1,245,148,125,125,0.28638943974146497
33,289,9.690002660406886,0.29895069382407446,0.26347370913460266,0.28121220147933856,1,1,245,148,125,125,0.2884410855032451
33,290,9.72353208137715,0.2973355163227428,0.2753537416140702,0.2863446289684065,1,1,245,148,125,125,0.29043061773345735
33,291,9.757061502347417,0.3194671514418757,0.26347370913460266,0.29147043028823916,1,1,245,148,125,125,0.2894782086361282
33,292,9.790590923317684,0.3178536398630031,0.28487783258736193,0.3013657362251825,1,1,245,148,125,125,0.28839154636456843
33,293,9.82412034428795,0.29864235082487856,0.2753537416140702,0.2869980462194744,1,1,245,148,125,125,0.28609049551501614
33,294,9.857649765258216,0.27620403862900883,0.2753537416140702,0.27577889012153955,1,1,245,148,125,125,0.28303721718317004
33,295,9.891179186228483,0.27432500782722,0.2753537416140702,0.2748393747206451,1,1,245,148,125,125,0.2790809725641755
33,296,9.924708607198747,0.27620403862900883,0.27620403862900883,0.27620403862900883,1,1,245,148,125,125,0.27916600226566934
33,297,9.958238028169013,0.29895069382407446,0.26421833243634474,0.2815845131302096,1,1,245,148,125,125,0.28103518424808455
33,298,9.99176744913928,0.29864235082487856,0.27620403862900883,0.28742319472694366,1,1,245,148,125,125,0.2636822969518212
33,299,10.025296870109546,0.29864235082487856,0.2716072492423523,0.2851248000336154,1,1,245,148,125,125,0.24367553229354458
33,300,10.058826291079813,0.17642258096426716,0.1997272955143898,0.18807493823932847,1,1,245,148,125,125,0.2187799275805157
33,301,10.092355712050079,0.1785915309223432,0.17374889975290836,0.17617021533762578,1,1,245,148,125,125,0.19324086917873579
33,302,10.125885133020343,0.16261114544165658,0.15160183368847388,0.15710648956506523,1,1,245,148,125,125,0.16628880769911042
33,303,10.15941455399061,0.17374889975290836,0.1457069056831798,0.15972790271804407,1,1,245,148,125,125,0.16826866921563335
33,304,10.192943974960876,0.1520302872837948,0.14869869798718208,0.15036449263548846,1,1,245,148,125,125,0.17663612322638683
33,305,10.226473395931142,0.20048097942186438,0.1954675122220219,0.19797424582194315,1,1,245,148,125,125,0.19345981283578567
33,306,10.260002816901409,0.22952317107807507,0.20649179970471165,0.21800748539139336,1,1,245,148,125,125,0.21187537675949067
33,307,10.293532237871675,0.253869299066493,0.22858057615762525,0.24122493761205915,1,1,245,148,125,125,0.22788457786738253
33,308,10.32706165884194,0.253869299066493,0.2497421456066453,0.25180572233656917,1,1,245,148,125,125,0.22438667723498434
33,309,10.360591079812206,0.23153455950397728,0.22928643684591832,0.2304104981749478,1,1,245,148,125,125,0.21472020007891976
33,310,10.394120500782472,0.18722058556699603,0.17374889975290836,0.18048474265995218,1,1,245,148,125,125,0.20144264100297157
33,311,10.427649921752739,0.17325923850111302,0.16609096072102805,0.16967509961107052,1,1,245,148,125,125,0.18689894835681278
33,312,10.461179342723005,0.1759253847117281,0.17374889975290836,0.17483714223231822,1,1,245,148,125,125,0.1796934231350377
33,313,10.494708763693271,0.18442561845864175,0.17374889975290836,0.17908725910577505,1,1,245,148,125,125,0.1865274948124597
33,314,10.528238184663536,0.17909626217562594,0.209669481956519,0.19438287206607247,1,1,245,148,125,125,0.19407289525588553
33,315,10.561767605633802,0.22169650119283926,0.20761370090128506,0.21465510104706215,1,1,245,148,125,125,0.20496275417860552
33,316,10.595297026604069,0.1954675122220219,0.21933669143437756,0.20740210182819974,1,1,245,148,125,125,0.21720169471277742
33,317,10.628826447574335,0.22703831418785933,0.23153455950397728,0.22928643684591832,1,1,245,148,125,125,0.22868626476687676
33,318,10.662355868544601,0.2497421456066453,0.23082177794662362,0.24028196177663447,1,1,245,148,125,125,0.22379411339531843
33,319,10.695885289514866,0.2497421456066453,0.253869299066493,0.25180572233656917,1,1,245,148,125,125,0.22263552034639722
33,320,10.729414710485132,0.20712944987742768,0.17325923850111302,0.19019434418927034,1,1,245,148,125,125,0.21509088020605308
33,321,10.762944131455399,0.18664422504079642,0.21657404812639125,0.20160913658359383,1,1,245,148,125,125,0.20558235221047308
33,322,10.796473552425665,0.20937757253548664,0.17374889975290836,0.1915632361441975,1,1,245,148,125,125,0.19186457897713066
33,323,10.830002973395931,0.1981411934333807,0.1873374501640883,0.1927393217987345,1,1,245,148,125,125,0.18722386624603943
33,324,10.863532394366198,0.17909626217562594,0.1873374501640883,0.1832168561698571,1,1,245,148,125,125,0.18321663595719304
33,325,10.897061815336462,0.16489690810661464,0.16908465296101344,0.16699078053381405,1,1,245,148,125,125,0.18992930009039266
33,326,10.930591236306729,0.18722058556699603,0.1759253847117281,0.18157298513936207,1,1,245,148,125,125,0.2006177224919033
33,327,10.964120657276995,0.23153455950397728,0.21871855411641383,0.22512655681019555,1,1,245,148,125,125,0.2119350478303308
33,328,10.997650078247261,0.25413141467354516,0.2382314529390304,0.24618143380628776,1,1,245,148,125,125,0.22560743800356162
33,329,11.031179499217528,0.238904737160249,0.2407022285637401,0.23980348286199454,1,1,245,148,125,125,0.23595024578832832
33,330,11.064708920187794,0.25413141467354516,0.21657404812639125,0.2353527313999682,1,1,245,148,125,125,0.2432547663895602
33,331,11.098238341158059,0.25,0.21657404812639125,0.23328702406319562,1,1,245,148,125,125,0.2367789941456082
33,332,11.131767762128325,0.27432500782722,0.2489733118054896,0.26164915981635484,1,1,245,148,125,125,0.2270175215726916
33,333,11.165297183098591,0.21739130434782608,0.2102138408252295,0.2138025725865278,1,1,245,148,125,125,0.21598207560973495
33,334,11.198826604068858,0.20873300149371002,0.17325923850111302,0.1909961199974115,1,1,245,148,125,125,0.20434181886881336
33,335,11.232356025039124,0.18442561845864175,0.1759253847117281,0.18017550158518492,1,1,245,148,125,125,0.18451300139235144
33,336,11.26588544600939,0.17642258096426716,0.17374889975290836,0.17508574035858776,1,1,245,148,125,125,0.17888640930284783
33,337,11.299414866979655,0.1759253847117281,0.1490847601563623,0.16250507243404522,1,1,245,148,125,125,0.1849222171317711
33,338,11.332944287949921,0.19491664331375214,0.17642258096426716,0.18566961213900965,1,1,245,148,125,125,0.1948986303808944
33,339,11.366473708920187,0.22148725817761966,0.22086306010643642,0.22117515914202804,1,1,245,148,125,125,0.21101655372774486
33,340,11.400003129890454,0.23153455950397728,0.22858057615762525,0.23005756783080128,1,1,245,148,125,125,0.22839489873212768
33,341,11.43353255086072,0.2724459770254312,0.238904737160249,0.2556753570928401,1,1,245,148,125,125,0.2433959157892255
33,342,11.467061971830987,0.238904737160249,0.25988885775166953,0.24939679745595927,1,1,245,148,125,125,0.24795824381538747
33,343,11.500591392801251,0.2497421456066453,0.2716072492423523,0.2606746974244988,1,1,245,148,125,125,0.25184406142977617
33,344,11.534120813771517,0.2497421456066453,0.2382314529390304,0.24398679927283784,1,1,245,148,125,125,0.23974740556478555
33,345,11.567650234741784,0.25,0.2489733118054896,0.2494866559027448,1,1,245,148,125,125,0.23024750944293243
33,346,11.60117965571205,0.1954675122220219,0.19491664331375214,0.19519207776788702,1,1,245,148,125,125,0.21859707843378354
33,347,11.634709076682316,0.18722058556699603,0.21657404812639125,0.20189731684669365,1,1,245,148,125,125,0.2068707378871165
33,348,11.668238497652583,0.20937757253548664,0.1954675122220219,0.2024225423787543,1,1,245,148,125,125,0.19749658469322245
33,349,11.701767918622847,0.18385786226784898,0.18685233081115654,0.18535509653950277,1,1,245,148,125,125,0.19803903061660028
33,350,11.735297339593114,0.197618078965264,0.20761370090128506,0.20261588993327453,1,1,245,148,125,125,0.20470390196654997
33,351,11.76882676056338,0.22928643684591832,0.16652217792363402,0.19790430738477616,1,1,245,148,125,125,0.2138493734202056
33,352,11.802356181533646,0.253869299066493,0.21657404812639125,0.23522167359644214,1,1,245,148,125,125,0.22390129449073154
33,353,11.835885602503913,0.25413141467354516,0.24216838462051954,0.24814989964703235,1,1,245,148,125,125,0.23150578701513885
33,354,11.869415023474179,0.2497421456066453,0.22148725817761966,0.23561470189213246,1,1,245,148,125,125,0.2467048974021338
33,355,11.902944444444444,0.2497421456066453,0.23153455950397728,0.2406383525553113,1,1,245,148,125,125,0.2563362684515023
33,356,11.93647386541471,0.2724459770254312,0.2753537416140702,0.2738998593197507,1,1,245,148,125,125,0.2615143899562301
33,357,11.970003286384976,0.2951498084442171,0.2716072492423523,0.28337852884328474,1,1,245,148,125,125,0.26798341819380705
33,358,12.003532707355243,0.2727272727272727,0.2753537416140702,0.27404050717067147,1,1,245,148,125,125,0.2723653364048163
33,359,12.037062128325509,0.2724459770254312,0.26347370913460266,0.26795984308001697,1,1,245,148,125,125,0.25633659911522805
33,360,12.070591549295774,0.2497421456066453,0.2753537416140702,0.26254794361035777,1,1,245,148,125,125,0.24089359448233508
33,361,12.10412097026604,0.18722058556699603,0.20029176017662279,0.1937561728718094,1,1,245,148,125,125,0.22213347545501166
33,362,12.137650391236306,0.22086306010643642,0.19146395125120313,0.20616350567881978,1,1,245,148,125,125,0.20541418191132177
33,363,12.171179812206573,0.18722058556699603,0.17325923850111302,0.18023991203405454,1,1,245,148,125,125,0.19001032376902832
33,364,12.204709233176839,0.17325923850111302,0.1954675122220219,0.18436337536156747,1,1,245,148,125,125,0.19672601781682936
33,365,12.238238654147105,0.17909626217562594,0.19196104362215466,0.1855286528988903,1,1,245,148,125,125,0.2053648624222789
33,366,12.27176807511737,0.23809523809523808,0.21657404812639125,0.22733464311081467,1,1,245,148,125,125,0.22622311285197952
33,367,12.305297496087636,0.2497421456066453,0.2489733118054896,0.24935772870606743,1,1,245,148,125,125,0.24413040964361618
33,368,12.338826917057903,0.3091734706134457,0.25988885775166953,0.28453116418255764,1,1,245,148,125,125,0.2618327804979724
33,369,12.372356338028169,0.2724459770254312,0.2753537416140702,0.2738998593197507,1,1,245,148,125,125,0.2715501474835832
33,370,12.405885758998435,0.2727272727272727,0.2753537416140702,0.27404050717067147,1,1,245,148,125,125,0.2774821494451673
33,371,12.439415179968702,0.2764892144636674,0.2753537416140702,0.2759214780388688,1,1,245,148,125,125,0.2766503803651501
33,372,12.472944600938966,0.2764892144636674,0.28154626256430865,0.27901773851398803,1,1,245,148,125,125,0.27998351437781616
33,373,12.506474021909233,0.28539089595087297,0.2753537416140702,0.2803723187824716,1,1,245,148,125,125,0.2820816457801934
33,374,12.540003442879499,0.30952380952380953,0.2716072492423523,0.2905655293830809,1,1,245,148,125,125,0.28653388297807897
33,375,12.573532863849765,0.3091734706134457,0.25988885775166953,0.28453116418255764,1,1,245,148,125,125,0.28367885090404293
33,376,12.607062284820032,0.29864235082487856,0.297722977231715,0.29818266402829674,1,1,245,148,125,125,0.2702376126493185
33,377,12.640591705790298,0.25413141467354516,0.2753537416140702,0.2647425781438077,1,1,245,148,125,125,0.25103270979434905
33,378,12.674121126760562,0.21871855411641383,0.20761370090128506,0.21316612750884945,1,1,245,148,125,125,0.23370424251918537
33,379,12.707650547730829,0.197618078965264,0.19146395125120313,0.19454101510823357,1,1,245,148,125,125,0.20544291714589108
33,380,12.741179968701095,0.1785915309223432,0.21718612469113546,0.19788882780673933,1,1,245,148,125,125,0.19293507254294268
33,381,12.774709389671361,0.16172178703985582,0.1520302872837948,0.1568760371618253,1,1,245,162,125,125,0.18650081605573837
33,382,12.808238810641628,0.18722058556699603,0.21718612469113546,0.20220335512906573,1,1,245,148,125,125,0.20000231891048817
33,383,12.841768231611894,0.1954675122220219,0.16652217792363402,0.18099484507282798,1,1,245,148,125,125,0.21520452521309047
33,384,12.875297652582159,0.26062334962936257,0.26347370913460266,0.26204852938198264,1,1,245,148,125,125,0.2386374192148597
33,385,12.908827073552425,0.2724459770254312,0.2753537416140702,0.2738998593197507,1,1,245,148,125,125,0.2577880246181995
33,386,12.942356494522691,0.2727272727272727,0.2753537416140702,0.27404050717067147,1,1,245,148,125,125,0.28314671731310576
33,387,12.975885915492958,0.30952380952380953,0.2863889547677201,0.2979563821457648,1,1,245,148,125,125,0.29002429000430247
33,388,13.009415336463224,0.3178536398630031,0.297722977231715,0.30778830854735906,1,1,245,148,125,125,0.29213798145485503
33,389,13.04294475743349,0.2951498084442171,0.297722977231715,0.2964363928379661,1,1,245,148,125,125,0.2989203595620741
33,390,13.076474178403755,0.2727272727272727,0.2962093604177549,0.2844683165725138,1,1,245,148,125,125,0.300886744842393
33,391,13.110003599374021,0.3181818181818182,0.297722977231715,0.3079523977067666,1,1,245,148,125,125,0.3009195626742744
33,392,13.143533020344288,0.3178536398630031,0.297722977231715,0.30778830854735906,1,1,245,148,125,125,0.303189945816153
33,393,13.177062441314554,0.3181818181818182,0.297722977231715,0.3079523977067666,1,1,245,148,125,125,0.3052353820139935
33,394,13.21059186228482,0.3178536398630031,0.297722977231715,0.30778830854735906,1,1,245,148,125,125,0.3052353820139935
33,395,13.244121283255085,0.2951498084442171,0.294241186679215,0.2946954975617161,1,1,245,148,125,125,0.30492002079062497
33,396,13.277650704225351,0.3181818181818182,0.297722977231715,0.3079523977067666,1,1,245,148,125,125,0.30179141912630797
33,397,13.311180125195618,0.3181818181818182,0.294241186679215,0.3062115024305166,1,1,245,148,125,125,0.30049644997534186
33,398,13.344709546165884,0.2764892144636674,0.3081295643066955,0.2923093893851815,1,1,245,148,125,125,0.30536588986170526
33,399,13.37823896713615,0.3210806630207483,0.28154626256430865,0.30131346279252846,1,1,245,148,125,125,0.30789269790736273
33,400,13.411768388106417,0.3419709611219925,0.29611443286507394,0.3190426969935332,1,1,245,148,125,125,0.3067517388218779
33,401,13.445297809076681,0.3210806630207483,0.3200922128493598,0.32058643793505404,1,1,245,148,125,125,0.3075771395124348
33,402,13.478827230046948,0.3194671514418757,0.28154626256430865,0.3005067070030922,1,1,245,148,125,125,0.3066023039831153
33,403,13.512356651017214,0.2951498084442171,0.297722977231715,0.2964363928379661,1,1,245,148,125,125,0.30825346160681677
33,404,13.54588607198748,0.2970288392460059,0.29584973104585605,0.296439285145931,1,1,245,148,125,125,0.2908916700207122
33,405,13.579415492957747,0.3210806630207483,0.33351630720333253,0.3272984851120404,1,1,245,148,125,125,0.26688727715208416
33,406,13.612944913928013,0.2616083212883002,0.20594663872076258,0.23377748000453138,1,1,245,148,125,125,0.2447339210122929
33,407,13.646474334898278,0.18722058556699603,0.17374889975290836,0.18048474265995218,1,1,245,148,125,125,0.23362181722982983
33,408,13.680003755868544,0.17642258096426716,0.19491664331375214,0.18566961213900965,1,1,245,162,125,125,0.20757435006817668
33,409,13.71353317683881,0.21933669143437756,0.2624208410328536,0.2408787662336156,1,1,245,148,125,125,0.19897494090272527
33,410,13.747062597809077,0.22086306010643642,0.17325923850111302,0.19706114930377472,1,1,245,148,125,125,0.19779645469201895
33,411,13.780592018779343,0.18664422504079642,0.19491664331375214,0.19078043417727428,1,1,245,148,125,125,0.19828424675305215
33,412,13.81412143974961,0.1759253847117281,0.17325923850111302,0.17459231160642058,1,1,245,162,125,125,0.20266244564849983
33,413,13.847650860719874,0.20029176017662279,0.1759253847117281,0.18810857244417545,1,1,245,148,125,125,0.21935701852058048
33,414,13.88118028169014,0.27432500782722,0.25121451359448793,0.262769760710854,1,1,228,145,150,150,0.2395446579797257
33,415,13.914709702660407,0.2857142857142857,0.2753537416140702,0.28053401366417796,1,1,245,148,125,125,0.26458373525011664
33,416,13.948239123630673,0.2857142857142857,0.297722977231715,0.29171863147300037,1,1,245,148,125,125,0.2869195603529565
33,417,13.98176854460094,0.31318644114903044,0.2863889547677201,0.29978769795837523,1,1,228,145,150,150,0.29646109571652857
33,418,14.015297965571206,0.31318644114903044,0.2863889547677201,0.29978769795837523,1,1,228,145,150,150,0.30031183257536803
33,419,14.04882738654147,0.31086364611226974,0.3100912289451582,0.310477437528714,1,1,228,145,150,150,0.3026927849563204
33,420,14.082356807511736,0.31318644114903044,0.2863889547677201,0.29978769795837523,1,1,228,145,150,150,0.3046967492115421
33,421,14.115886228482003,0.30952380952380953,0.297722977231715,0.30362339337776223,1,1,245,148,125,125,0.30670071346676386
33,422,14.14941564945227,0.30952380952380953,0.3100912289451582,0.3098075192344839,1,1,228,145,150,150,0.30439355648112804
33,423,14.182945070422535,0.30952380952380953,0.3100912289451582,0.3098075192344839,1,1,228,145,150,150,0.30659457482730373
33,424,14.216474491392802,0.3114943504333496,0.2863889547677201,0.29894165260053485,1,1,228,145,150,150,0.307999846870568
33,425,14.250003912363066,0.3114943504333496,0.3100912289451582,0.31079278968925395,1,1,228,145,150,150,0.3071772385004432
33,426,14.283533333333333,0.30952380952380953,0.3117756976643571,0.3106497535940833,1,1,228,145,150,150,0.30988600948878275
33,427,14.317062754303599,0.325,0.2863889547677201,0.30569447738386,1,1,228,145,150,150,0.3100552185603508
33,428,14.350592175273865,0.31318644114903044,0.33351630720333253,0.3233513741761815,1,1,228,145,150,150,0.3062691077315463
33,429,14.384121596244132,0.31318644114903044,0.2863889547677201,0.29978769795837523,1,1,228,145,150,150,0.30501562969772655
33,430,14.417651017214398,0.2973355163227428,0.2863889547677201,0.29186223554523144,1,1,228,145,150,150,0.30383427381262956
33,431,14.451180438184663,0.29895069382407446,0.30981403302589444,0.3043823634249845,1,1,228,145,150,150,0.29895144187039246
33,432,14.484709859154929,0.31318644114903044,0.2863889547677201,0.29978769795837523,1,1,228,145,150,150,0.29878223279882443
33,433,14.518239280125195,0.30952380952380953,0.28835061940618273,0.2989372144649961,1,1,228,145,150,150,0.3025397364085948
33,434,14.551768701095462,0.3114943504333496,0.2863889547677201,0.29894165260053485,1,1,228,145,150,150,0.3008296543108279
33,435,14.585298122065728,0.30952380952380953,0.3117756976643571,0.3106497535940833,1,1,228,145,150,150,0.305344573263787
33,436,14.618827543035993,0.29545454545454547,0.2962093604177549,0.29583195293615017,1,1,228,145,150,150,0.3085187326081047
33,437,14.652356964006259,0.30952380952380953,0.33520077592253145,0.3223622927231705,1,1,228,145,150,150,0.30848347567860285
33,438,14.685886384976525,0.30952380952380953,0.3200922128493598,0.31480801118658464,1,1,228,145,150,150,0.3061409678527854
33,439,14.719415805946792,0.3111417811383309,0.2863889547677201,0.2987653679530255,1,1,228,145,150,150,0.3067620201585546
33,440,14.752945226917058,0.30952380952380953,0.28835061940618273,0.2989372144649961,1,1,228,145,150,150,0.28298912676399557
33,441,14.786474647887324,0.30952380952380953,0.28835061940618273,0.2989372144649961,1,1,228,145,150,150,0.2507370605029048
33,442,14.820004068857589,0.20937757253548664,0.197618078965264,0.20349782575037534,1,1,228,145,150,150,0.22382154551214262
33,443,14.853533489827855,0.1338361212611483,0.17325923850111302,0.15354767988113066,1,1,228,145,150,150,0.19736365256089305
33,444,14.887062910798122,0.15511634749731662,0.17325923850111302,0.16418779299921482,1,1,245,162,125,125,0.16846653024159627
33,445,14.920592331768388,0.1785915309223432,0.1547039684951536,0.1666477497087484,1,1,228,145,150,150,0.15918391879977425
33,446,14.954121752738654,0.1785915309223432,0.13031167481468128,0.15445160286851223,1,1,245,162,125,125,0.15989133653180115
33,447,14.98765117370892,0.18385786226784898,0.13031167481468128,0.15708476854126513,1,1,245,162,125,125,0.16207092600367573
33,448,15.021180594679185,0.18385786226784898,0.13031167481468128,0.15708476854126513,1,1,245,162,125,125,0.156875813331965
33,449,15.054710015649452,0.17642258096426716,0.17374889975290836,0.17508574035858776,1,1,245,162,125,125,0.15331676567405783
33,450,15.088239436619718,0.13345894268467748,0.14788543001571217,0.14067218635019482,1,1,245,162,125,125,0.15243943618000472
33,451,15.121768857589984,0.1394766078968045,0.1338361212611483,0.1366563645789764,1,1,228,145,150,150,0.1483686090704631
33,452,15.15529827856025,0.17374889975290836,0.13164734238909054,0.15269812107099945,1,1,228,145,150,150,0.1458037958691473
33,453,15.188827699530517,0.14314959117243284,0.13031167481468128,0.13673063299355706,1,1,228,145,150,150,0.14686311872977487
33,454,15.222357120500781,0.13990731402287063,0.1846160346811468,0.16226167435200872,1,1,228,145,150,150,0.14751330861855375
33,455,15.255886541471048,0.13990731402287063,0.1520302872837948,0.14596880065333273,1,1,228,145,150,150,0.14436401583912453
33,456,15.289415962441314,0.14359163953302567,0.1362229885127156,0.13990731402287065,1,1,228,145,150,150,0.14860780812652027
33,457,15.32294538341158,0.14359163953302567,0.13031167481468128,0.1369516571738535,1,1,228,145,150,150,0.14531733475302655
33,458,15.356474804381847,0.1394766078968045,0.17642258096426716,0.15794959443053583,1,1,228,145,150,150,0.14558470287416242
33,459,15.390004225352113,0.1577824937079317,0.1338361212611483,0.14580930748454002,1,1,228,145,150,150,0.15119205502475266
33,460,15.423533646322378,0.13990731402287063,0.1547039684951536,0.14730564125901213,1,1,228,145,150,150,0.15442542954262292
33,461,15.457063067292644,0.18385786226784898,0.1520302872837948,0.1679440747758219,1,1,245,162,125,125,0.1578526587282333
33,462,15.49059248826291,0.1759253847117281,0.13031167481468128,0.1531185297632047,1,1,245,162,125,125,0.15958111780502776
33,463,15.524121909233177,0.17642258096426716,0.17374889975290836,0.17508574035858776,1,1,245,162,125,125,0.15993507674760915
33,464,15.557651330203443,0.1785915309223432,0.13031167481468128,0.15445160286851223,1,1,245,162,125,125,0.15758902701079394
33,465,15.59118075117371,0.17325923850111302,0.12489163344272552,0.14907543597191927,1,1,228,145,150,150,0.15586569543588452
33,466,15.624710172143974,0.1785915309223432,0.1338361212611483,0.15621382609174575,1,1,245,162,125,125,0.15120563869574638
33,467,15.65823959311424,0.13697345649352022,0.1520302872837948,0.1445018718886575,1,1,245,162,125,125,0.1506724094536234
33,468,15.691769014084507,0.17325923850111302,0.13031167481468128,0.15178545665789717,1,1,245,162,125,125,0.15152914037781856
33,469,15.725298435054773,0.17325923850111302,0.13031167481468128,0.15178545665789717,1,1,245,162,125,125,0.15091008111211038
33,470,15.75882785602504,0.13345894268467748,0.17325923850111302,0.15335909059289526,1,1,245,162,125,125,0.1526334126870198
33,471,15.792357276995306,0.1759253847117281,0.13031167481468128,0.1531185297632047,1,1,245,162,125,125,0.15443955039493115
33,472,15.82588669796557,0.1759253847117281,0.13031167481468128,0.1531185297632047,1,1,245,162,125,125,0.15827491446956668
33,473,15.859416118935837,0.1759253847117281,0.1457069056831798,0.16081614519745396,1,1,245,162,125,125,0.1572478230212681
33,474,15.892945539906103,0.18722058556699603,0.1547039684951536,0.1709622770310748,1,1,245,162,125,125,0.1539702436673386
33,475,15.92647496087637,0.16261114544165658,0.1338361212611483,0.14822363335140243,1,1,245,162,125,125,0.15497952721341143
33,476,15.960004381846636,0.14314959117243284,0.13031167481468128,0.13673063299355706,1,1,245,162,125,125,0.1573173019411948
33,477,15.9935338028169,0.13990731402287063,0.17642258096426716,0.1581649474935689,1,1,228,145,150,150,0.15051517796975053
33,478,16.027063223787167,0.1759253847117281,0.16908465296101344,0.17250501883637076,1,1,245,162,125,125,0.15219300206444134
33,479,16.060592644757435,0.14359163953302567,0.13031167481468128,0.1369516571738535,1,1,228,145,150,150,0.15335295310304506
33,480,16.0941220657277,0.1394766078968045,0.17374889975290836,0.15661275382485643,1,1,245,162,125,125,0.15373503808058003
33,481,16.127651486697964,0.13345894268467748,0.15160183368847388,0.14253038818657568,1,1,245,162,125,125,0.15304964897407866
33,482,16.161180907668232,0.16122392483098627,0.15892681993150154,0.16007537238124392,1,1,245,162,125,125,0.15208640792629238
33,483,16.194710328638497,0.16489690810661464,0.17325923850111302,0.16907807330386382,1,1,245,162,125,125,0.1554157048615437
33,484,16.228239749608765,0.1338361212611483,0.13043478260869565,0.132135451934922,1,1,245,162,125,125,0.1575333331768695
33,485,16.26176917057903,0.17325923850111302,0.17325923850111302,0.17325923850111302,1,1,245,162,125,125,0.15525424649209013
33,486,16.295298591549294,0.1759253847117281,0.13031167481468128,0.1531185297632047,1,1,245,162,125,125,0.15360186087080815
33,487,16.328828012519562,0.1520302872837948,0.14532959063089954,0.14867993895734716,1,1,245,162,125,125,0.1577984764364647
33,488,16.362357433489827,0.1759253847117281,0.1457069056831798,0.16081614519745396,1,1,245,162,125,125,0.15484221872178988
33,489,16.395886854460095,0.1759253847117281,0.13031167481468128,0.1531185297632047,1,1,245,162,125,125,0.15701407996870123
33,490,16.42941627543036,0.18664422504079642,0.13031167481468128,0.15847794992773884,1,1,245,162,125,125,0.15910426614921078
33,491,16.462945696400627,0.1759253847117281,0.1520302872837948,0.16397783599776145,1,1,245,162,125,125,0.1600032189303338
33,492,16.496475117370892,0.18442561845864175,0.1338361212611483,0.15913086985989502,1,1,245,162,125,125,0.16222479980249907
33,493,16.530004538341156,0.1785915309223432,0.1520302872837948,0.165310909103069,1,1,245,162,125,125,0.16093526727371027
33,494,16.563533959311425,0.17642258096426716,0.1520302872837948,0.16422643412403098,1,1,245,162,125,125,0.15961342940149026
33,495,16.59706338028169,0.17374889975290836,0.13031167481468128,0.1520302872837948,1,1,245,162,125,125,0.1602564515979939
33,496,16.630592801251957,0.18442561845864175,0.13031167481468128,0.1573686466366615,1,1,245,162,125,125,0.15781797573002104
33,497,16.664122222222222,0.17642258096426716,0.1482693807205592,0.1623459808424132,1,1,245,162,125,125,0.1582654380302324
33,498,16.697651643192486,0.1759253847117281,0.13031167481468128,0.1531185297632047,1,1,245,162,125,125,0.15901296642182566
33,499,16.731181064162755,0.18722058556699603,0.1457069056831798,0.16646374562508792,1,1,245,162,125,125,0.1620506079790911
33,500,16.76471048513302,0.18664422504079642,0.12489163344272552,0.15576792924176097,1,1,245,162,125,125,0.16047173238431087
33,501,16.798239906103287,0.1785915309223432,0.16652217792363402,0.17255685442298863,1,1,245,162,125,125,0.16226750297489867
33,502,16.831769327073552,0.1785915309223432,0.13031167481468128,0.15445160286851223,1,1,245,162,125,125,0.16108042453269555
33,503,16.86529874804382,0.1759253847117281,0.1482693807205592,0.16209738271614366,1,1,245,162,125,125,0.16053202612719242
33,504,16.898828169014084,0.18722058556699603,0.1338361212611483,0.16052835341407218,1,1,245,162,125,125,0.15966624581683836
33,505,16.93235758998435,0.1577824937079317,0.1482693807205592,0.15302593721424546,1,1,245,162,125,125,0.16264337647559507
33,506,16.965887010954617,0.18442561845864175,0.1520302872837948,0.16822795287121828,1,1,245,162,125,125,0.16328608175298012
33,507,16.99941643192488,0.18664422504079642,0.1520302872837948,0.1693372561622956,1,1,245,162,125,125,0.16366651828912435
33,508,17.03294585289515,0.1785915309223432,0.1520302872837948,0.165310909103069,1,1,245,162,125,125,0.16961018220808893
33,509,17.066475273865414,0.17325923850111302,0.15160183368847388,0.16243053609479347,1,1,245,162,125,125,0.16825131298919646
33,510,17.10000469483568,0.18385786226784898,0.18163065135028747,0.18274425680906822,1,1,245,162,125,125,0.16717942895628962
33,511,17.133534115805947,0.18664422504079642,0.1362229885127156,0.161433606776756,1,1,245,162,125,125,0.1698779233377516
33,512,17.16706353677621,0.1759253847117281,0.1520302872837948,0.16397783599776145,1,1,245,162,125,125,0.17125639690474517
33,513,17.20059295774648,0.18385786226784898,0.17374889975290836,0.17880338101037868,1,1,245,162,125,125,0.17023664805759525
33,514,17.234122378716744,0.16489690810661464,0.17374889975290836,0.16932290392976151,1,1,245,162,125,125,0.17324417822513027
33,515,17.26765179968701,0.18664422504079642,0.16864680010584066,0.17764551257331854,1,1,245,162,125,125,0.1764879235049485
33,516,17.301181220657277,0.18385786226784898,0.16908465296101344,0.17647125761443122,1,1,245,162,125,125,0.17755559537552182
33,517,17.33471064162754,0.18664422504079642,0.17374889975290836,0.1801965623968524,1,1,245,162,125,125,0.17949621502388777
33,518,17.36824006259781,0.18385786226784898,0.18442561845864175,0.18414174036324538,1,1,245,162,125,125,0.1807847006907106
33,519,17.401769483568074,0.19196104362215466,0.16609096072102805,0.17902600217159137,1,1,228,145,150,150,0.1828886166883128
33,520,17.435298904538342,0.19491664331375214,0.17325923850111302,0.18408794090743258,1,1,228,145,150,150,0.18425059475788014
33,521,17.468828325508607,0.18664422504079642,0.1873374501640883,0.18699083760244234,1,1,245,162,125,125,0.1831829228873068
33,522,17.50235774647887,0.19491664331375214,0.17909626217562594,0.18700645274468902,1,1,245,162,125,125,0.18562591257765035
33,523,17.53588716744914,0.18385786226784898,0.17374889975290836,0.17880338101037868,1,1,245,162,125,125,0.18022527810441685
33,524,17.569416588419404,0.20873300149371002,0.17374889975290836,0.1912409506233092,1,1,245,162,125,125,0.17779453903039205
33,525,17.602946009389672,0.18385786226784898,0.13031167481468128,0.15708476854126513,1,1,245,162,125,125,0.17509406230685637
33,526,17.636475430359937,0.1759253847117281,0.17374889975290836,0.17483714223231822,1,1,245,162,125,125,0.17425184842606478
33,527,17.6700048513302,0.17325923850111302,0.17374889975290836,0.1735040691270107,1,1,245,162,125,125,0.17065550600162555
33,528,17.70353427230047,0.1759253847117281,0.17325923850111302,0.17459231160642058,1,1,245,162,125,125,0.17420673423991054
33,529,17.737063693270734,0.17325923850111302,0.17325923850111302,0.17325923850111302,1,1,245,162,125,125,0.173707554957784
33,530,17.770593114241002,0.17325923850111302,0.17642258096426716,0.1748409097326901,1,1,245,162,125,125,0.17504605361175235
33,531,17.804122535211267,0.1785915309223432,0.16609096072102805,0.17234124582168564,1,1,245,162,125,125,0.1748773712410499
33,532,17.837651956181535,0.18664422504079642,0.17374889975290836,0.1801965623968524,1,1,245,162,125,125,0.1762535678640389
33,533,17.8711813771518,0.17374889975290836,0.17374889975290836,0.17374889975290836,1,1,245,162,125,125,0.1762692287364998
33,534,17.904710798122064,0.18385786226784898,0.17642258096426716,0.18014022161605808,1,1,245,162,125,125,0.1760523337406922
33,535,17.938240219092332,0.1759253847117281,0.17391304347826086,0.1749192140949945,1,1,245,162,125,125,0.1746648689615443
33,536,17.971769640062597,0.17642258096426716,0.16609096072102805,0.17125677084264762,1,1,228,145,150,150,0.17567576521303838
33,537,18.005299061032865,0.17325923850111302,0.17325923850111302,0.17325923850111302,1,1,245,162,125,125,0.17456618321111086
33,538,18.03882848200313,0.18385786226784898,0.17374889975290836,0.17880338101037868,1,1,228,145,150,150,0.17408334415938614
33,539,18.072357902973394,0.17325923850111302,0.1759253847117281,0.17459231160642058,1,1,228,145,150,150,0.1705527742346152
33,540,18.105887323943662,0.1759253847117281,0.16908465296101344,0.17250501883637076,1,1,228,145,150,150,0.1701025610776682
33,541,18.139416744913927,0.13345894268467748,0.17374889975290836,0.1536039212187929,1,1,245,162,125,125,0.16915716780298462
33,542,18.172946165884195,0.1759253847117281,0.16609096072102805,0.17100817271637808,1,1,228,145,150,150,0.17322203414445095
33,543,18.20647558685446,0.18163065135028747,0.16652217792363402,0.17407641463696075,1,1,228,145,150,150,0.1736892123237148
33,544,18.240005007824728,0.19491664331375214,0.19491664331375214,0.19491664331375214,1,1,228,145,150,150,0.18444884844559617
33,545,18.273534428794992,0.17325923850111302,0.17642258096426716,0.1748409097326901,1,1,228,145,150,150,0.18574862509098158
33,546,18.307063849765257,0.21933669143437756,0.1954675122220219,0.20740210182819974,1,1,245,162,125,125,0.18921383840220046
33,547,18.340593270735525,0.1785915309223432,0.17642258096426716,0.17750705594330518,1,1,228,145,150,150,0.188714376192676
33,548,18.37412269170579,0.1954675122220219,0.1873374501640883,0.19140248119305509,1,1,228,145,150,150,0.1912025716859028
33,549,18.407652112676057,0.18722058556699603,0.197618078965264,0.19241933226613,1,1,228,145,150,150,0.19060462215443363
33,550,18.441181533646322,0.17909626217562594,0.1954675122220219,0.18728188719882394,1,1,228,145,150,150,0.19250727695872571
33,551,18.474710954616587,0.22148725817761966,0.1873374501640883,0.20441235417085396,1,1,228,145,150,150,0.18404373275138716
33,552,18.508240375586855,0.197618078965264,0.17642258096426716,0.18702032996476559,1,1,228,145,150,150,0.18942361395831273
33,553,18.54176979655712,0.13164734238909054,0.16652217792363402,0.1490847601563623,1,1,228,145,150,150,0.1828575570922504
33,554,18.575299217527387,0.2289679946449968,0.209669481956519,0.21931873830075788,1,1,228,145,150,150,0.17269587050183816
33,555,18.608828638497652,0.1785915309223432,0.13031167481468128,0.15445160286851223,1,1,228,145,150,150,0.17131984883209667
33,556,18.642358059467917,0.13345894268467748,0.17374889975290836,0.1536039212187929,1,1,228,145,150,150,0.17971407052710603
33,557,18.675887480438185,0.18385786226784898,0.17642258096426716,0.18014022161605808,1,1,228,145,150,150,0.17009507913049068
33,558,18.70941690140845,0.18664422504079642,0.1954675122220219,0.19105586863140916,1,1,245,162,125,125,0.17371612944138598
33,559,18.742946322378717,0.1759253847117281,0.16652217792363402,0.17122378131768107,1,1,228,145,150,150,0.17579703316282713
33,560,18.776475743348982,0.1785915309223432,0.16652217792363402,0.17255685442298863,1,1,228,145,150,150,0.16831791183646275
33,561,18.81000516431925,0.15426797989908897,0.17374889975290836,0.16400843982599866,1,1,245,162,125,125,0.1603173123892327
33,562,18.843534585289515,0.13345894268467748,0.1520302872837948,0.14274461498423613,1,1,245,162,125,125,0.16026315998639187
33,563,18.87706400625978,0.13345894268467748,0.16864680010584066,0.15105287139525908,1,1,245,162,125,125,0.16010063300468994
33,564,18.910593427230047,0.17325923850111302,0.16864680010584066,0.17095301930347684,1,1,245,162,125,125,0.16928781105421034
33,565,18.944122848200312,0.16489690810661464,0.1785915309223432,0.17174421951447894,1,1,245,162,125,125,0.17787281048516504
33,566,18.97765226917058,0.21227495924591644,0.20761370090128506,0.20994433007360075,1,1,228,145,150,150,0.19050103981340652
33,567,19.011181690140845,0.17642258096426716,0.19491664331375214,0.18566961213900965,1,1,245,162,125,125,0.1999009038334661
33,568,19.04471111111111,0.21871855411641383,0.209669481956519,0.21419401803646643,1,1,245,162,125,125,0.2092043415431216
33,569,19.078240532081377,0.21871855411641383,0.21718612469113546,0.21795233940377465,1,1,245,162,125,125,0.20284599938120235
33,570,19.111769953051642,0.21933669143437756,0.21718612469113546,0.2182614080627565,1,1,245,162,125,125,0.20284877482521768
33,571,19.14529937402191,0.18722058556699603,0.16908465296101344,0.17815261926400472,1,1,245,162,125,125,0.20459601971515537
33,572,19.178828794992175,0.17374889975290836,0.197618078965264,0.18568348935908618,1,1,228,145,150,150,0.2124313997118324
33,573,19.212358215962443,0.22928643684591832,0.21657404812639125,0.22293024248615478,1,1,245,162,125,125,0.21747539049908
33,574,19.245887636932707,0.238904737160249,0.2753537416140702,0.2571292393871596,1,1,228,145,150,150,0.23681274159040808
33,575,19.279417057902972,0.26062334962936257,0.22633937436862692,0.24348136199899473,1,1,228,145,150,150,0.2555876664680901
33,576,19.31294647887324,0.27432500782722,0.2753537416140702,0.2748393747206451,1,1,228,145,150,150,0.2672894348939979
33,577,19.346475899843504,0.2727272727272727,0.2863889547677201,0.2795581137474964,1,1,228,145,150,150,0.27459371833959173
33,578,19.380005320813773,0.2764892144636674,0.2863889547677201,0.2814390846156938,1,1,228,145,150,150,0.28749808154988327
33,579,19.413534741784037,0.29895069382407446,0.28835061940618273,0.29365065661512857,1,1,228,145,150,150,0.29228328019635935
33,580,19.4470641627543,0.31979699568314984,0.2962093604177549,0.3080031780504524,1,1,228,145,150,150,0.2982520214721064
33,581,19.48059358372457,0.3111417811383309,0.2863889547677201,0.2987653679530255,1,1,228,145,150,150,0.30442496997911883
33,582,19.514123004694834,0.3210806630207483,0.297722977231715,0.30940182012623163,1,1,228,145,150,150,0.3086392724150285
33,583,19.547652425665103,0.31283195663715496,0.3117756976643571,0.312303827150756,1,1,228,145,150,150,0.308606287990901
33,584,19.581181846635367,0.3210806630207483,0.3083636745686051,0.3147221687946767,1,1,228,145,150,150,0.3105822167441462
33,585,19.614711267605635,0.3194671514418757,0.2962093604177549,0.3078382559298153,1,1,228,145,150,150,0.31025951442837174
33,586,19.6482406885759,0.3210806630207483,0.2962093604177549,0.3086450117192516,1,1,228,145,150,150,0.3116267938495709
33,587,19.681770109546164,0.3178536398630031,0.297722977231715,0.30778830854735906,1,1,228,145,150,150,0.3104013729579947
33,588,19.715299530516432,0.34055747128178904,0.297722977231715,0.31914022425675204,1,1,228,145,150,150,0.31280311560740237
33,589,19.748828951486697,0.3194671514418757,0.297722977231715,0.30859506433679534,1,1,228,145,150,150,0.3139906538329294
33,590,19.782358372456965,0.3419709611219925,0.297722977231715,0.31984696917685373,1,1,228,145,150,150,0.31538726149856633
33,591,19.81588779342723,0.33295604527601846,0.2962093604177549,0.3145827028468867,1,1,228,145,150,150,0.3129983345071733
33,592,19.849417214397494,0.3333333333333333,0.2962093604177549,0.3147713468755441,1,1,228,145,150,150,0.31672548135684486
33,593,19.882946635367762,0.3181818181818182,0.2962093604177549,0.3071955892997865,1,1,228,145,150,150,0.3165841323728245
33,594,19.916476056338027,0.3567386199385912,0.297722977231715,0.3272307985851531,1,1,228,145,150,150,0.3153965941472975
33,595,19.950005477308295,0.34055747128178904,0.297722977231715,0.31914022425675204,1,1,228,145,150,150,0.3156792445728444
33,596,19.98353489827856,0.3210806630207483,0.2962093604177549,0.3086450117192516,1,1,228,145,150,150,0.3159591395802462
33,597,20.017064319248824,0.3346462207748425,0.297722977231715,0.3161845990032788,1,1,228,145,150,150,0.3156758632799439
33,598,20.050593740219092,0.3194671514418757,0.297722977231715,0.30859506433679534,1,1,228,145,150,150,0.30909016488558827
33,599,20.084123161189357,0.31979699568314984,0.33183183848413367,0.3258144170836418,1,1,228,145,150,150,0.30649707942793514
33,600,20.117652582159625,0.29706972295587714,0.2753537416140702,0.28621173228497365,1,1,228,145,150,150,0.3037984427303994
33,601,20.15118200312989,0.2951498084442171,0.2962093604177549,0.295679584430986,1,1,228,145,150,150,0.3065526041570779
33,602,20.184711424100158,0.3091734706134457,0.2962093604177549,0.3026914155156003,1,1,228,145,150,150,0.3015434267958709
33,603,20.218240845070422,0.33295604527601846,0.3117756976643571,0.3223658714701878,1,1,228,145,150,150,0.3027888354526641
33,604,20.251770266040687,0.31318644114903044,0.28835061940618273,0.3007685302776066,1,1,228,145,150,150,0.3056144224133637
33,605,20.285299687010955,0.30952380952380953,0.2753537416140702,0.2924387755689399,1,1,228,145,150,150,0.306837322556636
33,606,20.31882910798122,0.30952380952380953,0.3100912289451582,0.3098075192344839,1,1,228,145,150,150,0.3030802434527019
33,607,20.352358528951488,0.30952380952380953,0.3080880229401138,0.30880591623196163,1,1,228,145,150,150,0.3032849483733047
33,608,20.385887949921752,0.29706972295587714,0.3100912289451582,0.3035804759505177,1,1,228,145,150,150,0.304157269333787
33,609,20.419417370892017,0.29545454545454547,0.3081295643066955,0.3017920548806205,1,1,228,145,150,150,0.30394948000509536
33,610,20.452946791862285,0.3091734706134457,0.28442729012925744,0.2968003803713516,1,1,228,145,150,150,0.3010068665838256
33,611,20.48647621283255,0.3091734706134457,0.3083636745686051,0.3087685725910254,1,1,228,145,150,150,0.299806776817905
33,612,20.520005633802818,0.31283195663715496,0.2753537416140702,0.2940928491256126,1,1,228,145,150,150,0.30030226761052553
33,613,20.553535054773082,0.29895069382407446,0.2962093604177549,0.2975800271209147,1,1,228,145,150,150,0.30053395704751645
33,614,20.58706447574335,0.29676332002308975,0.3117756976643571,0.3042695088437234,1,1,228,145,150,150,0.30174317628204744
33,615,20.620593896713615,0.3091734706134457,0.2867441844991669,0.2979588275563063,1,1,228,145,150,150,0.30276627922374655
33,616,20.65412331768388,0.3178536398630031,0.3117756976643571,0.3148146687636801,1,1,228,145,150,150,0.30707900352961953
33,617,20.687652738654148,0.3181818181818182,0.28023490948639845,0.2992083638341083,1,1,245,148,125,125,0.3069147465453909
33,618,20.721182159624412,0.3214121731844815,0.31687512411607766,0.31914364865027955,1,1,245,148,125,125,0.3090085343213746
33,619,20.75471158059468,0.3091734706134457,0.297722977231715,0.3034482239225803,1,1,245,148,125,125,0.3083101995349435
33,620,20.788241001564945,0.29676332002308975,0.3200922128493598,0.30842776643622477,1,1,245,148,125,125,0.3081050595737812
33,621,20.82177042253521,0.31283195663715496,0.30981403302589444,0.3113229948315247,1,1,245,148,125,125,0.302541726447891
33,622,20.855299843505477,0.29864235082487856,0.297722977231715,0.29818266402829674,1,1,245,148,125,125,0.30375083202730896
33,623,20.888829264475742,0.3091734706134457,0.27348049542821123,0.2913269830208285,1,1,245,148,125,125,0.30240674446933
33,624,20.92235868544601,0.3091734706134457,0.30981403302589444,0.3094937518196701,1,1,245,148,125,125,0.29532644111079887
33,625,20.955888106416275,0.3091734706134457,0.294241186679215,0.3017073286463303,1,1,245,148,125,125,0.29180644051034327
33,626,20.989417527386543,0.2764892144636674,0.2753537416140702,0.2759214780388688,1,1,245,148,125,125,0.2822433180836157
33,627,21.022946948356807,0.2876848266238258,0.27348049542821123,0.2805826610260185,1,1,245,148,125,125,0.26592989806271683
33,628,21.056476369327072,0.25,0.23702274177438118,0.2435113708871906,1,1,244,145,151,150,0.2546073220780434
33,629,21.09000579029734,0.22727272727272727,0.22858057615762525,0.22792665171517626,1,1,244,145,151,150,0.2509086695328061
33,630,21.123535211267605,0.2616083212883002,0.22858057615762525,0.2450944487229627,1,1,244,145,151,150,0.24515534727394375
33,631,21.157064632237873,0.25413141467354516,0.2607250159518193,0.25742821531268223,1,1,244,145,151,150,0.24919631689013905
33,632,21.190594053208137,0.26426236970084055,0.2393697297625731,0.2518160497317068,1,1,244,145,151,150,0.25380213413856606
33,633,21.224123474178402,0.263875302814302,0.2635571351220321,0.26371621896816705,1,1,244,145,151,150,0.2561060019494065
33,634,21.25765289514867,0.263875302814302,0.23803617310032127,0.25095573795731163,1,1,244,145,151,150,0.258125361264774
33,635,21.291182316118935,0.25162117640843407,0.2616063991458958,0.2566137877771649,1,1,244,145,151,150,0.25524700015844354
33,636,21.324711737089203,0.27432500782722,0.2607250159518193,0.26752501188951966,1,1,244,145,151,150,0.23679007441647815
33,637,21.358241158059467,0.23782574662572747,0.23702274177438118,0.2374242442000543,1,1,244,145,151,150,0.2332486585312698
33,638,21.391770579029732,0.18442561845864175,0.15843756205803883,0.1714315902583403,1,1,244,145,151,150,0.22546028211597138
