video_id,frame_id,timestamp_sec,ear_l,ear_r,ear_avg,det_ok,face_count,face_x,face_y,face_w,face_h,is_closed_manual,manual_source
33,0,0.0,0.2727272727272727,0.2724459770254312,0.272586624876352,1,1,244,145,151,150,0,
33,1,0.033529420970266,0.2746082435954701,0.27432500782722,0.274466625711345,1,1,244,145,151,150,0,
33,2,0.067058841940532,0.2727272727272727,0.27432500782722,0.2735261402772463,1,1,244,145,151,150,0,
33,3,0.1005882629107981,0.2857142857142857,0.2853908959508729,0.2855525908325793,1,1,244,145,151,150,0,
33,4,0.1341176838810641,0.2619047619047619,0.2626866805902819,0.2622957212475219,1,1,244,145,151,150,0,
33,5,0.1676471048513302,0.2724459770254312,0.27432500782722,0.2733854924263256,1,1,244,145,151,150,0,
33,6,0.2011765258215962,0.2727272727272727,0.27432500782722,0.2735261402772463,1,1,244,145,151,150,0,
33,7,0.2347059467918622,0.2727272727272727,0.2762040386290088,0.2744656556781407,1,1,244,145,151,150,0,
33,8,0.2682353677621283,0.2727272727272727,0.27432500782722,0.2735261402772463,1,1,244,145,151,150,0,
33,9,0.3017647887323944,0.2724459770254312,0.27432500782722,0.2733854924263256,1,1,244,145,151,150,0,
33,10,0.3352942097026604,0.2724459770254312,0.2606233496293625,0.2665346633273969,1,1,244,145,151,150,0,
33,11,0.3688236306729264,0.2724459770254312,0.2724459770254312,0.2724459770254312,1,1,244,145,151,150,0,
33,12,0.4023530516431924,0.2724459770254312,0.2724459770254312,0.2724459770254312,1,1,244,145,151,150,0,
33,13,0.4358824726134585,0.2497421456066453,0.2724459770254312,0.2610940613160382,1,1,244,145,151,150,0,
33,14,0.4694118935837245,0.2616083212883002,0.2497421456066453,0.2556752334474727,1,1,244,145,151,150,0,
33,15,0.5029413145539906,0.2404528458913167,0.2378257466257274,0.2391392962585221,1,1,244,145,151,150,0,
33,16,0.5364707355242566,0.1816306513502874,0.1818181818181818,0.1817244165842346,1,1,244,145,151,150,0,
33,17,0.5700001564945227,0.1904761904761904,0.1666666666666666,0.1785714285714285,1,1,244,145,151,150,0,
33,18,0.6035295774647887,0.1590909090909091,0.1363636363636363,0.1477272727272727,1,1,244,145,151,150,0,
33,19,0.6370589984350548,0.2045454545454545,0.1816306513502874,0.193088052947871,1,1,244,145,151,150,0,
33,20,0.6705884194053208,0.2142857142857142,0.1816306513502874,0.1979581828180008,1,1,244,145,151,150,0,
33,21,0.7041178403755869,0.1816306513502874,0.2045454545454545,0.193088052947871,1,1,244,145,151,150,0,
33,22,0.7376472613458529,0.2142857142857142,0.1816306513502874,0.1979581828180008,1,1,244,145,151,150,0,
33,23,0.7711766823161189,0.1956521739130435,0.1764225809642671,0.1860373774386553,1,1,244,145,151,150,0,
33,24,0.8047061032863849,0.1520302872837948,0.1627790386026555,0.1574046629432252,1,1,244,145,151,150,0,
33,25,0.838235524256651,0.1520302872837948,0.1765892505645752,0.164309768924185,1,1,244,145,151,150,0,
33,26,0.871764945226917,0.1520302872837948,0.1818181818181818,0.1669242345509883,1,1,244,145,151,150,0,
33,27,0.9052943661971832,0.2043344827690734,0.2045454545454545,0.204439968657264,1,1,244,145,151,150,0,
33,28,0.9388237871674492,0.238095238095238,0.2292864368459183,0.2336908374705782,1,1,244,145,151,150,0,
33,29,0.9723532081377152,0.238095238095238,0.2292864368459183,0.2336908374705782,1,1,244,145,151,150,0,
33,30,1.0058826291079812,0.2272727272727272,0.2292864368459183,0.2282795820593228,1,1,244,145,151,150,0,
33,31,1.039412050078247,0.2272727272727272,0.2292864368459183,0.2282795820593228,1,1,244,145,151,150,0,
33,32,1.0729414710485132,0.2727272727272727,0.2270383141878593,0.249882793457566,1,1,244,145,151,150,0,
33,33,1.1064708920187794,0.25,0.25,0.25,1,1,244,145,151,150,0,
33,34,1.1400003129890457,0.2724459770254312,0.2724459770254312,0.2724459770254312,1,1,244,145,151,150,0,
33,35,1.1735297339593114,0.2727272727272727,0.2724459770254312,0.272586624876352,1,1,244,145,151,150,0,
33,36,1.2070591549295775,0.2746082435954701,0.2951498084442171,0.2848790260198436,1,1,244,145,151,150,0,
33,37,1.2405885758998434,0.2727272727272727,0.2727272727272727,0.2727272727272727,1,1,244,145,151,150,0,
33,38,1.2741179968701095,0.2727272727272727,0.2497421456066453,0.261234709166959,1,1,244,145,151,150,0,
33,39,1.3076474178403756,0.2727272727272727,0.27432500782722,0.2735261402772463,1,1,244,145,151,150,0,
33,40,1.3411768388106415,0.2857142857142857,0.27432500782722,0.2800196467707528,1,1,244,145,151,150,0,
33,41,1.3747062597809077,0.2857142857142857,0.2292864368459183,0.257500361280102,1,1,244,145,151,150,0,
33,42,1.4082356807511738,0.2857142857142857,0.2497421456066453,0.2677282156604655,1,1,244,145,151,150,0,
33,43,1.4417651017214397,0.2857142857142857,0.27432500782722,0.2800196467707528,1,1,244,145,151,150,0,
33,44,1.4752945226917058,0.2727272727272727,0.2292864368459183,0.2510068547865955,1,1,244,145,151,150,0,
33,45,1.5088239436619717,0.2724459770254312,0.2762040386290088,0.27432500782722,1,1,244,145,151,150,0,
33,46,1.5423533646322378,0.2857142857142857,0.2270383141878593,0.2563762999510725,1,1,244,145,151,150,0,
33,47,1.575882785602504,0.2857142857142857,0.27432500782722,0.2800196467707528,1,1,244,145,151,150,0,
33,48,1.6094122065727698,0.25,0.2724459770254312,0.2612229885127156,1,1,244,145,151,150,0,
33,49,1.642941627543036,0.2951498084442171,0.2724459770254312,0.2837978927348241,1,1,244,145,151,150,0,
33,50,1.676471048513302,0.2857142857142857,0.2270383141878593,0.2563762999510725,1,1,244,145,151,150,0,
33,51,1.710000469483568,0.2619047619047619,0.2270383141878593,0.2444715380463106,1,1,244,145,151,150,0,
33,52,1.743529890453834,0.2857142857142857,0.2292864368459183,0.257500361280102,1,1,244,145,151,150,0,
33,53,1.7770593114241002,0.25,0.2270383141878593,0.2385191570939296,1,1,244,145,151,150,0,
33,54,1.810588732394366,0.25,0.2270383141878593,0.2385191570939296,1,1,244,145,151,150,0,
33,55,1.8441181533646325,0.25,0.2292864368459183,0.2396432184229591,1,1,244,145,151,150,0,
33,56,1.8776475743348984,0.2857142857142857,0.2724459770254312,0.2790801313698584,1,1,244,145,151,150,0,
33,57,1.9111769953051645,0.2724459770254312,0.2606233496293625,0.2665346633273969,1,1,244,145,151,150,0,
33,58,1.9447064162754304,0.2857142857142857,0.2214872581776196,0.2536007719459526,1,1,244,145,151,150,0,
33,59,1.9782358372456963,0.2857142857142857,0.2270383141878593,0.2563762999510725,1,1,244,145,151,150,0,
33,60,2.0117652582159624,0.2619047619047619,0.2270383141878593,0.2444715380463106,1,1,244,145,151,150,0,
33,61,2.0452946791862283,0.25,0.2270383141878593,0.2385191570939296,1,1,244,145,151,150,0,
33,62,2.0788241001564947,0.2724459770254312,0.2724459770254312,0.2724459770254312,1,1,244,145,151,150,0,
33,63,2.112353521126761,0.2270383141878593,0.2292864368459183,0.2281623755168888,1,1,244,145,151,150,0,
33,64,2.1458829420970265,0.25,0.2292864368459183,0.2396432184229591,1,1,244,145,151,150,0,
33,65,2.179412363067293,0.229523171078075,0.2292864368459183,0.2294048039619967,1,1,244,145,151,150,0,
33,66,2.2129417840375587,0.2727272727272727,0.2292864368459183,0.2510068547865955,1,1,244,145,151,150,0,
33,67,2.2464712050078246,0.25,0.2292864368459183,0.2396432184229591,1,1,244,145,151,150,0,
33,68,2.280000625978091,0.2619047619047619,0.2270383141878593,0.2444715380463106,1,1,244,145,151,150,0,
33,69,2.313530046948357,0.2727272727272727,0.2270383141878593,0.249882793457566,1,1,244,145,151,150,0,
33,70,2.3470594679186227,0.2727272727272727,0.2270383141878593,0.249882793457566,1,1,244,145,151,150,0,
33,71,2.3805888888888886,0.25,0.2292864368459183,0.2396432184229591,1,1,244,145,151,150,0,
33,72,2.414118309859155,0.2378257466257274,0.2162383485262526,0.22703204757599,1,1,244,145,151,150,0,
33,73,2.447647730829421,0.2727272727272727,0.2292864368459183,0.2510068547865955,1,1,244,145,151,150,0,
33,74,2.481177151799687,0.2272727272727272,0.2270383141878593,0.2271555207302933,1,1,244,145,151,150,0,
33,75,2.514706572769953,0.2876848266238258,0.2378257466257274,0.2627552866247766,1,1,244,145,151,150,0,
33,76,2.548235993740219,0.2857142857142857,0.2292864368459183,0.257500361280102,1,1,244,145,151,150,0,
33,77,2.581765414710485,0.2619047619047619,0.229523171078075,0.2457139664914185,1,1,244,145,151,150,0,
33,78,2.6152948356807517,0.238095238095238,0.2270383141878593,0.2325667761415487,1,1,244,145,151,150,0,
33,79,2.648824256651017,0.2857142857142857,0.2270383141878593,0.2563762999510725,1,1,244,145,151,150,0,
33,80,2.682353677621283,0.25,0.2270383141878593,0.2385191570939296,1,1,244,145,151,150,0,
33,81,2.7158830985915494,0.238095238095238,0.2292864368459183,0.2336908374705782,1,1,244,145,151,150,0,
33,82,2.7494125195618158,0.238095238095238,0.2270383141878593,0.2325667761415487,1,1,244,145,151,150,0,
33,83,2.782941940532081,0.2619047619047619,0.2272727272727272,0.2445887445887445,1,1,244,145,151,150,0,
33,84,2.816471361502348,0.2272727272727272,0.2045454545454545,0.2159090909090909,1,1,244,145,151,150,0,
33,85,2.850000782472613,0.1818181818181818,0.1737488997529083,0.1777835407855451,1,1,244,145,151,150,0,
33,86,2.88353020344288,0.1844256184586417,0.1520302872837948,0.1682279528712182,1,1,244,145,151,150,0,
33,87,2.9170596244131457,0.1520302872837948,0.1520302872837948,0.1520302872837948,1,1,244,145,151,150,0,
33,88,2.950589045383412,0.1555547337302618,0.128269487915908,0.1419121108230849,1,1,244,145,151,150,1,selfrec_closed_interval
33,89,2.984118466353677,0.1617217870398558,0.128269487915908,0.1449956374778819,1,1,244,145,151,150,1,selfrec_closed_interval
33,90,3.0176478873239434,0.1520302872837948,0.1520302872837948,0.1520302872837948,1,1,244,145,151,150,1,selfrec_closed_interval
33,91,3.0511773082942097,0.1589268199315015,0.1303116748146812,0.1446192473730914,1,1,244,145,151,150,1,selfrec_closed_interval
33,92,3.084706729264476,0.1399073140228706,0.1303116748146812,0.1351094944187759,1,1,244,145,151,150,1,selfrec_closed_interval
33,93,3.118236150234741,0.1190015456893227,0.1136363636363636,0.1163189546628431,1,1,244,145,151,150,1,selfrec_closed_interval
33,94,3.151765571205008,0.1399073140228706,0.1338361212611483,0.1368717176420094,1,1,244,145,151,150,1,selfrec_closed_interval
33,95,3.185294992175274,0.1399073140228706,0.128269487915908,0.1340884009693893,1,1,244,145,151,150,1,selfrec_closed_interval
33,96,3.21882441314554,0.1617217870398558,0.128269487915908,0.1449956374778819,1,1,244,145,151,150,1,selfrec_closed_interval
33,97,3.252353834115806,0.1547039684951536,0.1303116748146812,0.1425078216549174,1,1,244,145,151,150,1,selfrec_closed_interval
33,98,3.285883255086072,0.1520302872837948,0.1303116748146812,0.141170981049238,1,1,244,145,151,150,1,selfrec_closed_interval
33,99,3.319412676056338,0.1589268199315015,0.1362229885127156,0.1475749042221085,1,1,244,145,151,150,1,selfrec_closed_interval
33,100,3.352942097026604,0.1520302872837948,0.1303116748146812,0.141170981049238,1,1,244,145,151,150,1,selfrec_closed_interval
33,101,3.38647151799687,0.1547039684951536,0.1739130434782608,0.1643085059867072,1,1,244,145,151,150,1,selfrec_closed_interval
33,102,3.420000938967136,0.1626111454416565,0.1339625586634097,0.1482868520525331,1,1,244,145,151,150,1,selfrec_closed_interval
33,103,3.4535303599374023,0.1399073140228706,0.1339625586634097,0.1369349363431401,1,1,244,145,151,150,1,selfrec_closed_interval
33,104,3.487059780907668,0.1764225809642671,0.1764225809642671,0.1764225809642671,1,1,244,145,151,150,1,selfrec_closed_interval
33,105,3.520589201877934,0.1399073140228706,0.1303116748146812,0.1351094944187759,1,1,244,145,151,150,1,selfrec_closed_interval
33,106,3.5541186228482005,0.1617217870398558,0.125,0.1433608935199279,1,1,244,145,151,150,1,selfrec_closed_interval
33,107,3.5876480438184664,0.1737488997529083,0.1516472351937417,0.162698067473325,1,1,244,145,151,150,1,selfrec_closed_interval
33,108,3.621177464788732,0.1188788054038347,0.0920884350071782,0.1054836202055065,1,1,244,145,151,150,1,selfrec_closed_interval
33,109,3.654706885758998,0.1617217870398558,0.1764225809642671,0.1690721840020614,1,1,244,145,151,150,1,selfrec_closed_interval
33,110,3.688236306729265,0.1520302872837948,0.1303116748146812,0.141170981049238,1,1,244,145,151,150,1,selfrec_closed_interval
33,111,3.7217657276995295,0.1555547337302618,0.166522177923634,0.1610384558269479,1,1,244,145,151,150,1,selfrec_closed_interval
33,112,3.755295148669796,0.1555547337302618,0.1339625586634097,0.1447586461968357,1,1,244,145,151,150,1,selfrec_closed_interval
33,113,3.788824569640063,0.1548501201297925,0.1303116748146812,0.1425808974722369,1,1,244,145,151,150,1,selfrec_closed_interval
33,114,3.822353990610329,0.1399073140228706,0.1304347826086956,0.1351710483157831,1,1,244,145,151,150,1,selfrec_closed_interval
33,115,3.8558834115805936,0.1589268199315015,0.1764225809642671,0.1676747004478843,1,1,244,145,151,150,1,selfrec_closed_interval
33,116,3.889412832550861,0.1490847601563623,0.1248916334427255,0.1369881967995439,1,1,244,145,151,150,1,selfrec_closed_interval
33,117,3.922942253521127,0.1954675122220219,0.1737488997529083,0.1846082059874651,1,1,244,145,151,150,1,selfrec_closed_interval
33,118,3.9564716744913926,0.1617217870398558,0.1816306513502874,0.1716762191950716,1,1,244,145,151,150,1,selfrec_closed_interval
33,119,3.990001095461659,0.1764225809642671,0.1739130434782608,0.175167812221264,1,1,244,145,151,150,1,selfrec_closed_interval
33,120,4.023530516431925,0.1555547337302618,0.1739130434782608,0.1647338886042613,1,1,244,145,151,150,1,selfrec_closed_interval
33,121,4.057059937402191,0.1547039684951536,0.1737488997529083,0.1642264341240309,1,1,244,145,151,150,1,selfrec_closed_interval
33,122,4.090589358372457,0.1555547337302618,0.1737488997529083,0.164651816741585,1,1,244,145,151,150,1,selfrec_closed_interval
33,123,4.124118779342723,0.1617217870398558,0.1765892505645752,0.1691555188022155,1,1,244,145,151,150,1,selfrec_closed_interval
33,124,4.157648200312989,0.1764225809642671,0.1739130434782608,0.175167812221264,1,1,244,145,151,150,1,selfrec_closed_interval
33,125,4.191177621283255,0.1764225809642671,0.1739130434782608,0.175167812221264,1,1,244,145,151,150,1,selfrec_closed_interval
33,126,4.224707042253521,0.1399073140228706,0.1617217870398558,0.1508145505313632,1,1,244,145,151,150,1,selfrec_closed_interval
33,127,4.258236463223788,0.1399073140228706,0.1304347826086956,0.1351710483157831,1,1,244,145,151,150,1,selfrec_closed_interval
33,128,4.291765884194053,0.1303116748146812,0.1521739130434782,0.1412427939290798,1,1,244,145,151,150,1,selfrec_closed_interval
33,129,4.325295305164319,0.1555547337302618,0.1739130434782608,0.1647338886042613,1,1,244,145,151,150,1,selfrec_closed_interval
33,130,4.358824726134586,0.1338361212611483,0.1739130434782608,0.1538745823697045,1,1,244,145,151,150,1,selfrec_closed_interval
33,131,4.392354147104851,0.1338361212611483,0.1548501201297925,0.1443431206954704,1,1,244,145,151,150,1,selfrec_closed_interval
33,132,4.425883568075117,0.1399073140228706,0.1521739130434782,0.1460406135331744,1,1,244,145,151,150,1,selfrec_closed_interval
33,133,4.459412989045384,0.1303116748146812,0.1304347826086956,0.1303732287116884,1,1,244,145,151,150,1,selfrec_closed_interval
33,134,4.492942410015649,0.1399073140228706,0.1739130434782608,0.1569101787505657,1,1,244,145,151,150,1,selfrec_closed_interval
33,135,4.526471830985916,0.1555547337302618,0.1818181818181818,0.1686864577742218,1,1,244,145,151,150,1,selfrec_closed_interval
33,136,4.560001251956182,0.1399073140228706,0.1304347826086956,0.1351710483157831,1,1,244,145,151,150,1,selfrec_closed_interval
33,137,4.593530672926447,0.1399073140228706,0.1363636363636363,0.1381354751932534,1,1,244,145,151,150,1,selfrec_closed_interval
33,138,4.627060093896714,0.1399073140228706,0.1737488997529083,0.1568281068878895,1,1,244,145,151,150,1,selfrec_closed_interval
33,139,4.660589514866979,0.1399073140228706,0.1136363636363636,0.1267718388296171,1,1,244,145,151,150,1,selfrec_closed_interval
33,140,4.6941189358372455,0.1654061125500108,0.1765892505645752,0.170997681557293,1,1,244,145,151,150,1,selfrec_closed_interval
33,141,4.727648356807512,0.1303116748146812,0.1765892505645752,0.1534504626896282,1,1,244,145,151,150,1,selfrec_closed_interval
33,142,4.761177777777777,0.1555547337302618,0.1492141187191009,0.1523844262246814,1,1,244,145,151,150,1,selfrec_closed_interval
33,143,4.794707198748044,0.1338361212611483,0.1739130434782608,0.1538745823697045,1,1,244,145,151,150,1,selfrec_closed_interval
33,144,4.82823661971831,0.1555547337302618,0.1303116748146812,0.1429332042724715,1,1,244,145,151,150,1,selfrec_closed_interval
33,145,4.861766040688575,0.1399073140228706,0.108695652173913,0.1243014830983918,1,1,244,145,151,150,1,selfrec_closed_interval
33,146,4.895295461658842,0.1589268199315015,0.1765892505645752,0.1677580352480383,1,1,244,145,151,150,1,selfrec_closed_interval
33,147,4.928824882629108,0.1373605677076153,0.1520302872837948,0.144695427495705,1,1,244,145,151,150,1,selfrec_closed_interval
33,148,4.962354303599374,0.1617217870398558,0.1355666958767434,0.1486442414582996,1,1,244,145,151,150,1,selfrec_closed_interval
33,149,4.99588372456964,0.1555547337302618,0.1739130434782608,0.1647338886042613,1,1,244,145,151,150,1,selfrec_closed_interval
33,150,5.029413145539906,0.1399073140228706,0.1339625586634097,0.1369349363431401,1,1,244,145,151,150,1,selfrec_closed_interval
33,151,5.062942566510172,0.1399073140228706,0.1303116748146812,0.1351094944187759,1,1,244,145,151,150,1,selfrec_closed_interval
33,152,5.096471987480438,0.1399073140228706,0.1304347826086956,0.1351710483157831,1,1,244,145,151,150,1,selfrec_closed_interval
33,153,5.130001408450704,0.1338361212611483,0.1557016890981923,0.1447689051796702,1,1,244,145,151,150,1,selfrec_closed_interval
33,154,5.16353082942097,0.1435916395330256,0.1283807853857676,0.1359862124593966,1,1,244,145,151,150,1,selfrec_closed_interval
33,155,5.197060250391236,0.1612239248309862,0.1303116748146812,0.1457677998228337,1,1,244,145,151,150,1,selfrec_closed_interval
33,156,5.230589671361503,0.1399073140228706,0.1399073140228706,0.1399073140228706,1,1,244,145,151,150,1,selfrec_closed_interval
33,157,5.264119092331768,0.1399073140228706,0.1399073140228706,0.1399073140228706,1,1,244,145,151,150,1,selfrec_closed_interval
33,158,5.297648513302034,0.1399073140228706,0.1338361212611483,0.1368717176420094,1,1,244,145,151,150,1,selfrec_closed_interval
33,159,5.331177934272301,0.1399073140228706,0.1362229885127156,0.1380651512677931,1,1,244,145,151,150,1,selfrec_closed_interval
33,160,5.364707355242566,0.1394766078968045,0.1400517658753828,0.1397641868860936,1,1,244,145,151,150,1,selfrec_closed_interval
33,161,5.3982367762128325,0.1334589426846774,0.1303116748146812,0.1318853087496793,1,1,244,145,151,150,1,selfrec_closed_interval
33,162,5.431766197183099,0.1516018336884738,0.1521739130434782,0.1518878733659761,1,1,244,145,151,150,1,selfrec_closed_interval
33,163,5.465295618153364,0.1551163474973166,0.1303116748146812,0.1427140111559989,1,1,244,145,151,150,1,selfrec_closed_interval
33,164,5.498825039123631,0.1547039684951536,0.1303116748146812,0.1425078216549174,1,1,244,145,151,150,1,selfrec_closed_interval
33,165,5.532354460093897,0.1394766078968045,0.1304347826086956,0.13495569525275,1,1,244,145,151,150,1,selfrec_closed_interval
33,166,5.565883881064162,0.1654061125500108,0.1303116748146812,0.147858893682346,1,1,244,145,151,150,1,selfrec_closed_interval
33,167,5.599413302034429,0.1338361212611483,0.1303116748146812,0.1320738980379148,1,1,244,145,151,150,1,selfrec_closed_interval
33,168,5.632942723004695,0.1394766078968045,0.1135191570939296,0.1264978824953671,1,1,244,145,151,150,1,selfrec_closed_interval
33,169,5.666472143974961,0.1338361212611483,0.128269487915908,0.1310528045885281,1,1,244,145,151,150,1,selfrec_closed_interval
33,170,5.700001564945227,0.1399073140228706,0.1303116748146812,0.1351094944187759,1,1,244,145,151,150,1,selfrec_closed_interval
33,171,5.733530985915493,0.1626111454416565,0.1304347826086956,0.1465229640251761,1,1,244,145,151,150,1,selfrec_closed_interval
33,172,5.767060406885759,0.1334589426846774,0.1303116748146812,0.1318853087496793,1,1,244,145,151,150,1,selfrec_closed_interval
33,173,5.800589827856025,0.1334589426846774,0.1248916334427255,0.1291752880637015,1,1,244,145,151,150,1,selfrec_closed_interval
33,174,5.834119248826291,0.1338361212611483,0.1303116748146812,0.1320738980379148,1,1,244,145,151,150,1,selfrec_closed_interval
33,175,5.867648669796557,0.1394766078968045,0.1339625586634097,0.136719583280107,1,1,244,145,151,150,1,selfrec_closed_interval
33,176,5.901178090766823,0.1465548294564838,0.1362229885127156,0.1413889089845997,1,1,244,145,151,150,1,selfrec_closed_interval
33,177,5.9347075117370895,0.1399073140228706,0.1304347826086956,0.1351710483157831,1,1,244,145,151,150,1,selfrec_closed_interval
33,178,5.968236932707355,0.1621105453336672,0.1338361212611483,0.1479733332974077,1,1,244,145,151,150,1,selfrec_closed_interval
33,179,6.001766353677621,0.1703374041190565,0.1589268199315015,0.164632112025279,1,1,244,145,151,150,1,selfrec_closed_interval
33,180,6.035295774647887,0.1338361212611483,0.1338361212611483,0.1338361212611483,1,1,244,145,151,150,1,selfrec_closed_interval
33,181,6.068825195618153,0.1394766078968045,0.1362229885127156,0.13784979820476,1,1,244,145,151,150,1,selfrec_closed_interval
33,182,6.10235461658842,0.1555547337302618,0.1303116748146812,0.1429332042724715,1,1,244,145,151,150,1,selfrec_closed_interval
33,183,6.135884037558685,0.1764225809642671,0.1248916334427255,0.1506571072034963,1,1,244,145,151,150,1,selfrec_closed_interval
33,184,6.169413458528951,0.173259238501113,0.1737488997529083,0.1735040691270107,1,1,244,145,151,150,1,selfrec_closed_interval
33,185,6.202942879499218,0.2002917601766227,0.1737488997529083,0.1870203299647655,1,1,244,145,151,150,1,selfrec_closed_interval
33,186,6.236472300469483,0.1577824937079317,0.1737488997529083,0.16576569673042,1,1,245,148,125,125,1,selfrec_closed_interval
33,187,6.270001721439749,0.1577824937079317,0.1520302872837948,0.1549063904958632,1,1,245,148,125,125,1,selfrec_closed_interval
33,188,6.303531142410016,0.1334589426846774,0.1764225809642671,0.1549407618244723,1,1,245,148,125,125,1,selfrec_closed_interval
33,189,6.337060563380281,0.1334589426846774,0.1765892505645752,0.1550240966246263,1,1,245,148,125,125,1,selfrec_closed_interval
33,190,6.370589984350548,0.1759253847117281,0.1737488997529083,0.1748371422323182,1,1,245,148,125,125,0,
33,191,6.404119405320814,0.1954675122220219,0.1737488997529083,0.1846082059874651,1,1,245,148,125,125,0,
33,192,6.437648826291079,0.2541314146735451,0.2270383141878593,0.2405848644307022,1,1,245,148,125,125,0,
33,193,6.471178247261346,0.2428527953069822,0.2263393743686269,0.2345960848378045,1,1,245,148,125,125,0,
33,194,6.504707668231612,0.2391304347826087,0.2171861246911354,0.228158279736872,1,1,245,148,125,125,0,
33,195,6.5382370892018775,0.238095238095238,0.251621176408434,0.244858207251836,1,1,245,148,125,125,0,
33,196,6.571766510172144,0.3095238095238095,0.2753537416140702,0.2924387755689399,1,1,245,148,125,125,0,
33,197,6.60529593114241,0.2951498084442171,0.2530877597803469,0.274118784112282,1,1,245,148,125,125,0,
33,198,6.638825352112676,0.2857142857142857,0.2716072492423523,0.278660767478319,1,1,245,148,125,125,0,
33,199,6.672354773082942,0.2541314146735451,0.2508465579913486,0.2524889863324469,1,1,245,148,125,125,0,
33,200,6.705884194053208,0.2857142857142857,0.2716072492423523,0.278660767478319,1,1,245,148,125,125,0,
33,201,6.739413615023474,0.2746082435954701,0.2753537416140702,0.2749809926047701,1,1,245,148,125,125,0,
33,202,6.77294303599374,0.2973355163227428,0.294241186679215,0.2957883515009789,1,1,245,148,125,125,0,
33,203,6.806472456964007,0.2989506938240744,0.2716072492423523,0.2852789715332133,1,1,245,148,125,125,0,
33,204,6.840001877934272,0.2989506938240744,0.3168751241160776,0.307912908970076,1,1,245,148,125,125,0,
33,205,6.873531298904538,0.2989506938240744,0.2734804954282112,0.2862155946261429,1,1,245,148,125,125,0,
33,206,6.907060719874805,0.2954545454545454,0.2716072492423523,0.2835308973484489,1,1,244,145,151,150,0,
33,207,6.94059014084507,0.2954545454545454,0.2650336685784739,0.2802441070165097,1,1,244,145,151,150,0,
33,208,6.974119561815336,0.3095238095238095,0.2753537416140702,0.2924387755689399,1,1,244,145,151,150,0,
33,209,7.007648982785603,0.2857142857142857,0.2863889547677201,0.2860516202410029,1,1,244,145,151,150,0,
33,210,7.041178403755868,0.3095238095238095,0.2844272901292574,0.2969755498265335,1,1,244,145,151,150,0,
33,211,7.074707824726135,0.2727272727272727,0.2883506194061827,0.2805389460667277,1,1,244,145,151,150,0,
33,212,7.108237245696401,0.2873592064757582,0.2650336685784739,0.276196437527116,1,1,244,145,151,150,0,
33,213,7.141766666666666,0.3095238095238095,0.2650336685784739,0.2872787390511417,1,1,244,145,151,150,0,
33,214,7.175296087636933,0.2857142857142857,0.2626866805902819,0.2742004831522838,1,1,244,145,151,150,0,
33,215,7.208825508607199,0.2857142857142857,0.2626866805902819,0.2742004831522838,1,1,244,145,151,150,0,
33,216,7.242354929577464,0.3095238095238095,0.2626866805902819,0.2861052450570457,1,1,244,145,151,150,0,
33,217,7.275884350547731,0.2857142857142857,0.2607250159518193,0.2732196508330525,1,1,244,145,151,150,0,
33,218,7.309413771517996,0.2727272727272727,0.2607250159518193,0.266726144339546,1,1,244,145,151,150,0,
33,219,7.342943192488263,0.3095238095238095,0.2607250159518193,0.2851244127378144,1,1,244,145,151,150,0,
33,220,7.376472613458529,0.2876848266238258,0.2639632605925829,0.2758240436082043,1,1,244,145,151,150,0,
33,221,7.410002034428794,0.2857142857142857,0.2760984400541352,0.2809063628842104,1,1,244,145,151,150,0,
33,222,7.443531455399061,0.2857142857142857,0.2512145135944879,0.2684643996543868,1,1,244,145,151,150,0,
33,223,7.477060876369327,0.2619047619047619,0.2616083212883002,0.261756541596531,1,1,244,145,151,150,0,
33,224,7.510590297339593,0.2853908959508729,0.2724459770254312,0.278918436488152,1,1,244,145,151,150,0,
33,225,7.544119718309859,0.2857142857142857,0.2630720039400112,0.2743931448271485,1,1,244,145,151,150,0,
33,226,7.577649139280125,0.3095238095238095,0.2635766318131854,0.2865502206684974,1,1,244,145,151,150,0,
33,227,7.611178560250391,0.2857142857142857,0.2607250159518193,0.2732196508330525,1,1,244,145,151,150,0,
33,228,7.644707981220657,0.2876848266238258,0.2607250159518193,0.2742049212878225,1,1,244,145,151,150,0,
33,229,7.678237402190923,0.2727272727272727,0.2519902682647042,0.2623587704959884,1,1,244,145,151,150,0,
33,230,7.711766823161189,0.2857142857142857,0.2762040386290088,0.2809591621716473,1,1,244,145,151,150,0,
33,231,7.745296244131455,0.2873592064757582,0.2734804954282112,0.2804198509519847,1,1,244,145,151,150,0,
33,232,7.778825665101722,0.2857142857142857,0.2512145135944879,0.2684643996543868,1,1,244,145,151,150,0,
33,233,7.812355086071987,0.2619047619047619,0.2393697297625731,0.2506372458336675,1,1,244,145,151,150,0,
33,234,7.845884507042253,0.2857142857142857,0.2370227417743811,0.2613685137443334,1,1,244,145,151,150,0,
33,235,7.87941392801252,0.2876848266238258,0.2530877597803469,0.2703862932020863,1,1,244,145,151,150,0,
33,236,7.912943348982785,0.2954545454545454,0.2716072492423523,0.2835308973484489,1,1,244,145,151,150,0,
33,237,7.9464727699530515,0.2616083212883002,0.2370227417743811,0.2493155315313406,1,1,244,145,151,150,0,
33,238,7.980002190923318,0.2857142857142857,0.2512145135944879,0.2684643996543868,1,1,244,145,151,150,0,
33,239,8.013531611893583,0.2853908959508729,0.2630720039400112,0.2742314499454421,1,1,244,145,151,150,0,
33,240,8.04706103286385,0.2497421456066453,0.2285805761576252,0.2391613608821352,1,1,244,145,151,150,0,
33,241,8.080590453834116,0.2727272727272727,0.2489733118054896,0.2608502922663811,1,1,244,145,151,150,0,
33,242,8.114119874804382,0.2853908959508729,0.2607250159518193,0.2730579559513461,1,1,244,145,151,150,0,
33,243,8.147649295774647,0.2727272727272727,0.2512145135944879,0.2619708931608803,1,1,244,145,151,150,0,
33,244,8.181178716744913,0.2727272727272727,0.2616083212883002,0.2671677970077865,1,1,244,145,151,150,0,
33,245,8.21470813771518,0.2727272727272727,0.2607250159518193,0.266726144339546,1,1,244,145,151,150,0,
33,246,8.248237558685446,0.2853908959508729,0.2607250159518193,0.2730579559513461,1,1,244,145,151,150,0,
33,247,8.281766979655712,0.27432500782722,0.294241186679215,0.2842830972532175,1,1,244,145,151,150,0,
33,248,8.315296400625979,0.2853908959508729,0.2844272901292574,0.2849090930400652,1,1,244,145,151,150,0,
33,249,8.348825821596243,0.3131864411490304,0.294241186679215,0.3037138139141227,1,1,245,148,125,125,0,
33,250,8.38235524256651,0.2826086956521739,0.294241186679215,0.2884249411656944,1,1,245,148,125,125,0,
33,251,8.415884663536776,0.2727272727272727,0.2512145135944879,0.2619708931608803,1,1,244,145,151,150,0,
33,252,8.449414084507042,0.2954545454545454,0.297722977231715,0.2965887613431302,1,1,245,148,125,125,0,
33,253,8.482943505477309,0.2970697229558771,0.294241186679215,0.295655454817546,1,1,245,148,125,125,0,
33,254,8.516472926447575,0.3181818181818182,0.2848778325873619,0.30152982538459,1,1,245,148,125,125,0,
33,255,8.55000234741784,0.2951498084442171,0.297722977231715,0.2964363928379661,1,1,245,148,125,125,0,
33,256,8.583531768388106,0.2746082435954701,0.297722977231715,0.2861656104135925,1,1,245,148,125,125,0,
33,257,8.617061189358372,0.3095238095238095,0.2716072492423523,0.2905655293830809,1,1,245,148,125,125,0,
33,258,8.650590610328639,0.2954545454545454,0.2815462625643086,0.288500404009427,1,1,245,148,125,125,0,
33,259,8.684120031298905,0.3181818181818182,0.2848778325873619,0.30152982538459,1,1,245,148,125,125,0,
33,260,8.717649452269171,0.2762040386290088,0.2716072492423523,0.2739056439356805,1,1,245,148,125,125,0,
33,261,8.751178873239436,0.2954545454545454,0.27432500782722,0.2848897766408828,1,1,245,148,125,125,0,
33,262,8.784708294209702,0.2727272727272727,0.27432500782722,0.2735261402772463,1,1,245,148,125,125,0,
33,263,8.818237715179968,0.2727272727272727,0.2724459770254312,0.272586624876352,1,1,245,148,125,125,0,
33,264,8.851767136150235,0.2989506938240744,0.2762040386290088,0.2875773662265416,1,1,245,148,125,125,0,
33,265,8.885296557120501,0.2954545454545454,0.2716072492423523,0.2835308973484489,1,1,245,148,125,125,0,
33,266,8.918825978090767,0.2764892144636674,0.2986423508248785,0.287565782644273,1,1,245,148,125,125,0,
33,267,8.952355399061032,0.2954545454545454,0.2753537416140702,0.2854041435343079,1,1,245,148,125,125,0,
33,268,8.985884820031298,0.2989506938240744,0.2961144328650739,0.2975325633445742,1,1,245,148,125,125,0,
33,269,9.019414241001565,0.2764892144636674,0.2634737091346026,0.269981461799135,1,1,245,148,125,125,0,
33,270,9.052943661971833,0.2859528375708539,0.2634737091346026,0.2747132733527282,1,1,245,148,125,125,0,
33,271,9.086473082942096,0.2989506938240744,0.2624208410328536,0.2806857674284641,1,1,245,148,125,125,0,
33,272,9.120002503912364,0.2989506938240744,0.297722977231715,0.2983368355278947,1,1,245,148,125,125,0,
33,273,9.153531924882628,0.2989506938240744,0.2734804954282112,0.2862155946261429,1,1,245,148,125,125,0,
33,274,9.187061345852896,0.2826086956521739,0.2835509621143202,0.283079828883247,1,1,245,148,125,125,0,
33,275,9.22059076682316,0.2764892144636674,0.2642183324363447,0.2703537734500061,1,1,245,148,125,125,0,
33,276,9.254120187793427,0.2764892144636674,0.2598888577516695,0.2681890361076685,1,1,245,148,125,125,0,
33,277,9.287649608763694,0.2826086956521739,0.2830854068958953,0.2828470512740346,1,1,245,148,125,125,0,
33,278,9.321179029733958,0.2826086956521739,0.2986423508248785,0.2906255232385262,1,1,245,148,125,125,0,
33,279,9.354708450704225,0.2764892144636674,0.2598888577516695,0.2681890361076685,1,1,245,148,125,125,0,
33,280,9.388237871674493,0.2970697229558771,0.2830854068958953,0.2900775649258862,1,1,245,148,125,125,0,
33,281,9.421767292644756,0.2826086956521739,0.2598888577516695,0.2712487767019217,1,1,245,148,125,125,0,
33,282,9.455296713615024,0.2764892144636674,0.2848778325873619,0.2806835235255147,1,1,245,148,125,125,0,
33,283,9.48882613458529,0.2764892144636674,0.2762040386290088,0.2763466265463381,1,1,245,148,125,125,0,
33,284,9.522355555555556,0.2764892144636674,0.2642183324363447,0.2703537734500061,1,1,245,148,125,125,0,
33,285,9.55588497652582,0.2970697229558771,0.2642183324363447,0.2806440276961109,1,1,245,148,125,125,0,
33,286,9.589414397496087,0.2989506938240744,0.2634737091346026,0.2812122014793385,1,1,245,148,125,125,0,
33,287,9.622943818466354,0.2989506938240744,0.2838854563241673,0.2914180750741209,1,1,245,148,125,125,0,
33,288,9.65647323943662,0.2986423508248785,0.2848778325873619,0.2917600917061203,1,1,245,148,125,125,0,
33,289,9.690002660406886,0.2989506938240744,0.2634737091346026,0.2812122014793385,1,1,245,148,125,125,0,
33,290,9.72353208137715,0.2973355163227428,0.2753537416140702,0.2863446289684065,1,1,245,148,125,125,0,
33,291,9.757061502347415,0.3194671514418757,0.2634737091346026,0.2914704302882391,1,1,245,148,125,125,0,
33,292,9.790590923317684,0.3178536398630031,0.2848778325873619,0.3013657362251825,1,1,245,148,125,125,0,
33,293,9.82412034428795,0.2986423508248785,0.2753537416140702,0.2869980462194744,1,1,245,148,125,125,0,
33,294,9.857649765258216,0.2762040386290088,0.2753537416140702,0.2757788901215395,1,1,245,148,125,125,0,
33,295,9.891179186228484,0.27432500782722,0.2753537416140702,0.2748393747206451,1,1,245,148,125,125,0,
33,296,9.924708607198747,0.2762040386290088,0.2762040386290088,0.2762040386290088,1,1,245,148,125,125,0,
33,297,9.958238028169012,0.2989506938240744,0.2642183324363447,0.2815845131302096,1,1,245,148,125,125,0,
33,298,9.99176744913928,0.2986423508248785,0.2762040386290088,0.2874231947269436,1,1,245,148,125,125,0,
33,299,10.025296870109546,0.2986423508248785,0.2716072492423523,0.2851248000336154,1,1,245,148,125,125,0,
33,300,10.058826291079813,0.1764225809642671,0.1997272955143898,0.1880749382393284,1,1,245,148,125,125,0,
33,301,10.09235571205008,0.1785915309223432,0.1737488997529083,0.1761702153376257,1,1,245,148,125,125,0,
33,302,10.125885133020343,0.1626111454416565,0.1516018336884738,0.1571064895650652,1,1,245,148,125,125,0,
33,303,10.15941455399061,0.1737488997529083,0.1457069056831798,0.159727902718044,1,1,245,148,125,125,0,
33,304,10.192943974960876,0.1520302872837948,0.148698697987182,0.1503644926354884,1,1,245,148,125,125,0,
33,305,10.226473395931142,0.2004809794218643,0.1954675122220219,0.1979742458219431,1,1,245,148,125,125,0,
33,306,10.260002816901409,0.229523171078075,0.2064917997047116,0.2180074853913933,1,1,245,148,125,125,0,
33,307,10.293532237871675,0.253869299066493,0.2285805761576252,0.2412249376120591,1,1,245,148,125,125,0,
33,308,10.32706165884194,0.253869299066493,0.2497421456066453,0.2518057223365691,1,1,245,148,125,125,0,
33,309,10.360591079812206,0.2315345595039772,0.2292864368459183,0.2304104981749478,1,1,245,148,125,125,0,
33,310,10.394120500782472,0.187220585566996,0.1737488997529083,0.1804847426599521,1,1,245,148,125,125,0,
33,311,10.42764992175274,0.173259238501113,0.166090960721028,0.1696750996110705,1,1,245,148,125,125,0,
33,312,10.461179342723003,0.1759253847117281,0.1737488997529083,0.1748371422323182,1,1,245,148,125,125,0,
33,313,10.494708763693271,0.1844256184586417,0.1737488997529083,0.179087259105775,1,1,245,148,125,125,0,
33,314,10.528238184663536,0.1790962621756259,0.209669481956519,0.1943828720660724,1,1,245,148,125,125,0,
33,315,10.561767605633802,0.2216965011928392,0.207613700901285,0.2146551010470621,1,1,245,148,125,125,0,
33,316,10.595297026604069,0.1954675122220219,0.2193366914343775,0.2074021018281997,1,1,245,148,125,125,0,
33,317,10.628826447574337,0.2270383141878593,0.2315345595039772,0.2292864368459183,1,1,245,148,125,125,0,
33,318,10.6623558685446,0.2497421456066453,0.2308217779466236,0.2402819617766344,1,1,245,148,125,125,0,
33,319,10.695885289514866,0.2497421456066453,0.253869299066493,0.2518057223365691,1,1,245,148,125,125,0,
33,320,10.729414710485132,0.2071294498774276,0.173259238501113,0.1901943441892703,1,1,245,148,125,125,0,
33,321,10.7629441314554,0.1866442250407964,0.2165740481263912,0.2016091365835938,1,1,245,148,125,125,0,
33,322,10.796473552425663,0.2093775725354866,0.1737488997529083,0.1915632361441975,1,1,245,148,125,125,0,
33,323,10.830002973395931,0.1981411934333807,0.1873374501640883,0.1927393217987345,1,1,245,148,125,125,0,
33,324,10.863532394366198,0.1790962621756259,0.1873374501640883,0.1832168561698571,1,1,245,148,125,125,0,
33,325,10.897061815336462,0.1648969081066146,0.1690846529610134,0.166990780533814,1,1,245,148,125,125,0,
33,326,10.930591236306729,0.187220585566996,0.1759253847117281,0.181572985139362,1,1,245,148,125,125,0,
33,327,10.964120657276997,0.2315345595039772,0.2187185541164138,0.2251265568101955,1,1,245,148,125,125,0,
33,328,10.99765007824726,0.2541314146735451,0.2382314529390304,0.2461814338062877,1,1,245,148,125,125,0,
33,329,11.031179499217528,0.238904737160249,0.2407022285637401,0.2398034828619945,1,1,245,148,125,125,0,
33,330,11.064708920187794,0.2541314146735451,0.2165740481263912,0.2353527313999682,1,1,245,148,125,125,0,
33,331,11.09823834115806,0.25,0.2165740481263912,0.2332870240631956,1,1,245,148,125,125,0,
33,332,11.131767762128325,0.27432500782722,0.2489733118054896,0.2616491598163548,1,1,245,148,125,125,0,
33,333,11.165297183098591,0.217391304347826,0.2102138408252295,0.2138025725865278,1,1,245,148,125,125,0,
33,334,11.198826604068858,0.20873300149371,0.173259238501113,0.1909961199974115,1,1,245,148,125,125,0,
33,335,11.232356025039124,0.1844256184586417,0.1759253847117281,0.1801755015851849,1,1,245,148,125,125,0,
33,336,11.26588544600939,0.1764225809642671,0.1737488997529083,0.1750857403585877,1,1,245,148,125,125,0,
33,337,11.299414866979657,0.1759253847117281,0.1490847601563623,0.1625050724340452,1,1,245,148,125,125,0,
33,338,11.33294428794992,0.1949166433137521,0.1764225809642671,0.1856696121390096,1,1,245,148,125,125,0,
33,339,11.366473708920187,0.2214872581776196,0.2208630601064364,0.221175159142028,1,1,245,148,125,125,0,
33,340,11.400003129890454,0.2315345595039772,0.2285805761576252,0.2300575678308012,1,1,245,148,125,125,0,
33,341,11.43353255086072,0.2724459770254312,0.238904737160249,0.2556753570928401,1,1,245,148,125,125,0,
33,342,11.467061971830988,0.238904737160249,0.2598888577516695,0.2493967974559592,1,1,245,148,125,125,0,
33,343,11.500591392801253,0.2497421456066453,0.2716072492423523,0.2606746974244988,1,1,245,148,125,125,0,
33,344,11.534120813771516,0.2497421456066453,0.2382314529390304,0.2439867992728378,1,1,245,148,125,125,0,
33,345,11.567650234741784,0.25,0.2489733118054896,0.2494866559027448,1,1,245,148,125,125,0,
33,346,11.60117965571205,0.1954675122220219,0.1949166433137521,0.195192077767887,1,1,245,148,125,125,0,
33,347,11.634709076682316,0.187220585566996,0.2165740481263912,0.2018973168466936,1,1,245,148,125,125,0,
33,348,11.668238497652585,0.2093775725354866,0.1954675122220219,0.2024225423787543,1,1,245,148,125,125,0,
33,349,11.701767918622847,0.1838578622678489,0.1868523308111565,0.1853550965395027,1,1,245,148,125,125,0,
33,350,11.735297339593114,0.197618078965264,0.207613700901285,0.2026158899332745,1,1,245,148,125,125,0,
33,351,11.76882676056338,0.2292864368459183,0.166522177923634,0.1979043073847761,1,1,245,148,125,125,0,
33,352,11.802356181533646,0.253869299066493,0.2165740481263912,0.2352216735964421,1,1,245,148,125,125,0,
33,353,11.835885602503913,0.2541314146735451,0.2421683846205195,0.2481498996470323,1,1,245,148,125,125,0,
33,354,11.86941502347418,0.2497421456066453,0.2214872581776196,0.2356147018921324,1,1,245,148,125,125,0,
33,355,11.902944444444444,0.2497421456066453,0.2315345595039772,0.2406383525553113,1,1,245,148,125,125,0,
33,356,11.93647386541471,0.2724459770254312,0.2753537416140702,0.2738998593197507,1,1,245,148,125,125,0,
33,357,11.970003286384976,0.2951498084442171,0.2716072492423523,0.2833785288432847,1,1,245,148,125,125,0,
33,358,12.003532707355244,0.2727272727272727,0.2753537416140702,0.2740405071706714,1,1,245,148,125,125,0,
33,359,12.037062128325507,0.2724459770254312,0.2634737091346026,0.2679598430800169,1,1,245,148,125,125,0,
33,360,12.070591549295774,0.2497421456066453,0.2753537416140702,0.2625479436103577,1,1,245,148,125,125,0,
33,361,12.10412097026604,0.187220585566996,0.2002917601766227,0.1937561728718094,1,1,245,148,125,125,0,
33,362,12.137650391236306,0.2208630601064364,0.1914639512512031,0.2061635056788197,1,1,245,148,125,125,0,
33,363,12.171179812206573,0.187220585566996,0.173259238501113,0.1802399120340545,1,1,245,148,125,125,0,
33,364,12.20470923317684,0.173259238501113,0.1954675122220219,0.1843633753615674,1,1,245,148,125,125,0,
33,365,12.238238654147104,0.1790962621756259,0.1919610436221546,0.1855286528988903,1,1,245,148,125,125,0,
33,366,12.27176807511737,0.238095238095238,0.2165740481263912,0.2273346431108146,1,1,245,148,125,125,0,
33,367,12.305297496087636,0.2497421456066453,0.2489733118054896,0.2493577287060674,1,1,245,148,125,125,0,
33,368,12.338826917057904,0.3091734706134457,0.2598888577516695,0.2845311641825576,1,1,245,148,125,125,0,
33,369,12.372356338028167,0.2724459770254312,0.2753537416140702,0.2738998593197507,1,1,245,148,125,125,0,
33,370,12.405885758998435,0.2727272727272727,0.2753537416140702,0.2740405071706714,1,1,245,148,125,125,0,
33,371,12.439415179968702,0.2764892144636674,0.2753537416140702,0.2759214780388688,1,1,245,148,125,125,0,
33,372,12.472944600938966,0.2764892144636674,0.2815462625643086,0.279017738513988,1,1,245,148,125,125,0,
33,373,12.506474021909233,0.2853908959508729,0.2753537416140702,0.2803723187824716,1,1,245,148,125,125,0,
33,374,12.5400034428795,0.3095238095238095,0.2716072492423523,0.2905655293830809,1,1,245,148,125,125,0,
33,375,12.573532863849763,0.3091734706134457,0.2598888577516695,0.2845311641825576,1,1,245,148,125,125,0,
33,376,12.607062284820032,0.2986423508248785,0.297722977231715,0.2981826640282967,1,1,245,148,125,125,0,
33,377,12.640591705790298,0.2541314146735451,0.2753537416140702,0.2647425781438077,1,1,245,148,125,125,0,
33,378,12.674121126760562,0.2187185541164138,0.207613700901285,0.2131661275088494,1,1,245,148,125,125,0,
33,379,12.707650547730829,0.197618078965264,0.1914639512512031,0.1945410151082335,1,1,245,148,125,125,0,
33,380,12.741179968701095,0.1785915309223432,0.2171861246911354,0.1978888278067393,1,1,245,148,125,125,0,
33,381,12.77470938967136,0.1617217870398558,0.1520302872837948,0.1568760371618253,1,1,245,162,125,125,0,
33,382,12.808238810641628,0.187220585566996,0.2171861246911354,0.2022033551290657,1,1,245,148,125,125,0,
33,383,12.841768231611894,0.1954675122220219,0.166522177923634,0.1809948450728279,1,1,245,148,125,125,0,
33,384,12.87529765258216,0.2606233496293625,0.2634737091346026,0.2620485293819826,1,1,245,148,125,125,0,
33,385,12.908827073552423,0.2724459770254312,0.2753537416140702,0.2738998593197507,1,1,245,148,125,125,0,
33,386,12.942356494522691,0.2727272727272727,0.2753537416140702,0.2740405071706714,1,1,245,148,125,125,0,
33,387,12.975885915492958,0.3095238095238095,0.2863889547677201,0.2979563821457648,1,1,245,148,125,125,0,
33,388,13.009415336463224,0.3178536398630031,0.297722977231715,0.307788308547359,1,1,245,148,125,125,0,
33,389,13.04294475743349,0.2951498084442171,0.297722977231715,0.2964363928379661,1,1,245,148,125,125,0,
33,390,13.076474178403757,0.2727272727272727,0.2962093604177549,0.2844683165725138,1,1,245,148,125,125,0,
33,391,13.11000359937402,0.3181818181818182,0.297722977231715,0.3079523977067666,1,1,245,148,125,125,0,
33,392,13.143533020344288,0.3178536398630031,0.297722977231715,0.307788308547359,1,1,245,148,125,125,0,
33,393,13.177062441314554,0.3181818181818182,0.297722977231715,0.3079523977067666,1,1,245,148,125,125,0,
33,394,13.21059186228482,0.3178536398630031,0.297722977231715,0.307788308547359,1,1,245,148,125,125,0,
33,395,13.244121283255083,0.2951498084442171,0.294241186679215,0.2946954975617161,1,1,245,148,125,125,0,
33,396,13.277650704225351,0.3181818181818182,0.297722977231715,0.3079523977067666,1,1,245,148,125,125,0,
33,397,13.311180125195618,0.3181818181818182,0.294241186679215,0.3062115024305166,1,1,245,148,125,125,0,
33,398,13.344709546165884,0.2764892144636674,0.3081295643066955,0.2923093893851815,1,1,245,148,125,125,0,
33,399,13.37823896713615,0.3210806630207483,0.2815462625643086,0.3013134627925284,1,1,245,148,125,125,0,
33,400,13.411768388106417,0.3419709611219925,0.2961144328650739,0.3190426969935332,1,1,245,148,125,125,0,
33,401,13.44529780907668,0.3210806630207483,0.3200922128493598,0.320586437935054,1,1,245,148,125,125,0,
33,402,13.478827230046948,0.3194671514418757,0.2815462625643086,0.3005067070030922,1,1,245,148,125,125,0,
33,403,13.512356651017214,0.2951498084442171,0.297722977231715,0.2964363928379661,1,1,245,148,125,125,0,
33,404,13.54588607198748,0.2970288392460059,0.295849731045856,0.296439285145931,1,1,245,148,125,125,0,
33,405,13.579415492957748,0.3210806630207483,0.3335163072033325,0.3272984851120404,1,1,245,148,125,125,0,
33,406,13.612944913928011,0.2616083212883002,0.2059466387207625,0.2337774800045313,1,1,245,148,125,125,0,
33,407,13.646474334898278,0.187220585566996,0.1737488997529083,0.1804847426599521,1,1,245,148,125,125,0,
33,408,13.680003755868544,0.1764225809642671,0.1949166433137521,0.1856696121390096,1,1,245,162,125,125,0,
33,409,13.71353317683881,0.2193366914343775,0.2624208410328536,0.2408787662336156,1,1,245,148,125,125,0,
33,410,13.747062597809077,0.2208630601064364,0.173259238501113,0.1970611493037747,1,1,245,148,125,125,0,
33,411,13.780592018779345,0.1866442250407964,0.1949166433137521,0.1907804341772742,1,1,245,148,125,125,0,
33,412,13.81412143974961,0.1759253847117281,0.173259238501113,0.1745923116064205,1,1,245,162,125,125,0,
33,413,13.847650860719874,0.2002917601766227,0.1759253847117281,0.1881085724441754,1,1,245,148,125,125,0,
33,414,13.88118028169014,0.27432500782722,0.2512145135944879,0.262769760710854,1,1,228,145,150,150,0,
33,415,13.914709702660408,0.2857142857142857,0.2753537416140702,0.2805340136641779,1,1,245,148,125,125,0,
33,416,13.948239123630673,0.2857142857142857,0.297722977231715,0.2917186314730003,1,1,245,148,125,125,0,
33,417,13.98176854460094,0.3131864411490304,0.2863889547677201,0.2997876979583752,1,1,228,145,150,150,0,
33,418,14.015297965571206,0.3131864411490304,0.2863889547677201,0.2997876979583752,1,1,228,145,150,150,0,
33,419,14.04882738654147,0.3108636461122697,0.3100912289451582,0.310477437528714,1,1,228,145,150,150,0,
33,420,14.082356807511736,0.3131864411490304,0.2863889547677201,0.2997876979583752,1,1,228,145,150,150,0,
33,421,14.115886228482005,0.3095238095238095,0.297722977231715,0.3036233933777622,1,1,245,148,125,125,0,
33,422,14.14941564945227,0.3095238095238095,0.3100912289451582,0.3098075192344839,1,1,228,145,150,150,0,
33,423,14.182945070422535,0.3095238095238095,0.3100912289451582,0.3098075192344839,1,1,228,145,150,150,0,
33,424,14.216474491392802,0.3114943504333496,0.2863889547677201,0.2989416526005348,1,1,228,145,150,150,0,
33,425,14.250003912363066,0.3114943504333496,0.3100912289451582,0.3107927896892539,1,1,228,145,150,150,0,
33,426,14.283533333333333,0.3095238095238095,0.3117756976643571,0.3106497535940833,1,1,228,145,150,150,0,
33,427,14.3170627543036,0.325,0.2863889547677201,0.30569447738386,1,1,228,145,150,150,0,
33,428,14.350592175273864,0.3131864411490304,0.3335163072033325,0.3233513741761815,1,1,228,145,150,150,0,
33,429,14.384121596244132,0.3131864411490304,0.2863889547677201,0.2997876979583752,1,1,228,145,150,150,0,
33,430,14.417651017214398,0.2973355163227428,0.2863889547677201,0.2918622355452314,1,1,228,145,150,150,0,
33,431,14.451180438184664,0.2989506938240744,0.3098140330258944,0.3043823634249845,1,1,228,145,150,150,0,
33,432,14.484709859154927,0.3131864411490304,0.2863889547677201,0.2997876979583752,1,1,228,145,150,150,0,
33,433,14.518239280125195,0.3095238095238095,0.2883506194061827,0.2989372144649961,1,1,228,145,150,150,0,
33,434,14.551768701095462,0.3114943504333496,0.2863889547677201,0.2989416526005348,1,1,228,145,150,150,0,
33,435,14.585298122065728,0.3095238095238095,0.3117756976643571,0.3106497535940833,1,1,228,145,150,150,0,
33,436,14.618827543035993,0.2954545454545454,0.2962093604177549,0.2958319529361501,1,1,228,145,150,150,0,
33,437,14.65235696400626,0.3095238095238095,0.3352007759225314,0.3223622927231705,1,1,228,145,150,150,0,
33,438,14.685886384976524,0.3095238095238095,0.3200922128493598,0.3148080111865846,1,1,228,145,150,150,0,
33,439,14.719415805946792,0.3111417811383309,0.2863889547677201,0.2987653679530255,1,1,228,145,150,150,0,
33,440,14.752945226917058,0.3095238095238095,0.2883506194061827,0.2989372144649961,1,1,228,145,150,150,0,
33,441,14.786474647887324,0.3095238095238095,0.2883506194061827,0.2989372144649961,1,1,228,145,150,150,0,
33,442,14.820004068857587,0.2093775725354866,0.197618078965264,0.2034978257503753,1,1,228,145,150,150,0,
33,443,14.853533489827855,0.1338361212611483,0.173259238501113,0.1535476798811306,1,1,228,145,150,150,0,
33,444,14.887062910798122,0.1551163474973166,0.173259238501113,0.1641877929992148,1,1,245,162,125,125,0,
33,445,14.920592331768388,0.1785915309223432,0.1547039684951536,0.1666477497087484,1,1,228,145,150,150,1,selfrec_closed_interval
33,446,14.954121752738654,0.1785915309223432,0.1303116748146812,0.1544516028685122,1,1,245,162,125,125,1,selfrec_closed_interval
33,447,14.98765117370892,0.1838578622678489,0.1303116748146812,0.1570847685412651,1,1,245,162,125,125,1,selfrec_closed_interval
33,448,15.021180594679183,0.1838578622678489,0.1303116748146812,0.1570847685412651,1,1,245,162,125,125,1,selfrec_closed_interval
33,449,15.054710015649452,0.1764225809642671,0.1737488997529083,0.1750857403585877,1,1,245,162,125,125,1,selfrec_closed_interval
33,450,15.088239436619718,0.1334589426846774,0.1478854300157121,0.1406721863501948,1,1,245,162,125,125,1,selfrec_closed_interval
33,451,15.121768857589984,0.1394766078968045,0.1338361212611483,0.1366563645789764,1,1,228,145,150,150,1,selfrec_closed_interval
33,452,15.15529827856025,0.1737488997529083,0.1316473423890905,0.1526981210709994,1,1,228,145,150,150,1,selfrec_closed_interval
33,453,15.188827699530515,0.1431495911724328,0.1303116748146812,0.136730632993557,1,1,228,145,150,150,1,selfrec_closed_interval
33,454,15.22235712050078,0.1399073140228706,0.1846160346811468,0.1622616743520087,1,1,228,145,150,150,1,selfrec_closed_interval
33,455,15.255886541471048,0.1399073140228706,0.1520302872837948,0.1459688006533327,1,1,228,145,150,150,1,selfrec_closed_interval
33,456,15.289415962441314,0.1435916395330256,0.1362229885127156,0.1399073140228706,1,1,228,145,150,150,1,selfrec_closed_interval
33,457,15.32294538341158,0.1435916395330256,0.1303116748146812,0.1369516571738535,1,1,228,145,150,150,1,selfrec_closed_interval
33,458,15.356474804381849,0.1394766078968045,0.1764225809642671,0.1579495944305358,1,1,228,145,150,150,1,selfrec_closed_interval
33,459,15.390004225352111,0.1577824937079317,0.1338361212611483,0.14580930748454,1,1,228,145,150,150,1,selfrec_closed_interval
33,460,15.423533646322378,0.1399073140228706,0.1547039684951536,0.1473056412590121,1,1,228,145,150,150,1,selfrec_closed_interval
33,461,15.457063067292644,0.1838578622678489,0.1520302872837948,0.1679440747758219,1,1,245,162,125,125,1,selfrec_closed_interval
33,462,15.49059248826291,0.1759253847117281,0.1303116748146812,0.1531185297632047,1,1,245,162,125,125,1,selfrec_closed_interval
33,463,15.524121909233177,0.1764225809642671,0.1737488997529083,0.1750857403585877,1,1,245,162,125,125,1,selfrec_closed_interval
33,464,15.557651330203443,0.1785915309223432,0.1303116748146812,0.1544516028685122,1,1,245,162,125,125,1,selfrec_closed_interval
33,465,15.59118075117371,0.173259238501113,0.1248916334427255,0.1490754359719192,1,1,228,145,150,150,1,selfrec_closed_interval
33,466,15.624710172143974,0.1785915309223432,0.1338361212611483,0.1562138260917457,1,1,245,162,125,125,1,selfrec_closed_interval
33,467,15.65823959311424,0.1369734564935202,0.1520302872837948,0.1445018718886575,1,1,245,162,125,125,1,selfrec_closed_interval
33,468,15.691769014084509,0.173259238501113,0.1303116748146812,0.1517854566578971,1,1,245,162,125,125,1,selfrec_closed_interval
33,469,15.725298435054771,0.173259238501113,0.1303116748146812,0.1517854566578971,1,1,245,162,125,125,1,selfrec_closed_interval
33,470,15.75882785602504,0.1334589426846774,0.173259238501113,0.1533590905928952,1,1,245,162,125,125,1,selfrec_closed_interval
33,471,15.792357276995306,0.1759253847117281,0.1303116748146812,0.1531185297632047,1,1,245,162,125,125,1,selfrec_closed_interval
33,472,15.82588669796557,0.1759253847117281,0.1303116748146812,0.1531185297632047,1,1,245,162,125,125,1,selfrec_closed_interval
33,473,15.859416118935837,0.1759253847117281,0.1457069056831798,0.1608161451974539,1,1,245,162,125,125,1,selfrec_closed_interval
33,474,15.892945539906105,0.187220585566996,0.1547039684951536,0.1709622770310748,1,1,245,162,125,125,1,selfrec_closed_interval
33,475,15.92647496087637,0.1626111454416565,0.1338361212611483,0.1482236333514024,1,1,245,162,125,125,1,selfrec_closed_interval
33,476,15.960004381846636,0.1431495911724328,0.1303116748146812,0.136730632993557,1,1,245,162,125,125,1,selfrec_closed_interval
33,477,15.9935338028169,0.1399073140228706,0.1764225809642671,0.1581649474935689,1,1,228,145,150,150,1,selfrec_closed_interval
33,478,16.027063223787167,0.1759253847117281,0.1690846529610134,0.1725050188363707,1,1,245,162,125,125,1,selfrec_closed_interval
33,479,16.060592644757435,0.1435916395330256,0.1303116748146812,0.1369516571738535,1,1,228,145,150,150,1,selfrec_closed_interval
33,480,16.0941220657277,0.1394766078968045,0.1737488997529083,0.1566127538248564,1,1,245,162,125,125,1,selfrec_closed_interval
33,481,16.127651486697964,0.1334589426846774,0.1516018336884738,0.1425303881865756,1,1,245,162,125,125,1,selfrec_closed_interval
33,482,16.161180907668232,0.1612239248309862,0.1589268199315015,0.1600753723812439,1,1,245,162,125,125,1,selfrec_closed_interval
33,483,16.194710328638497,0.1648969081066146,0.173259238501113,0.1690780733038638,1,1,245,162,125,125,1,selfrec_closed_interval
33,484,16.228239749608765,0.1338361212611483,0.1304347826086956,0.132135451934922,1,1,245,162,125,125,1,selfrec_closed_interval
33,485,16.26176917057903,0.173259238501113,0.173259238501113,0.173259238501113,1,1,245,162,125,125,1,selfrec_closed_interval
33,486,16.295298591549294,0.1759253847117281,0.1303116748146812,0.1531185297632047,1,1,245,162,125,125,1,selfrec_closed_interval
33,487,16.328828012519562,0.1520302872837948,0.1453295906308995,0.1486799389573471,1,1,245,162,125,125,1,selfrec_closed_interval
33,488,16.362357433489827,0.1759253847117281,0.1457069056831798,0.1608161451974539,1,1,245,162,125,125,1,selfrec_closed_interval
33,489,16.395886854460095,0.1759253847117281,0.1303116748146812,0.1531185297632047,1,1,245,162,125,125,1,selfrec_closed_interval
33,490,16.42941627543036,0.1866442250407964,0.1303116748146812,0.1584779499277388,1,1,245,162,125,125,1,selfrec_closed_interval
33,491,16.462945696400627,0.1759253847117281,0.1520302872837948,0.1639778359977614,1,1,245,162,125,125,1,selfrec_closed_interval
33,492,16.496475117370892,0.1844256184586417,0.1338361212611483,0.159130869859895,1,1,245,162,125,125,1,selfrec_closed_interval
33,493,16.530004538341156,0.1785915309223432,0.1520302872837948,0.165310909103069,1,1,245,162,125,125,1,selfrec_closed_interval
33,494,16.563533959311425,0.1764225809642671,0.1520302872837948,0.1642264341240309,1,1,245,162,125,125,1,selfrec_closed_interval
33,495,16.59706338028169,0.1737488997529083,0.1303116748146812,0.1520302872837948,1,1,245,162,125,125,1,selfrec_closed_interval
33,496,16.630592801251957,0.1844256184586417,0.1303116748146812,0.1573686466366615,1,1,245,162,125,125,1,selfrec_closed_interval
33,497,16.664122222222222,0.1764225809642671,0.1482693807205592,0.1623459808424132,1,1,245,162,125,125,1,selfrec_closed_interval
33,498,16.697651643192486,0.1759253847117281,0.1303116748146812,0.1531185297632047,1,1,245,162,125,125,1,selfrec_closed_interval
33,499,16.731181064162755,0.187220585566996,0.1457069056831798,0.1664637456250879,1,1,245,162,125,125,1,selfrec_closed_interval
33,500,16.76471048513302,0.1866442250407964,0.1248916334427255,0.1557679292417609,1,1,245,162,125,125,1,selfrec_closed_interval
33,501,16.798239906103287,0.1785915309223432,0.166522177923634,0.1725568544229886,1,1,245,162,125,125,1,selfrec_closed_interval
33,502,16.831769327073552,0.1785915309223432,0.1303116748146812,0.1544516028685122,1,1,245,162,125,125,1,selfrec_closed_interval
33,503,16.86529874804382,0.1759253847117281,0.1482693807205592,0.1620973827161436,1,1,245,162,125,125,1,selfrec_closed_interval
33,504,16.898828169014084,0.187220585566996,0.1338361212611483,0.1605283534140721,1,1,245,162,125,125,1,selfrec_closed_interval
33,505,16.93235758998435,0.1577824937079317,0.1482693807205592,0.1530259372142454,1,1,245,162,125,125,1,selfrec_closed_interval
33,506,16.965887010954617,0.1844256184586417,0.1520302872837948,0.1682279528712182,1,1,245,162,125,125,1,selfrec_closed_interval
33,507,16.99941643192488,0.1866442250407964,0.1520302872837948,0.1693372561622956,1,1,245,162,125,125,1,selfrec_closed_interval
33,508,17.03294585289515,0.1785915309223432,0.1520302872837948,0.165310909103069,1,1,245,162,125,125,1,selfrec_closed_interval
33,509,17.066475273865414,0.173259238501113,0.1516018336884738,0.1624305360947934,1,1,245,162,125,125,1,selfrec_closed_interval
33,510,17.10000469483568,0.1838578622678489,0.1816306513502874,0.1827442568090682,1,1,245,162,125,125,1,selfrec_closed_interval
33,511,17.133534115805947,0.1866442250407964,0.1362229885127156,0.161433606776756,1,1,245,162,125,125,1,selfrec_closed_interval
33,512,17.16706353677621,0.1759253847117281,0.1520302872837948,0.1639778359977614,1,1,245,162,125,125,1,selfrec_closed_interval
33,513,17.20059295774648,0.1838578622678489,0.1737488997529083,0.1788033810103786,1,1,245,162,125,125,1,selfrec_closed_interval
33,514,17.234122378716744,0.1648969081066146,0.1737488997529083,0.1693229039297615,1,1,245,162,125,125,1,selfrec_closed_interval
33,515,17.26765179968701,0.1866442250407964,0.1686468001058406,0.1776455125733185,1,1,245,162,125,125,1,selfrec_closed_interval
33,516,17.301181220657277,0.1838578622678489,0.1690846529610134,0.1764712576144312,1,1,245,162,125,125,1,selfrec_closed_interval
33,517,17.33471064162754,0.1866442250407964,0.1737488997529083,0.1801965623968524,1,1,245,162,125,125,1,selfrec_closed_interval
33,518,17.36824006259781,0.1838578622678489,0.1844256184586417,0.1841417403632453,1,1,245,162,125,125,1,selfrec_closed_interval
33,519,17.401769483568074,0.1919610436221546,0.166090960721028,0.1790260021715913,1,1,228,145,150,150,1,selfrec_closed_interval
33,520,17.435298904538342,0.1949166433137521,0.173259238501113,0.1840879409074325,1,1,228,145,150,150,1,selfrec_closed_interval
33,521,17.468828325508607,0.1866442250407964,0.1873374501640883,0.1869908376024423,1,1,245,162,125,125,1,selfrec_closed_interval
33,522,17.50235774647887,0.1949166433137521,0.1790962621756259,0.187006452744689,1,1,245,162,125,125,1,selfrec_closed_interval
33,523,17.53588716744914,0.1838578622678489,0.1737488997529083,0.1788033810103786,1,1,245,162,125,125,1,selfrec_closed_interval
33,524,17.569416588419404,0.20873300149371,0.1737488997529083,0.1912409506233092,1,1,245,162,125,125,1,selfrec_closed_interval
33,525,17.602946009389672,0.1838578622678489,0.1303116748146812,0.1570847685412651,1,1,245,162,125,125,1,selfrec_closed_interval
33,526,17.636475430359937,0.1759253847117281,0.1737488997529083,0.1748371422323182,1,1,245,162,125,125,1,selfrec_closed_interval
33,527,17.6700048513302,0.173259238501113,0.1737488997529083,0.1735040691270107,1,1,245,162,125,125,1,selfrec_closed_interval
33,528,17.70353427230047,0.1759253847117281,0.173259238501113,0.1745923116064205,1,1,245,162,125,125,1,selfrec_closed_interval
33,529,17.737063693270734,0.173259238501113,0.173259238501113,0.173259238501113,1,1,245,162,125,125,1,selfrec_closed_interval
33,530,17.770593114241002,0.173259238501113,0.1764225809642671,0.1748409097326901,1,1,245,162,125,125,1,selfrec_closed_interval
33,531,17.804122535211267,0.1785915309223432,0.166090960721028,0.1723412458216856,1,1,245,162,125,125,1,selfrec_closed_interval
33,532,17.837651956181535,0.1866442250407964,0.1737488997529083,0.1801965623968524,1,1,245,162,125,125,1,selfrec_closed_interval
33,533,17.8711813771518,0.1737488997529083,0.1737488997529083,0.1737488997529083,1,1,245,162,125,125,1,selfrec_closed_interval
33,534,17.904710798122064,0.1838578622678489,0.1764225809642671,0.180140221616058,1,1,245,162,125,125,1,selfrec_closed_interval
33,535,17.938240219092332,0.1759253847117281,0.1739130434782608,0.1749192140949945,1,1,245,162,125,125,1,selfrec_closed_interval
33,536,17.971769640062597,0.1764225809642671,0.166090960721028,0.1712567708426476,1,1,228,145,150,150,1,selfrec_closed_interval
33,537,18.005299061032865,0.173259238501113,0.173259238501113,0.173259238501113,1,1,245,162,125,125,1,selfrec_closed_interval
33,538,18.03882848200313,0.1838578622678489,0.1737488997529083,0.1788033810103786,1,1,228,145,150,150,1,selfrec_closed_interval
33,539,18.072357902973398,0.173259238501113,0.1759253847117281,0.1745923116064205,1,1,228,145,150,150,1,selfrec_closed_interval
33,540,18.105887323943666,0.1759253847117281,0.1690846529610134,0.1725050188363707,1,1,228,145,150,150,1,selfrec_closed_interval
33,541,18.139416744913927,0.1334589426846774,0.1737488997529083,0.1536039212187929,1,1,245,162,125,125,1,selfrec_closed_interval
33,542,18.172946165884195,0.1759253847117281,0.166090960721028,0.171008172716378,1,1,228,145,150,150,1,selfrec_closed_interval
33,543,18.20647558685446,0.1816306513502874,0.166522177923634,0.1740764146369607,1,1,228,145,150,150,1,selfrec_closed_interval
33,544,18.240005007824728,0.1949166433137521,0.1949166433137521,0.1949166433137521,1,1,228,145,150,150,1,selfrec_closed_interval
33,545,18.273534428794992,0.173259238501113,0.1764225809642671,0.1748409097326901,1,1,228,145,150,150,1,selfrec_closed_interval
33,546,18.307063849765257,0.2193366914343775,0.1954675122220219,0.2074021018281997,1,1,245,162,125,125,1,selfrec_closed_interval
33,547,18.340593270735525,0.1785915309223432,0.1764225809642671,0.1775070559433051,1,1,228,145,150,150,1,selfrec_closed_interval
33,548,18.37412269170579,0.1954675122220219,0.1873374501640883,0.191402481193055,1,1,228,145,150,150,1,selfrec_closed_interval
33,549,18.407652112676057,0.187220585566996,0.197618078965264,0.19241933226613,1,1,228,145,150,150,1,selfrec_closed_interval
33,550,18.44118153364632,0.1790962621756259,0.1954675122220219,0.1872818871988239,1,1,228,145,150,150,1,selfrec_closed_interval
33,551,18.474710954616587,0.2214872581776196,0.1873374501640883,0.2044123541708539,1,1,228,145,150,150,1,selfrec_closed_interval
33,552,18.50824037558685,0.197618078965264,0.1764225809642671,0.1870203299647655,1,1,228,145,150,150,1,selfrec_closed_interval
33,553,18.54176979655712,0.1316473423890905,0.166522177923634,0.1490847601563623,1,1,228,145,150,150,1,selfrec_closed_interval
33,554,18.575299217527387,0.2289679946449968,0.209669481956519,0.2193187383007578,1,1,228,145,150,150,1,selfrec_closed_interval
33,555,18.60882863849765,0.1785915309223432,0.1303116748146812,0.1544516028685122,1,1,228,145,150,150,1,selfrec_closed_interval
33,556,18.64235805946792,0.1334589426846774,0.1737488997529083,0.1536039212187929,1,1,228,145,150,150,1,selfrec_closed_interval
33,557,18.675887480438185,0.1838578622678489,0.1764225809642671,0.180140221616058,1,1,228,145,150,150,1,selfrec_closed_interval
33,558,18.70941690140845,0.1866442250407964,0.1954675122220219,0.1910558686314091,1,1,245,162,125,125,1,selfrec_closed_interval
33,559,18.74294632237872,0.1759253847117281,0.166522177923634,0.171223781317681,1,1,228,145,150,150,1,selfrec_closed_interval
33,560,18.776475743348986,0.1785915309223432,0.166522177923634,0.1725568544229886,1,1,228,145,150,150,1,selfrec_closed_interval
33,561,18.81000516431925,0.1542679798990889,0.1737488997529083,0.1640084398259986,1,1,245,162,125,125,1,selfrec_closed_interval
33,562,18.843534585289515,0.1334589426846774,0.1520302872837948,0.1427446149842361,1,1,245,162,125,125,1,selfrec_closed_interval
33,563,18.87706400625978,0.1334589426846774,0.1686468001058406,0.151052871395259,1,1,245,162,125,125,1,selfrec_closed_interval
33,564,18.910593427230047,0.173259238501113,0.1686468001058406,0.1709530193034768,1,1,245,162,125,125,1,selfrec_closed_interval
33,565,18.944122848200312,0.1648969081066146,0.1785915309223432,0.1717442195144789,1,1,245,162,125,125,1,selfrec_closed_interval
33,566,18.97765226917058,0.2122749592459164,0.207613700901285,0.2099443300736007,1,1,228,145,150,150,1,selfrec_closed_interval
33,567,19.011181690140845,0.1764225809642671,0.1949166433137521,0.1856696121390096,1,1,245,162,125,125,1,selfrec_closed_interval
33,568,19.04471111111111,0.2187185541164138,0.209669481956519,0.2141940180364664,1,1,245,162,125,125,1,selfrec_closed_interval
33,569,19.078240532081377,0.2187185541164138,0.2171861246911354,0.2179523394037746,1,1,245,162,125,125,1,selfrec_closed_interval
33,570,19.11176995305164,0.2193366914343775,0.2171861246911354,0.2182614080627565,1,1,245,162,125,125,1,selfrec_closed_interval
33,571,19.14529937402191,0.187220585566996,0.1690846529610134,0.1781526192640047,1,1,245,162,125,125,0,
33,572,19.17882879499217,0.1737488997529083,0.197618078965264,0.1856834893590861,1,1,228,145,150,150,0,
33,573,19.212358215962443,0.2292864368459183,0.2165740481263912,0.2229302424861547,1,1,245,162,125,125,0,
33,574,19.245887636932707,0.238904737160249,0.2753537416140702,0.2571292393871596,1,1,228,145,150,150,0,
33,575,19.27941705790297,0.2606233496293625,0.2263393743686269,0.2434813619989947,1,1,228,145,150,150,0,
33,576,19.31294647887324,0.27432500782722,0.2753537416140702,0.2748393747206451,1,1,228,145,150,150,0,
33,577,19.346475899843504,0.2727272727272727,0.2863889547677201,0.2795581137474964,1,1,228,145,150,150,0,
33,578,19.380005320813773,0.2764892144636674,0.2863889547677201,0.2814390846156938,1,1,228,145,150,150,0,
33,579,19.41353474178404,0.2989506938240744,0.2883506194061827,0.2936506566151285,1,1,228,145,150,150,0,
33,580,19.4470641627543,0.3197969956831498,0.2962093604177549,0.3080031780504524,1,1,228,145,150,150,0,
33,581,19.48059358372457,0.3111417811383309,0.2863889547677201,0.2987653679530255,1,1,228,145,150,150,0,
33,582,19.514123004694834,0.3210806630207483,0.297722977231715,0.3094018201262316,1,1,228,145,150,150,0,
33,583,19.547652425665103,0.3128319566371549,0.3117756976643571,0.312303827150756,1,1,228,145,150,150,0,
33,584,19.581181846635367,0.3210806630207483,0.3083636745686051,0.3147221687946767,1,1,228,145,150,150,0,
33,585,19.614711267605635,0.3194671514418757,0.2962093604177549,0.3078382559298153,1,1,228,145,150,150,0,
33,586,19.6482406885759,0.3210806630207483,0.2962093604177549,0.3086450117192516,1,1,228,145,150,150,0,
33,587,19.681770109546164,0.3178536398630031,0.297722977231715,0.307788308547359,1,1,228,145,150,150,0,
33,588,19.715299530516432,0.340557471281789,0.297722977231715,0.319140224256752,1,1,228,145,150,150,0,
33,589,19.748828951486697,0.3194671514418757,0.297722977231715,0.3085950643367953,1,1,228,145,150,150,0,
33,590,19.782358372456965,0.3419709611219925,0.297722977231715,0.3198469691768537,1,1,228,145,150,150,0,
33,591,19.81588779342723,0.3329560452760184,0.2962093604177549,0.3145827028468867,1,1,228,145,150,150,0,
33,592,19.84941721439749,0.3333333333333333,0.2962093604177549,0.3147713468755441,1,1,228,145,150,150,0,
33,593,19.88294663536776,0.3181818181818182,0.2962093604177549,0.3071955892997865,1,1,228,145,150,150,0,
33,594,19.916476056338027,0.3567386199385912,0.297722977231715,0.3272307985851531,1,1,228,145,150,150,0,
33,595,19.95000547730829,0.340557471281789,0.297722977231715,0.319140224256752,1,1,228,145,150,150,0,
33,596,19.98353489827856,0.3210806630207483,0.2962093604177549,0.3086450117192516,1,1,228,145,150,150,0,
33,597,20.017064319248824,0.3346462207748425,0.297722977231715,0.3161845990032788,1,1,228,145,150,150,0,
33,598,20.05059374021909,0.3194671514418757,0.297722977231715,0.3085950643367953,1,1,228,145,150,150,0,
33,599,20.08412316118936,0.3197969956831498,0.3318318384841336,0.3258144170836418,1,1,228,145,150,150,0,
33,600,20.117652582159625,0.2970697229558771,0.2753537416140702,0.2862117322849736,1,1,228,145,150,150,0,
33,601,20.15118200312989,0.2951498084442171,0.2962093604177549,0.295679584430986,1,1,228,145,150,150,0,
33,602,20.18471142410016,0.3091734706134457,0.2962093604177549,0.3026914155156003,1,1,228,145,150,150,0,
33,603,20.218240845070422,0.3329560452760184,0.3117756976643571,0.3223658714701878,1,1,228,145,150,150,0,
33,604,20.251770266040687,0.3131864411490304,0.2883506194061827,0.3007685302776066,1,1,228,145,150,150,0,
33,605,20.285299687010955,0.3095238095238095,0.2753537416140702,0.2924387755689399,1,1,228,145,150,150,0,
33,606,20.31882910798122,0.3095238095238095,0.3100912289451582,0.3098075192344839,1,1,228,145,150,150,0,
33,607,20.352358528951488,0.3095238095238095,0.3080880229401138,0.3088059162319616,1,1,228,145,150,150,0,
33,608,20.385887949921752,0.2970697229558771,0.3100912289451582,0.3035804759505177,1,1,228,145,150,150,0,
33,609,20.419417370892017,0.2954545454545454,0.3081295643066955,0.3017920548806205,1,1,228,145,150,150,0,
33,610,20.452946791862285,0.3091734706134457,0.2844272901292574,0.2968003803713516,1,1,228,145,150,150,0,
33,611,20.48647621283255,0.3091734706134457,0.3083636745686051,0.3087685725910254,1,1,228,145,150,150,0,
33,612,20.520005633802818,0.3128319566371549,0.2753537416140702,0.2940928491256126,1,1,228,145,150,150,0,
33,613,20.55353505477308,0.2989506938240744,0.2962093604177549,0.2975800271209147,1,1,228,145,150,150,0,
33,614,20.58706447574335,0.2967633200230897,0.3117756976643571,0.3042695088437234,1,1,228,145,150,150,0,
33,615,20.62059389671361,0.3091734706134457,0.2867441844991669,0.2979588275563063,1,1,228,145,150,150,0,
33,616,20.65412331768388,0.3178536398630031,0.3117756976643571,0.3148146687636801,1,1,228,145,150,150,0,
33,617,20.687652738654148,0.3181818181818182,0.2802349094863984,0.2992083638341083,1,1,245,148,125,125,0,
33,618,20.72118215962441,0.3214121731844815,0.3168751241160776,0.3191436486502795,1,1,245,148,125,125,0,
33,619,20.75471158059468,0.3091734706134457,0.297722977231715,0.3034482239225803,1,1,245,148,125,125,0,
33,620,20.788241001564945,0.2967633200230897,0.3200922128493598,0.3084277664362247,1,1,245,148,125,125,0,
33,621,20.82177042253521,0.3128319566371549,0.3098140330258944,0.3113229948315247,1,1,245,148,125,125,0,
33,622,20.85529984350548,0.2986423508248785,0.297722977231715,0.2981826640282967,1,1,245,148,125,125,0,
33,623,20.888829264475746,0.3091734706134457,0.2734804954282112,0.2913269830208285,1,1,245,148,125,125,0,
33,624,20.92235868544601,0.3091734706134457,0.3098140330258944,0.3094937518196701,1,1,245,148,125,125,0,
33,625,20.955888106416275,0.3091734706134457,0.294241186679215,0.3017073286463303,1,1,245,148,125,125,0,
33,626,20.989417527386543,0.2764892144636674,0.2753537416140702,0.2759214780388688,1,1,245,148,125,125,0,
33,627,21.022946948356807,0.2876848266238258,0.2734804954282112,0.2805826610260185,1,1,245,148,125,125,0,
33,628,21.056476369327072,0.25,0.2370227417743811,0.2435113708871906,1,1,244,145,151,150,0,
33,629,21.09000579029734,0.2272727272727272,0.2285805761576252,0.2279266517151762,1,1,244,145,151,150,0,
33,630,21.123535211267605,0.2616083212883002,0.2285805761576252,0.2450944487229627,1,1,244,145,151,150,0,
33,631,21.157064632237876,0.2541314146735451,0.2607250159518193,0.2574282153126822,1,1,244,145,151,150,0,
33,632,21.190594053208137,0.2642623697008405,0.2393697297625731,0.2518160497317068,1,1,244,145,151,150,0,
33,633,21.2241234741784,0.263875302814302,0.2635571351220321,0.263716218968167,1,1,244,145,151,150,0,
33,634,21.25765289514867,0.263875302814302,0.2380361731003212,0.2509557379573116,1,1,244,145,151,150,0,
33,635,21.29118231611893,0.251621176408434,0.2616063991458958,0.2566137877771649,1,1,244,145,151,150,0,
33,636,21.324711737089203,0.27432500782722,0.2607250159518193,0.2675250118895196,1,1,244,145,151,150,0,
33,637,21.358241158059467,0.2378257466257274,0.2370227417743811,0.2374242442000543,1,1,244,145,151,150,0,
33,638,21.39177057902973,0.1844256184586417,0.1584375620580388,0.1714315902583403,1,1,244,145,151,150,0,
