rank_score,C,class_weight,multi_class,fit_seconds,val_accuracy,val_macro_f1,val_weighted_f1,val_blink_precision,val_blink_recall,val_blink_f1,val_open_f1,val_closed_f1,val_confusion_matrix
0.5969993564956051,10.0,"{0: 1.0, 1: 1.8, 2: 0.7}",crammer_singer,2.715334177017212,0.8144029653163887,0.7402027397879457,0.8101220691860109,0.7475915221579962,0.5098554533508541,0.60625,0.879245283018868,0.7351129363449692,"[[2330, 120, 196], [323, 388, 50], [1, 11, 358]]"
0.5957761618955988,30.0,"{0: 1.0, 1: 1.8, 2: 0.8}",crammer_singer,6.253841161727905,0.8122848821816256,0.7361361453932793,0.8085684044336754,0.7514563106796116,0.5085413929040736,0.6065830721003135,0.8785930408472012,0.7232323232323232,"[[2323, 117, 206], [318, 387, 56], [1, 11, 358]]"
0.5952164323392504,0.03,"{0: 1.0, 1: 1.8, 2: 0.7}",crammer_singer,0.11556029319763184,0.812549642573471,0.7344164511743347,0.8086544519680327,0.7732793522267206,0.5019710906701709,0.6087649402390438,0.879199697999245,0.7152847152847153,"[[2329, 101, 216], [322, 382, 57], [1, 11, 358]]"
0.5949737071306721,3.0,"{0: 1.0, 1: 1.8, 2: 0.7}",crammer_singer,1.778045654296875,0.8133439237490071,0.7384348615965434,0.8090708050100701,0.748062015503876,0.507227332457293,0.6045418950665623,0.8786563502547651,0.7321063394683026,"[[2328, 119, 199], [324, 386, 51], [1, 11, 358]]"
0.5947702891560596,1.0,"{0: 1.0, 1: 1.8, 2: 0.7}",crammer_singer,0.7661051750183105,0.8128144029653164,0.7377957006728381,0.8086278343533926,0.748062015503876,0.507227332457293,0.6045418950665623,0.8782329620539928,0.7306122448979592,"[[2326, 119, 201], [324, 386, 51], [1, 11, 358]]"
0.5946105614187768,0.3,"{0: 1.0, 1: 1.8, 2: 0.7}",crammer_singer,0.3123764991760254,0.8130791633571618,0.737358361505415,0.8088883829155578,0.751953125,0.5059132720105125,0.6048703849175177,0.8788221970554927,0.728382502543235,"[[2328, 116, 202], [323, 385, 53], [1, 11, 358]]"
0.5945923193902536,0.1,"{0: 1.0, 1: 1.5, 2: 0.7}",crammer_singer,0.12376093864440918,0.8244638602065131,0.7445260191867998,0.8171597440391197,0.8501170960187353,0.47700394218134035,0.6111111111111112,0.8879806799182612,0.7344862665310274,"[[2390, 57, 199], [345, 363, 53], [2, 7, 361]]"
0.5941882452454214,0.1,"{0: 1.0, 1: 1.8, 2: 0.7}",crammer_singer,0.12839293479919434,0.812549642573471,0.7361692787221531,0.8084456036822744,0.7559055118110236,0.5045992115637319,0.6052009456264775,0.8786105342646782,0.7246963562753036,"[[2327, 113, 206], [323, 384, 54], [1, 11, 358]]"
0.5936280528618477,10.0,"{0: 1.0, 1: 1.8, 2: 0.8}",crammer_singer,2.7496886253356934,0.8122848821816256,0.7365540970898046,0.8081771355105816,0.7529411764705882,0.5045992115637319,0.6042486231313926,0.8781409408652938,0.7272727272727273,"[[2324, 117, 205], [322, 384, 55], [1, 9, 360]]"
0.5932699148584303,3.0,"{0: 1.0, 1: 1.8, 2: 0.8}",crammer_singer,1.4649410247802734,0.8120201217897802,0.7355009038194765,0.8080016827274281,0.7569169960474308,0.5032851511169514,0.6045777426992897,0.8783068783068783,0.7236180904522613,"[[2324, 114, 208], [321, 383, 57], [1, 9, 360]]"
0.5928483319549974,0.3,"{0: 1.0, 1: 1.8, 2: 0.8}",crammer_singer,0.4592735767364502,0.8117553613979349,0.7337468242172948,0.8078758702954387,0.7609561752988048,0.5019710906701709,0.6049089469517023,0.8788966559607028,0.717434869739479,"[[2326, 109, 211], [320, 382, 59], [1, 11, 358]]"
0.5925297542697336,0.3,"{0: 1.0, 1: 1.5, 2: 0.7}",crammer_singer,0.39917898178100586,0.8236695790309769,0.7436800099501095,0.8162823689417794,0.8438228438228438,0.4756898817345598,0.6084033613445378,0.887402452619844,0.7352342158859471,"[[2388, 60, 198], [346, 362, 53], [2, 7, 361]]"
0.5924269482171897,30.0,"{0: 1.0, 1: 1.8, 2: 0.7}",crammer_singer,6.032241106033325,0.8130791633571618,0.7372546241805612,0.8084979188683458,0.7534516765285996,0.5019710906701709,0.6025236593059937,0.8786279683377308,0.7306122448979592,"[[2331, 114, 201], [328, 382, 51], [1, 11, 358]]"
0.5922228137978267,0.1,"{0: 1.0, 1: 1.8, 2: 0.8}",crammer_singer,0.1444075107574463,0.8112258406142441,0.7328551394865395,0.8073709014508731,0.7635270541082164,0.5006570302233903,0.6047619047619047,0.8785187984129983,0.7152847152847153,"[[2325, 107, 214], [321, 381, 59], [1, 11, 358]]"
0.592095951943429,10.0,"{0: 1.0, 1: 1.5, 2: 0.7}",crammer_singer,2.468210458755493,0.8247286205983585,0.745427330777261,0.8168997692259413,0.8434579439252337,0.4743758212877792,0.607232968881413,0.8877759228343536,0.7412731006160165,"[[2393, 60, 193], [350, 361, 50], [2, 7, 361]]"
0.5918339683514002,1.0,"{0: 1.0, 1: 1.8, 2: 0.8}",crammer_singer,0.8007886409759521,0.8114906010060895,0.7343047097473002,0.8074867286849243,0.7549407114624506,0.5019710906701709,0.6029992107340174,0.8783068783068783,0.721608040201005,"[[2324, 114, 208], [321, 382, 58], [1, 10, 359]]"
0.5917501475565389,3.0,"{0: 1.0, 1: 1.5, 2: 0.7}",crammer_singer,1.1804630756378174,0.8239343394228223,0.7442652022668473,0.8162843024725615,0.8434579439252337,0.4743758212877792,0.607232968881413,0.887321329125673,0.7382413087934561,"[[2390, 60, 196], [349, 361, 51], [2, 7, 361]]"
0.5914044889284895,0.03,"{0: 1.0, 1: 1.8, 2: 0.8}",crammer_singer,0.1045541763305664,0.8083134763039449,0.7279094365056572,0.80518623418816,0.7766393442622951,0.4980289093298292,0.6068855084067254,0.8769405528209012,0.6999022482893451,"[[2316, 98, 232], [319, 379, 63], [1, 11, 358]]"
0.5913839096345593,1.0,"{0: 1.0, 1: 1.5, 2: 0.7}",crammer_singer,0.7610135078430176,0.8236695790309769,0.7440262465975306,0.816036764037524,0.8414918414918415,0.4743758212877792,0.6067226890756302,0.8871147419235054,0.7382413087934561,"[[2389, 61, 196], [349, 361, 51], [2, 7, 361]]"
0.5911921805959738,1.0,"{0: 1.0, 1: 1.8, 2: 1.0}",crammer_singer,0.77362060546875,0.8085782366957903,0.7295576798834856,0.8054227556156458,0.7692307692307693,0.49934296977660975,0.6055776892430279,0.8767538869927949,0.7063414634146341,"[[2312, 107, 227], [315, 380, 66], [1, 7, 362]]"
0.5910008126978222,30.0,"{0: 1.0, 1: 1.5, 2: 0.7}",crammer_singer,5.390035152435303,0.8228752978554408,0.7426776553378818,0.8154652413396675,0.8414918414918415,0.4743758212877792,0.6067226890756302,0.8868240104069876,0.7344862665310274,"[[2386, 61, 199], [347, 361, 53], [2, 7, 361]]"
0.5907684096239189,0.3,"{0: 1.0, 1: 1.8, 2: 1.0}",crammer_singer,0.34966421127319336,0.8085782366957903,0.7292949792889131,0.8053585516608273,0.7718940936863544,0.4980289093298292,0.6054313099041534,0.876800606520091,0.7056530214424951,"[[2313, 105, 228], [316, 379, 66], [1, 7, 362]]"
0.5907444522738167,0.3,"{0: 1.0, 1: 1.5, 2: 1.0}",crammer_singer,0.5347230434417725,0.8191686523696055,0.7365831536342574,0.8130246798989065,0.8591885441527446,0.4730617608409987,0.6101694915254238,0.8851540616246498,0.7144259077526988,"[[2370, 55, 221], [337, 360, 64], [2, 4, 364]]"
0.590427890369959,0.1,"{0: 1.0, 1: 1.8, 2: 1.0}",crammer_singer,0.17139935493469238,0.8075191951284088,0.7275366711586565,0.8045420084391528,0.7777777777777778,0.4967148488830486,0.6062550120288693,0.8761615778494216,0.7001934235976789,"[[2310, 101, 235], [316, 378, 67], [1, 7, 362]]"
0.5904259563067006,3.0,"{0: 1.0, 1: 1.8, 2: 1.0}",crammer_singer,1.2315173149108887,0.809107757479481,0.7298601842354998,0.805781342610506,0.768762677484787,0.4980289093298292,0.6044657097288676,0.8773924578358916,0.70772238514174,"[[2315, 107, 224], [315, 379, 67], [1, 7, 362]]"
0.5903823652645328,0.03,"{0: 1.0, 1: 1.5, 2: 0.7}",crammer_singer,0.05890846252441406,0.820227693936987,0.7371382710558302,0.8135831615412196,0.8530805687203792,0.4730617608409987,0.6086221470836856,0.8860759493670886,0.7167167167167167,"[[2380, 52, 214], [344, 360, 57], [2, 10, 358]]"
0.5903741737130347,1.0,"{0: 1.0, 1: 1.5, 2: 1.0}",crammer_singer,0.8064298629760742,0.8189038919777601,0.7363415264072236,0.8127747083991695,0.8571428571428571,0.4730617608409987,0.6096528365791702,0.884945834889802,0.7144259077526988,"[[2369, 56, 221], [337, 360, 64], [2, 4, 364]]"
0.5902549098278409,0.03,"{0: 1.0, 1: 1.5, 2: 0.8}",crammer_singer,0.06863594055175781,0.8196981731532963,0.7364643216229401,0.8132748750332387,0.8609112709832134,0.47174770039421815,0.6095076400679117,0.8857409133271202,0.7141444114737884,"[[2376, 51, 219], [341, 359, 61], [2, 7, 361]]"
0.5901139826308217,0.1,"{0: 1.0, 1: 1.5, 2: 1.0}",crammer_singer,0.13658547401428223,0.8173153296266878,0.7337477376058524,0.8116300131063524,0.8671497584541062,0.47174770039421815,0.6110638297872341,0.8840688107703815,0.7061105722599418,"[[2364, 51, 231], [336, 359, 66], [2, 4, 364]]"
0.5899719193943977,3.0,"{0: 1.0, 1: 1.5, 2: 1.0}",crammer_singer,1.327359676361084,0.8186391315859147,0.7357486518534572,0.81254707773339,0.8551068883610451,0.4730617608409987,0.6091370558375635,0.884945834889802,0.7131630648330058,"[[2369, 56, 221], [337, 360, 64], [2, 5, 363]]"
0.5898471796457994,0.03,"{0: 1.0, 1: 2.2, 2: 0.7}",crammer_singer,0.06354188919067383,0.7950754567116759,0.7231723623100074,0.7948715314286188,0.6721854304635762,0.533508541392904,0.5948717948717949,0.8641975308641975,0.7104477611940299,"[[2240, 186, 220], [297, 406, 58], [1, 12, 357]]"
0.5897762800464346,0.1,"{0: 1.0, 1: 1.5, 2: 0.8}",crammer_singer,0.1302626132965088,0.8210219751125232,0.738987551738299,0.8141041891906934,0.8527315914489311,0.47174770039421815,0.6074450084602369,0.886240923477937,0.7232767232767233,"[[2380, 56, 210], [343, 359, 59], [2, 6, 362]]"
0.5897591509688364,30.0,"{0: 1.0, 1: 1.8, 2: 1.2}",crammer_singer,7.244965076446533,0.8104315594387079,0.728697524568164,0.8068574411734557,0.7953091684434968,0.49014454664914586,0.6065040650406504,0.8793950850661626,0.7001934235976789,"[[2326, 89, 231], [317, 373, 71], [1, 7, 362]]"
0.5897336882351871,10.0,"{0: 1.0, 1: 1.5, 2: 1.0}",crammer_singer,2.435695171356201,0.8186391315859147,0.7361624596052468,0.8124898619972578,0.8530805687203792,0.4730617608409987,0.6086221470836856,0.8847375303568092,0.7151277013752456,"[[2368, 58, 220], [337, 360, 64], [2, 4, 364]]"
0.5894548405922542,3.0,"{0: 1.0, 1: 1.8, 2: 1.2}",crammer_singer,1.253972053527832,0.806989674344718,0.7262423979931197,0.8041680263733955,0.7789256198347108,0.49540078843626806,0.6056224899598394,0.876280834914611,0.6968238691049086,"[[2309, 100, 237], [314, 377, 70], [1, 7, 362]]"
0.5894148328188977,10.0,"{0: 1.0, 1: 1.5, 2: 0.8}",crammer_singer,2.386716365814209,0.8215514958962139,0.7405576203217578,0.8143950416346729,0.8411214953271028,0.4730617608409987,0.6055508830950378,0.8862832681928159,0.7298387096774194,"[[2381, 62, 203], [344, 360, 57], [2, 6, 362]]"
0.5894039165212654,30.0,"{0: 1.0, 1: 1.5, 2: 0.8}",crammer_singer,5.442352056503296,0.8210219751125232,0.739479229627641,0.8140798346091734,0.8430913348946136,0.4730617608409987,0.6060606060606061,0.8861985472154964,0.7261785356068204,"[[2379, 61, 206], [342, 360, 59], [2, 6, 362]]"
0.5893453880395484,10.0,"{0: 1.0, 1: 1.8, 2: 1.0}",crammer_singer,2.709519863128662,0.8083134763039449,0.7289914933685351,0.8050920997868238,0.7641129032258065,0.4980289093298292,0.6030230708035004,0.8769201593021051,0.70703125,"[[2312, 110, 224], [314, 379, 68], [1, 7, 362]]"
0.5892779629475472,0.03,"{0: 1.0, 1: 2.2, 2: 1.0}",crammer_singer,0.1325852870941162,0.7929573735769129,0.7164224228149635,0.7937104166956046,0.6993006993006993,0.5256241787122208,0.6001500375093773,0.8646558391337974,0.684461391801716,"[[2236, 161, 249], [290, 400, 71], [0, 11, 359]]"
0.589098481595816,0.3,"{0: 1.0, 1: 1.8, 2: 1.2}",crammer_singer,0.4957103729248047,0.8061953931691819,0.7250274964349654,0.8036257331742798,0.7789256198347108,0.49540078843626806,0.6056224899598394,0.8759734093067426,0.6934865900383141,"[[2306, 100, 240], [312, 377, 72], [1, 7, 362]]"
0.5889824611769733,10.0,"{0: 1.0, 1: 1.8, 2: 1.2}",crammer_singer,2.835662364959717,0.8059306327773366,0.725444595121191,0.8033055446719246,0.7730061349693251,0.4967148488830486,0.6048,0.8753799392097265,0.6961538461538461,"[[2304, 104, 238], [313, 378, 70], [1, 7, 362]]"
0.5889729159942007,1.0,"{0: 1.0, 1: 1.8, 2: 1.2}",crammer_singer,0.7809295654296875,0.8064601535610273,0.725547350699713,0.8037565727925476,0.777319587628866,0.49540078843626806,0.6051364365971108,0.8760205050313271,0.6954851104707013,"[[2307, 101, 238], [313, 377, 71], [1, 7, 362]]"
0.5888442840816168,1.0,"{0: 1.0, 1: 1.5, 2: 0.8}",crammer_singer,0.651012659072876,0.8212867355043686,0.7397725830660601,0.8141483280434091,0.8447058823529412,0.47174770039421815,0.6053962900505903,0.8862832681928159,0.7276381909547739,"[[2381, 60, 205], [344, 359, 58], [2, 6, 362]]"
0.5888065788523268,0.3,"{0: 1.0, 1: 1.5, 2: 0.8}",crammer_singer,0.3270998001098633,0.8212867355043686,0.7395840569196097,0.8141923404856303,0.8447058823529412,0.47174770039421815,0.6053962900505903,0.8864482501861504,0.7269076305220884,"[[2381, 60, 205], [343, 359, 59], [2, 6, 362]]"
0.5887671867785106,30.0,"{0: 1.0, 1: 1.8, 2: 1.0}",crammer_singer,6.372054576873779,0.8075191951284088,0.7279855946723662,0.8044618225245003,0.7625754527162978,0.4980289093298292,0.6025437201907791,0.8764471436705257,0.7049659201557936,"[[2309, 111, 226], [313, 379, 69], [1, 7, 362]]"
0.5886325442238151,30.0,"{0: 1.0, 1: 1.5, 2: 1.0}",crammer_singer,5.429439067840576,0.8178448504103786,0.735268338576531,0.8117169663909326,0.8470588235294118,0.4730617608409987,0.6070826306913997,0.8841554559043349,0.7145669291338582,"[[2366, 60, 220], [338, 360, 63], [2, 5, 363]]"
0.5884781562735046,3.0,"{0: 1.0, 1: 1.5, 2: 0.8}",crammer_singer,1.1647779941558838,0.8210219751125232,0.7395334694080457,0.813900328978611,0.8427230046948356,0.47174770039421815,0.6048862679022746,0.8860759493670886,0.7276381909547739,"[[2380, 61, 205], [344, 359, 58], [2, 6, 362]]"
0.5880614679172805,0.1,"{0: 1.0, 1: 1.8, 2: 1.2}",crammer_singer,0.25822925567626953,0.8051363516018004,0.722973817533696,0.8027848107144342,0.7861635220125787,0.492772667542707,0.6058158319870759,0.8755462663879916,0.6875593542260209,"[[2304, 95, 247], [312, 375, 74], [1, 7, 362]]"
0.5878493384184247,30.0,"{0: 1.0, 1: 2.2, 2: 0.8}",crammer_singer,7.826655149459839,0.7971935398464389,0.7287019703916545,0.7962217141497883,0.6532905296950241,0.5348226018396847,0.588150289017341,0.8648960739030023,0.7330595482546202,"[[2247, 204, 195], [302, 407, 52], [1, 12, 357]]"
0.5878444641045658,0.03,"{0: 1.0, 1: 2.2, 2: 1.2}",crammer_singer,0.1024014949798584,0.7913688112258406,0.7138759355651721,0.7924478484916669,0.7076648841354723,0.5216819973718791,0.6006051437216339,0.8637243515292296,0.6772983114446529,"[[2231, 155, 260], [289, 397, 75], [0, 9, 361]]"
0.5874543028245246,0.03,"{0: 1.0, 1: 1.8, 2: 1.0}",crammer_singer,0.09183573722839355,0.8046068308181096,0.7210936551480737,0.8025109460121905,0.7845188284518828,0.492772667542707,0.6053268765133172,0.8760927404028886,0.6818613485280152,"[[2305, 93, 248], [310, 375, 76], [1, 10, 359]]"
0.5872078056517626,0.3,"{0: 1.0, 1: 2.2, 2: 0.8}",crammer_singer,0.6337616443634033,0.7945459359279852,0.7238703815119437,0.7943177553142677,0.6564516129032258,0.5348226018396847,0.5894279507603186,0.8638733346205831,0.7183098591549296,"[[2237, 201, 208], [295, 407, 59], [1, 12, 357]]"
0.5870216425730618,0.03,"{0: 1.0, 1: 2.2, 2: 0.8}",crammer_singer,0.08450078964233398,0.7934868943606036,0.7189509053268678,0.793657488481558,0.6779089376053963,0.5282522996057819,0.5937961595273265,0.8644264194669756,0.6986301369863014,"[[2238, 179, 229], [293, 402, 66], [1, 12, 357]]"
0.586842410201362,10.0,"{0: 1.0, 1: 1.5, 2: 1.2}",crammer_singer,2.6310055255889893,0.8144029653163887,0.729870547882446,0.8091928246254618,0.8585131894484412,0.4704336399474376,0.6078098471986417,0.8824742268041237,0.6993275696445725,"[[2354, 55, 237], [333, 358, 70], [2, 4, 364]]"
0.5865896170763579,0.03,"{0: 1.0, 1: 1.8, 2: 1.2}",crammer_singer,0.13720250129699707,0.8035477892507281,0.7196210588013182,0.8016695870003293,0.7982832618025751,0.4888304862023653,0.6063569682151589,0.8752377329783187,0.6772684752104771,"[[2301, 87, 258], [310, 372, 79], [1, 7, 362]]"
0.5863165894292098,3.0,"{0: 1.0, 1: 1.5, 2: 1.2}",crammer_singer,1.7338871955871582,0.8144029653163887,0.7291083051145125,0.8092788971760226,0.8623188405797102,0.469119579500657,0.6076595744680852,0.8830146231721034,0.6966507177033493,"[[2355, 53, 238], [331, 357, 73], [2, 4, 364]]"
0.5862216250994113,0.03,"{0: 1.0, 1: 1.5, 2: 1.0}",crammer_singer,0.1345508098602295,0.8136086841408525,0.7282135442563145,0.808556267224782,0.8704156479217604,0.46780551905387646,0.6085470085470085,0.8820993439550141,0.6939942802669209,"[[2353, 49, 244], [334, 356, 71], [2, 4, 364]]"
0.5861873602332334,0.1,"{0: 1.0, 1: 2.2, 2: 0.7}",crammer_singer,0.20102715492248535,0.7950754567116759,0.7249964609130649,0.7945496489876746,0.6537842190016103,0.533508541392904,0.5875542691751086,0.8640308582449373,0.723404255319149,"[[2240, 203, 203], [298, 406, 57], [1, 12, 357]]"
0.5860921387086208,0.1,"{0: 1.0, 1: 2.2, 2: 0.8}",crammer_singer,0.12068605422973633,0.7940164151442944,0.7225040625040625,0.7937808297141101,0.6596091205211726,0.5321944809461235,0.5890909090909091,0.8637065637065637,0.7147147147147147,"[[2237, 197, 212], [296, 405, 60], [1, 12, 357]]"
0.5858358167309468,1.0,"{0: 1.0, 1: 2.2, 2: 0.8}",crammer_singer,0.8276159763336182,0.793751654752449,0.7234248298434118,0.7935698841394763,0.6512,0.5348226018396847,0.5873015873015873,0.8632148377125193,0.719758064516129,"[[2234, 206, 206], [295, 407, 59], [1, 12, 357]]"
0.5853850017087515,10.0,"{0: 1.0, 1: 2.2, 2: 0.7}",crammer_singer,3.1847286224365234,0.7950754567116759,0.7271874813464531,0.794271720116543,0.6450079239302694,0.5348226018396847,0.5847701149425287,0.8629793794565427,0.7338129496402878,"[[2239, 212, 195], [303, 407, 51], [1, 12, 357]]"
0.5852420789350925,0.03,"{0: 1.0, 1: 3.5, 2: 0.7}",ovr,0.0545198917388916,0.7990468625893566,0.7421160449641536,0.7985715996386362,0.5871687587168759,0.5532194480946123,0.5696887686062246,0.8654252255711269,0.7912341407151096,"[[2254, 269, 123], [309, 421, 31], [0, 27, 343]]"
0.5851831805225672,3.0,"{0: 1.0, 1: 2.2, 2: 0.7}",crammer_singer,1.3562219142913818,0.7956049774953667,0.7277404841530845,0.7946114290845748,0.6464968152866242,0.533508541392904,0.5845932325413967,0.863303812090874,0.7353244078269825,"[[2242, 210, 194], [305, 406, 50], [1, 12, 357]]"
0.5849871440719296,0.3,"{0: 1.0, 1: 1.5, 2: 1.2}",crammer_singer,0.3554520606994629,0.8136086841408525,0.7277430276146618,0.8086021831066066,0.8619854721549637,0.46780551905387646,0.606473594548552,0.8827612080285124,0.6939942802669209,"[[2353, 53, 240], [330, 356, 75], [2, 4, 364]]"
0.5849598319494067,3.0,"{0: 1.0, 1: 2.2, 2: 0.8}",crammer_singer,1.373711347579956,0.7932221339687583,0.7229111272502514,0.7931233113761933,0.6480891719745223,0.5348226018396847,0.5860331173506119,0.8629421998840131,0.719758064516129,"[[2232, 209, 205], [294, 407, 60], [1, 12, 357]]"
0.5848422719045674,1.0,"{0: 1.0, 1: 1.5, 2: 1.2}",crammer_singer,1.0342042446136475,0.8138734445326979,0.7282491085882853,0.8087239743900753,0.8599033816425121,0.46780551905387646,0.6059574468085106,0.8828051753234577,0.6959847036328872,"[[2354, 54, 238], [331, 356, 74], [2, 4, 364]]"
0.5846947151903682,0.3,"{0: 1.0, 1: 2.2, 2: 0.7}",crammer_singer,0.4291355609893799,0.7945459359279852,0.726054015390804,0.7937882346721596,0.6464968152866242,0.533508541392904,0.5845932325413967,0.8627602158828065,0.7308085977482088,"[[2238, 210, 198], [303, 406, 52], [1, 12, 357]]"
0.5846317502002454,0.1,"{0: 1.0, 1: 2.2, 2: 1.2}",crammer_singer,0.17328953742980957,0.7911040508339953,0.7162258860866101,0.791579339955896,0.6862068965517242,0.5229960578186597,0.5935868754660701,0.8623426911907067,0.6927480916030534,"[[2227, 175, 244], [292, 398, 71], [0, 7, 363]]"
0.58427632390018,1.0,"{0: 1.0, 1: 2.2, 2: 0.7}",crammer_singer,0.7870960235595703,0.7945459359279852,0.7262735346975758,0.7937657344350935,0.6444444444444445,0.533508541392904,0.5837526959022286,0.8627602158828065,0.7323076923076923,"[[2238, 212, 196], [303, 406, 52], [1, 12, 357]]"
0.5841933244554115,30.0,"{0: 1.0, 1: 2.2, 2: 0.7}",crammer_singer,8.13642954826355,0.793751654752449,0.7271250603628032,0.7930188261222277,0.6375,0.5361366622864652,0.582441113490364,0.8613307618129219,0.737603305785124,"[[2233, 220, 193], [305, 408, 48], [1, 12, 357]]"
0.584161895363279,10.0,"{0: 1.0, 1: 2.2, 2: 0.8}",crammer_singer,3.231757402420044,0.7926926131850676,0.7227726298911993,0.7925863599499301,0.6450079239302694,0.5348226018396847,0.5847701149425287,0.8623356535189481,0.7212121212121212,"[[2230, 212, 204], [295, 407, 59], [1, 12, 357]]"
0.5840926541091956,0.03,"{0: 1.0, 1: 3.5, 2: 0.8}",ovr,0.059207916259765625,0.7982525814138205,0.739224378150738,0.7976274242548645,0.59375,0.5492772667542707,0.5706484641638225,0.8651037663335895,0.7819209039548023,"[[2251, 262, 133], [307, 418, 36], [0, 24, 346]]"
0.5840031487350634,0.1,"{0: 1.0, 1: 3.5, 2: 0.7}",ovr,0.05840468406677246,0.7987821021975112,0.7423419574289526,0.7982579748279205,0.584958217270195,0.5519053876478318,0.5679513184584178,0.8650930723469583,0.7939814814814815,"[[2254, 271, 121], [311, 420, 30], [0, 27, 343]]"
0.5839823371520234,0.3,"{0: 1.0, 1: 3.5, 2: 0.7}",ovr,0.05717873573303223,0.7990468625893566,0.7432932144635904,0.7984978076873659,0.5841446453407511,0.5519053876478318,0.5675675675675675,0.8650930723469583,0.7972190034762456,"[[2254, 273, 119], [311, 420, 30], [0, 26, 344]]"
0.5839823371520234,1.0,"{0: 1.0, 1: 3.5, 2: 0.7}",ovr,0.05809807777404785,0.7990468625893566,0.7432932144635904,0.7984978076873659,0.5841446453407511,0.5519053876478318,0.5675675675675675,0.8650930723469583,0.7972190034762456,"[[2254, 273, 119], [311, 420, 30], [0, 26, 344]]"
0.5839823371520234,3.0,"{0: 1.0, 1: 3.5, 2: 0.7}",ovr,0.05725598335266113,0.7990468625893566,0.7432932144635904,0.7984978076873659,0.5841446453407511,0.5519053876478318,0.5675675675675675,0.8650930723469583,0.7972190034762456,"[[2254, 273, 119], [311, 420, 30], [0, 26, 344]]"
0.5839823371520234,10.0,"{0: 1.0, 1: 3.5, 2: 0.7}",ovr,0.05537772178649902,0.7990468625893566,0.7432932144635904,0.7984978076873659,0.5841446453407511,0.5519053876478318,0.5675675675675675,0.8650930723469583,0.7972190034762456,"[[2254, 273, 119], [311, 420, 30], [0, 26, 344]]"
0.5839823371520234,30.0,"{0: 1.0, 1: 3.5, 2: 0.7}",ovr,0.05631065368652344,0.7990468625893566,0.7432932144635904,0.7984978076873659,0.5841446453407511,0.5519053876478318,0.5675675675675675,0.8650930723469583,0.7972190034762456,"[[2254, 273, 119], [311, 420, 30], [0, 26, 344]]"
0.5839787044731894,30.0,"{0: 1.0, 1: 1.5, 2: 1.2}",crammer_singer,5.786968946456909,0.8167858088429971,0.7308198447186928,0.8106507406680687,0.8734491315136477,0.46254927726675427,0.6048109965635738,0.884945834889802,0.7027027027027027,"[[2369, 47, 230], [337, 352, 72], [2, 4, 364]]"
0.5838758533325364,0.1,"{0: 1.0, 1: 3.5, 2: 0.8}",ovr,0.05557584762573242,0.7982525814138205,0.7402798197704419,0.7975567145009553,0.5920679886685553,0.5492772667542707,0.5698704839809134,0.8646053389667755,0.7863636363636364,"[[2251, 264, 131], [310, 418, 33], [0, 24, 346]]"
0.583844108392676,1.0,"{0: 1.0, 1: 2.2, 2: 1.0}",crammer_singer,0.8467187881469727,0.7924278527932221,0.719726072262845,0.7924063375214678,0.6633663366336634,0.5282522996057819,0.5881492318946598,0.8629421998840131,0.7080867850098619,"[[2232, 194, 220], [294, 402, 65], [1, 10, 359]]"
0.5837093205198948,0.1,"{0: 1.0, 1: 1.5, 2: 1.2}",crammer_singer,0.1575005054473877,0.8122848821816256,0.7255990969208783,0.807596667288662,0.8637469586374696,0.4664914586070959,0.60580204778157,0.8822535211267606,0.6887417218543046,"[[2349, 52, 245], [328, 355, 78], [2, 4, 364]]"
0.583699379389701,0.3,"{0: 1.0, 1: 2.2, 2: 1.0}",crammer_singer,0.5158145427703857,0.791633571617686,0.7181963075972462,0.7918368558065417,0.6644628099173554,0.5282522996057819,0.5885797950219619,0.8626692456479691,0.7033398821218074,"[[2230, 192, 224], [293, 402, 66], [1, 11, 358]]"
0.5836961070981458,3.0,"{0: 1.0, 1: 3.5, 2: 0.8}",ovr,0.05565500259399414,0.7982525814138205,0.7404486252680714,0.7975661372697432,0.5912305516265912,0.5492772667542707,0.5694822888283378,0.8646053389667755,0.7872582480091013,"[[2251, 265, 130], [310, 418, 33], [0, 24, 346]]"
0.5836961070981458,10.0,"{0: 1.0, 1: 3.5, 2: 0.8}",ovr,0.05573868751525879,0.7982525814138205,0.7404486252680714,0.7975661372697432,0.5912305516265912,0.5492772667542707,0.5694822888283378,0.8646053389667755,0.7872582480091013,"[[2251, 265, 130], [310, 418, 33], [0, 24, 346]]"
0.5836961070981458,30.0,"{0: 1.0, 1: 3.5, 2: 0.8}",ovr,0.058260202407836914,0.7982525814138205,0.7404486252680714,0.7975661372697432,0.5912305516265912,0.5492772667542707,0.5694822888283378,0.8646053389667755,0.7872582480091013,"[[2251, 265, 130], [310, 418, 33], [0, 24, 346]]"
0.5836673530829096,0.03,"{0: 1.0, 1: 1.5, 2: 1.2}",crammer_singer,0.08469796180725098,0.8106963198305533,0.7226876538740066,0.8067066613553556,0.8762376237623762,0.4651773981603154,0.607725321888412,0.8818660647103085,0.6784715750232991,"[[2344, 46, 256], [324, 354, 83], [2, 4, 364]]"
0.5836583400230912,0.1,"{0: 1.0, 1: 2.2, 2: 1.0}",crammer_singer,0.1387345790863037,0.7911040508339953,0.7167259106371593,0.7914892778113092,0.669449081803005,0.5269382391590013,0.5897058823529412,0.8626160990712074,0.6978557504873294,"[[2229, 187, 230], [292, 401, 68], [1, 11, 358]]"
0.5836580256025076,3.0,"{0: 1.0, 1: 2.2, 2: 1.0}",crammer_singer,1.3638637065887451,0.7924278527932221,0.7201669403215568,0.7923589146209483,0.6622734761120264,0.5282522996057819,0.5877192982456141,0.862722351121423,0.7100591715976331,"[[2231, 196, 219], [294, 402, 65], [1, 9, 360]]"
0.5835168226380641,0.3,"{0: 1.0, 1: 3.5, 2: 0.8}",ovr,0.06012749671936035,0.7982525814138205,0.7406182862176826,0.7975758661549028,0.5903954802259888,0.5492772667542707,0.5690946221919673,0.8646053389667755,0.7881548974943052,"[[2251, 266, 129], [310, 418, 33], [0, 24, 346]]"
0.5835168226380641,1.0,"{0: 1.0, 1: 3.5, 2: 0.8}",ovr,0.05452156066894531,0.7982525814138205,0.7406182862176826,0.7975758661549028,0.5903954802259888,0.5492772667542707,0.5690946221919673,0.8646053389667755,0.7881548974943052,"[[2251, 266, 129], [310, 418, 33], [0, 24, 346]]"
0.5832442510779843,10.0,"{0: 1.0, 1: 2.2, 2: 1.0}",crammer_singer,3.2857985496520996,0.7926926131850676,0.7193973367437648,0.7925834424524931,0.667779632721202,0.5256241787122208,0.5882352941176471,0.8633816425120773,0.7065750736015701,"[[2234, 190, 222], [294, 400, 67], [1, 9, 360]]"
0.5826279093770509,3.0,"{0: 1.0, 1: 2.2, 2: 1.2}",crammer_singer,1.3921880722045898,0.7911040508339953,0.7169001435461704,0.791299386034933,0.6757215619694398,0.5229960578186597,0.5896296296296296,0.8622291021671826,0.6988416988416989,"[[2228, 184, 234], [293, 398, 70], [1, 7, 362]]"
0.5825305093720756,0.3,"{0: 1.0, 1: 2.2, 2: 1.2}",crammer_singer,0.4945526123046875,0.7908392904421498,0.7166021079959727,0.7910791070943597,0.6757215619694398,0.5229960578186597,0.5896296296296296,0.8620089026514418,0.6981677917068466,"[[2227, 184, 235], [293, 398, 70], [1, 7, 362]]"
0.5822088931960177,1.0,"{0: 1.0, 1: 2.2, 2: 1.2}",crammer_singer,0.8402228355407715,0.7905745300503044,0.7163831999408283,0.790836850310559,0.6745762711864407,0.5229960578186597,0.5891931902294597,0.8617886178861789,0.6981677917068466,"[[2226, 185, 235], [293, 398, 70], [1, 7, 362]]"
0.5817833727995845,10.0,"{0: 1.0, 1: 2.2, 2: 1.2}",crammer_singer,3.3749895095825195,0.7900450092666137,0.7162909605101383,0.7903946194271197,0.6694630872483222,0.5243101182654402,0.5880619012527635,0.861294072065091,0.6995169082125604,"[[2223, 190, 233], [292, 399, 70], [1, 7, 362]]"
0.5815015195913,0.1,"{0: 1.0, 1: 3.5, 2: 1.0}",ovr,0.056421518325805664,0.7969287794545936,0.7356162836149275,0.7960510796566425,0.6011644832605532,0.5427069645203679,0.5704419889502762,0.8642829680891965,0.7721238938053098,"[[2248, 253, 145], [308, 413, 40], [0, 21, 349]]"
0.5814961630247865,30.0,"{0: 1.0, 1: 2.2, 2: 1.0}",crammer_singer,8.206316709518433,0.791633571617686,0.7179071196181028,0.7915833141751774,0.665,0.5243101182654402,0.5863335782512858,0.8627754155392346,0.704612365063788,"[[2232, 191, 223], [295, 399, 67], [1, 10, 359]]"
0.5813157547468659,0.3,"{0: 1.0, 1: 3.5, 2: 1.0}",ovr,0.056902170181274414,0.7969287794545936,0.7357700787644704,0.7960555233488118,0.6002906976744186,0.5427069645203679,0.5700483091787439,0.8642829680891965,0.7729789590254706,"[[2248, 254, 144], [308, 413, 40], [0, 21, 349]]"
0.5813157547468659,1.0,"{0: 1.0, 1: 3.5, 2: 1.0}",ovr,0.05801844596862793,0.7969287794545936,0.7357700787644704,0.7960555233488118,0.6002906976744186,0.5427069645203679,0.5700483091787439,0.8642829680891965,0.7729789590254706,"[[2248, 254, 144], [308, 413, 40], [0, 21, 349]]"
0.5813157547468659,3.0,"{0: 1.0, 1: 3.5, 2: 1.0}",ovr,0.05570864677429199,0.7969287794545936,0.7357700787644704,0.7960555233488118,0.6002906976744186,0.5427069645203679,0.5700483091787439,0.8642829680891965,0.7729789590254706,"[[2248, 254, 144], [308, 413, 40], [0, 21, 349]]"
0.5813157547468659,10.0,"{0: 1.0, 1: 3.5, 2: 1.0}",ovr,0.054952383041381836,0.7969287794545936,0.7357700787644704,0.7960555233488118,0.6002906976744186,0.5427069645203679,0.5700483091787439,0.8642829680891965,0.7729789590254706,"[[2248, 254, 144], [308, 413, 40], [0, 21, 349]]"
0.5813157547468659,30.0,"{0: 1.0, 1: 3.5, 2: 1.0}",ovr,0.05652117729187012,0.7969287794545936,0.7357700787644704,0.7960555233488118,0.6002906976744186,0.5427069645203679,0.5700483091787439,0.8642829680891965,0.7729789590254706,"[[2248, 254, 144], [308, 413, 40], [0, 21, 349]]"
0.581199448554102,0.03,"{0: 1.0, 1: 3.5, 2: 1.0}",ovr,0.05724525451660156,0.7963992586709029,0.7342948929036156,0.7956312892697385,0.6011644832605532,0.5427069645203679,0.5704419889502762,0.8642307692307692,0.7682119205298014,"[[2247, 252, 147], [307, 413, 41], [0, 22, 348]]"
0.5787538220823372,10.0,"{0: 1.0, 1: 2.6, 2: 0.7}",crammer_singer,4.259066343307495,0.7709822610537463,0.7157281420847313,0.7754322146527193,0.5490683229813664,0.580814717477004,0.5644955300127714,0.8407871198568873,0.741901776384535,"[[2115, 349, 182], [269, 442, 50], [1, 14, 355]]"
0.5785558228621485,30.0,"{0: 1.0, 1: 2.2, 2: 1.2}",crammer_singer,7.980257034301758,0.7871326449563145,0.7124794655983023,0.7880138080984727,0.6633333333333333,0.5229960578186597,0.5848640705363704,0.8597513597513597,0.692822966507177,"[[2213, 194, 239], [289, 398, 74], [0, 8, 362]]"
0.578464370807552,30.0,"{0: 1.0, 1: 2.6, 2: 1.0}",crammer_singer,9.74685525894165,0.7717765422292825,0.7097511326553242,0.7758798942075755,0.5752330226364847,0.5676741130091985,0.5714285714285714,0.8432539682539683,0.7145708582834331,"[[2125, 308, 213], [268, 432, 61], [1, 11, 358]]"
0.5775798660342634,3.0,"{0: 1.0, 1: 2.6, 2: 0.8}",crammer_singer,1.5183868408203125,0.7699232194863649,0.7137883007906384,0.7745508553763807,0.5491905354919053,0.5795006570302234,0.5639386189258312,0.8403662420382165,0.7370600414078675,"[[2111, 349, 186], [266, 441, 54], [1, 13, 356]]"
0.5775208184202971,0.1,"{0: 1.0, 1: 2.6, 2: 0.7}",crammer_singer,0.14657139778137207,0.7704527402700556,0.7117276897319216,0.7749180950034158,0.5565438373570522,0.5755584756898817,0.5658914728682171,0.8416451420623883,0.7276464542651593,"[[2118, 334, 194], [268, 438, 55], [1, 15, 354]]"
0.5771541528304283,0.1,"{0: 1.0, 1: 3.5, 2: 1.2}",ovr,0.05529522895812988,0.7942811755361397,0.729104489347936,0.7934124728802892,0.6074626865671642,0.5348226018396847,0.5688329839273235,0.863356428021555,0.7551240560949298,"[[2243, 243, 160], [307, 407, 47], [0, 20, 350]]"
0.5769635590752499,0.3,"{0: 1.0, 1: 3.5, 2: 1.2}",ovr,0.05522799491882324,0.7942811755361397,0.7292439023498374,0.793412322391752,0.6065573770491803,0.5348226018396847,0.5684357541899442,0.863356428021555,0.755939524838013,"[[2243, 244, 159], [307, 407, 47], [0, 20, 350]]"
0.5769635590752499,1.0,"{0: 1.0, 1: 3.5, 2: 1.2}",ovr,0.055602073669433594,0.7942811755361397,0.7292439023498374,0.793412322391752,0.6065573770491803,0.5348226018396847,0.5684357541899442,0.863356428021555,0.755939524838013,"[[2243, 244, 159], [307, 407, 47], [0, 20, 350]]"
0.5769187318533591,0.03,"{0: 1.0, 1: 3.5, 2: 1.2}",ovr,0.05620121955871582,0.7940164151442944,0.7281163489372692,0.7932907618936499,0.6074626865671642,0.5348226018396847,0.5688329839273235,0.8636363636363636,0.7518796992481203,"[[2242, 243, 161], [304, 407, 50], [0, 20, 350]]"
0.5767946408492381,1.0,"{0: 1.0, 1: 2.6, 2: 0.8}",crammer_singer,0.8254256248474121,0.7699232194863649,0.7128619992075941,0.7744524224996187,0.5515075376884422,0.5768725361366623,0.5639049454078355,0.8406604336582455,0.734020618556701,"[[2113, 344, 189], [267, 439, 55], [1, 13, 356]]"
0.5767734247469549,3.0,"{0: 1.0, 1: 3.5, 2: 1.2}",ovr,0.05574846267700195,0.7942811755361397,0.7293840878779531,0.7934124563288606,0.6056547619047619,0.5348226018396847,0.5680390788555478,0.863356428021555,0.7567567567567568,"[[2243, 245, 158], [307, 407, 47], [0, 20, 350]]"
0.5767734247469549,10.0,"{0: 1.0, 1: 3.5, 2: 1.2}",ovr,0.05548691749572754,0.7942811755361397,0.7293840878779531,0.7934124563288606,0.6056547619047619,0.5348226018396847,0.5680390788555478,0.863356428021555,0.7567567567567568,"[[2243, 245, 158], [307, 407, 47], [0, 20, 350]]"
0.5767734247469549,30.0,"{0: 1.0, 1: 3.5, 2: 1.2}",ovr,0.05601215362548828,0.7942811755361397,0.7293840878779531,0.7934124563288606,0.6056547619047619,0.5348226018396847,0.5680390788555478,0.863356428021555,0.7567567567567568,"[[2243, 245, 158], [307, 407, 47], [0, 20, 350]]"
0.5766914501864071,0.3,"{0: 1.0, 1: 2.6, 2: 0.7}",crammer_singer,0.7121915817260742,0.7704527402700556,0.7147382626629039,0.7749140538179047,0.5472636815920398,0.5781865965834428,0.5623003194888179,0.8407871198568873,0.7411273486430062,"[[2115, 350, 181], [269, 440, 52], [1, 14, 355]]"
0.5766404207694903,30.0,"{0: 1.0, 1: 2.6, 2: 0.7}",crammer_singer,9.635736227035522,0.7675403759597564,0.716823174906516,0.7727650707468037,0.5301775147928994,0.5886990801576872,0.5579078455790785,0.8369586908800638,0.7556029882604055,"[[2097, 382, 167], [267, 448, 46], [1, 15, 354]]"
0.5766303952302652,30.0,"{0: 1.0, 1: 2.6, 2: 1.2}",crammer_singer,12.744414329528809,0.7704527402700556,0.7098220993428835,0.7746024904995635,0.5723771580345286,0.5663600525624178,0.5693527080581242,0.8414561368609509,0.7186574531095755,"[[2115, 316, 215], [266, 431, 64], [0, 6, 364]]"
0.5766265867670466,0.03,"{0: 1.0, 1: 2.6, 2: 0.8}",crammer_singer,0.08539247512817383,0.7725708234048186,0.7086500402251682,0.7763362670387013,0.580952380952381,0.5611038107752957,0.570855614973262,0.844646744508213,0.7104477611940299,"[[2134, 296, 216], [272, 427, 62], [1, 12, 357]]"
0.5765209571849078,0.03,"{0: 1.0, 1: 2.6, 2: 0.7}",crammer_singer,0.09217977523803711,0.7720413026211279,0.7081455791195886,0.7760335011785854,0.5758389261744966,0.5637319316688568,0.5697211155378487,0.8445852306473965,0.7101303911735206,"[[2133, 301, 212], [271, 429, 61], [1, 15, 354]]"
0.5757464806046619,0.3,"{0: 1.0, 1: 2.6, 2: 1.0}",crammer_singer,0.6056010723114014,0.7696584590945195,0.7079981580915797,0.7740694737769463,0.5676741130091985,0.5676741130091985,0.5676741130091985,0.8417495029821074,0.7145708582834331,"[[2117, 317, 212], [267, 432, 62], [0, 12, 358]]"
0.5757339575240608,1.0,"{0: 1.0, 1: 2.6, 2: 0.7}",crammer_singer,0.9006762504577637,0.7696584590945195,0.7146488519690576,0.774183550095259,0.5445544554455446,0.5781865965834428,0.5608667941363926,0.8398647304555401,0.7432150313152401,"[[2111, 355, 180], [269, 440, 52], [1, 13, 356]]"
0.5756401674424267,0.1,"{0: 1.0, 1: 3.0, 2: 0.7}",ovr,0.055812835693359375,0.8040773100344188,0.7390934348702656,0.8004163258384012,0.6288,0.5164257555847569,0.5670995670995671,0.8704054566123531,0.7797752808988764,"[[2297, 210, 139], [334, 393, 34], [1, 22, 347]]"
0.5755571738604486,0.3,"{0: 1.0, 1: 3.0, 2: 0.7}",ovr,0.059870243072509766,0.8043420704262643,0.7396138887939322,0.8006558949440327,0.6277955271565495,0.5164257555847569,0.5666906993511175,0.8706194354991476,0.7815315315315315,"[[2298, 211, 137], [334, 393, 34], [1, 22, 347]]"
0.5755571738604486,1.0,"{0: 1.0, 1: 3.0, 2: 0.7}",ovr,0.05533170700073242,0.8043420704262643,0.7396138887939322,0.8006558949440327,0.6277955271565495,0.5164257555847569,0.5666906993511175,0.8706194354991476,0.7815315315315315,"[[2298, 211, 137], [334, 393, 34], [1, 22, 347]]"
0.5755571738604486,3.0,"{0: 1.0, 1: 3.0, 2: 0.7}",ovr,0.05595564842224121,0.8043420704262643,0.7396138887939322,0.8006558949440327,0.6277955271565495,0.5164257555847569,0.5666906993511175,0.8706194354991476,0.7815315315315315,"[[2298, 211, 137], [334, 393, 34], [1, 22, 347]]"
0.5755571738604486,10.0,"{0: 1.0, 1: 3.0, 2: 0.7}",ovr,0.055869102478027344,0.8043420704262643,0.7396138887939322,0.8006558949440327,0.6277955271565495,0.5164257555847569,0.5666906993511175,0.8706194354991476,0.7815315315315315,"[[2298, 211, 137], [334, 393, 34], [1, 22, 347]]"
0.5755571738604486,30.0,"{0: 1.0, 1: 3.0, 2: 0.7}",ovr,0.05419301986694336,0.8043420704262643,0.7396138887939322,0.8006558949440327,0.6277955271565495,0.5164257555847569,0.5666906993511175,0.8706194354991476,0.7815315315315315,"[[2298, 211, 137], [334, 393, 34], [1, 22, 347]]"
0.5753044772480326,30.0,"{0: 1.0, 1: 2.6, 2: 0.8}",crammer_singer,9.904725074768066,0.7667460947842203,0.712274881484045,0.7717900503513223,0.5395858708891595,0.5821287779237845,0.5600505689001264,0.8371907422186752,0.7395833333333334,"[[2098, 364, 184], [267, 443, 51], [1, 14, 355]]"
0.5752660971357227,0.03,"{0: 1.0, 1: 2.6, 2: 1.0}",crammer_singer,0.17259645462036133,0.7712470214455918,0.7044065167204946,0.7751713059571523,0.5926966292134831,0.5545335085413929,0.572980312287848,0.8444180522565321,0.6958211856171039,"[[2133, 278, 235], [273, 422, 66], [0, 12, 358]]"
0.5749268184309747,0.3,"{0: 1.0, 1: 2.6, 2: 0.8}",crammer_singer,0.4939436912536621,0.7691289383108287,0.7112826326246963,0.7735483295816613,0.5532994923857868,0.5729303547963206,0.5629438347320852,0.8400954653937948,0.7308085977482088,"[[2112, 340, 194], [269, 436, 56], [1, 12, 357]]"
0.5747466576631484,3.0,"{0: 1.0, 1: 2.6, 2: 0.7}",crammer_singer,1.5655574798583984,0.7688641779189833,0.7142013915020723,0.7734869518986757,0.541871921182266,0.5781865965834428,0.5594405594405595,0.839171974522293,0.7439916405433646,"[[2108, 359, 179], [269, 440, 52], [1, 13, 356]]"
0.5746638375217716,0.1,"{0: 1.0, 1: 2.6, 2: 1.0}",crammer_singer,0.257704496383667,0.7691289383108287,0.7058447341962187,0.7735301932042181,0.5727636849132176,0.5637319316688568,0.5682119205298013,0.8418124006359301,0.7075098814229249,"[[2118, 308, 220], [268, 429, 64], [0, 12, 358]]"
0.574427822597606,10.0,"{0: 1.0, 1: 2.6, 2: 0.8}",crammer_singer,3.825007915496826,0.7691289383108287,0.7107947660704085,0.773523101660222,0.554140127388535,0.5716162943495401,0.5627425614489003,0.8403261085702923,0.7293156281920327,"[[2113, 338, 195], [269, 435, 57], [1, 12, 357]]"
0.5741536705137203,1.0,"{0: 1.0, 1: 2.6, 2: 1.0}",crammer_singer,0.8628613948822021,0.7683346571352926,0.7071089187960329,0.7728828994094117,0.5632333767926988,0.5676741130091985,0.5654450261780105,0.8405970149253731,0.7152847152847153,"[[2112, 323, 211], [267, 432, 62], [0, 12, 358]]"
0.5736604045599576,0.3,"{0: 1.0, 1: 2.6, 2: 1.2}",crammer_singer,0.5007214546203613,0.7691289383108287,0.706608314631342,0.773296603594669,0.5739247311827957,0.5611038107752957,0.5674418604651162,0.8411846551381436,0.7111984282907662,"[[2116, 309, 221], [269, 427, 65], [0, 8, 362]]"
0.5736136484975065,0.1,"{0: 1.0, 1: 2.6, 2: 1.2}",crammer_singer,0.18108344078063965,0.769393698702674,0.7046707751822581,0.7735337936034787,0.5824175824175825,0.557161629434954,0.5695097380792478,0.8421679571173317,0.7023346303501945,"[[2121, 295, 230], [270, 424, 67], [0, 9, 361]]"
0.5735661523162499,0.1,"{0: 1.0, 1: 2.6, 2: 0.8}",crammer_singer,0.13753342628479004,0.7696584590945195,0.7089162973290383,0.7738470549838989,0.5611979166666666,0.5663600525624178,0.5637671680837149,0.8416038110361255,0.7213779128672746,"[[2120, 324, 202], [271, 431, 59], [1, 13, 356]]"
0.5735575873688954,0.03,"{0: 1.0, 1: 2.6, 2: 1.2}",crammer_singer,0.09419512748718262,0.7701879798782102,0.7002272499248638,0.7744912034850207,0.6034732272069464,0.5479632063074902,0.5743801652892562,0.8450871632329635,0.681214421252372,"[[2133, 263, 250], [269, 417, 75], [0, 11, 359]]"
0.5735425814058246,0.03,"{0: 1.0, 1: 3.0, 2: 0.7}",ovr,0.05695652961730957,0.8035477892507281,0.7375849855592292,0.7998580525824026,0.6276083467094703,0.5137976346911958,0.565028901734104,0.8705703998483987,0.7771556550951848,"[[2297, 210, 139], [333, 391, 37], [1, 22, 347]]"
0.5733199550291318,0.1,"{0: 1.0, 1: 3.0, 2: 0.8}",ovr,0.07593417167663574,0.8030182684670373,0.7358868084298215,0.7992382926987822,0.6356209150326797,0.5111695137976346,0.5666423889293518,0.8700929262279538,0.7709251101321586,"[[2294, 204, 148], [332, 389, 40], [1, 19, 350]]"
0.5730341397960997,0.3,"{0: 1.0, 1: 3.0, 2: 0.8}",ovr,0.05948185920715332,0.8032830288588827,0.7365353373457006,0.7994726624762042,0.6335504885993485,0.5111695137976346,0.5658181818181818,0.8703071672354948,0.7734806629834254,"[[2295, 206, 145], [332, 389, 40], [1, 19, 350]]"
0.5730341397960997,1.0,"{0: 1.0, 1: 3.0, 2: 0.8}",ovr,0.05557727813720703,0.8032830288588827,0.7365353373457006,0.7994726624762042,0.6335504885993485,0.5111695137976346,0.5658181818181818,0.8703071672354948,0.7734806629834254,"[[2295, 206, 145], [332, 389, 40], [1, 19, 350]]"
0.5730341397960997,3.0,"{0: 1.0, 1: 3.0, 2: 0.8}",ovr,0.057062387466430664,0.8032830288588827,0.7365353373457006,0.7994726624762042,0.6335504885993485,0.5111695137976346,0.5658181818181818,0.8703071672354948,0.7734806629834254,"[[2295, 206, 145], [332, 389, 40], [1, 19, 350]]"
0.5730341397960997,10.0,"{0: 1.0, 1: 3.0, 2: 0.8}",ovr,0.05567026138305664,0.8032830288588827,0.7365353373457006,0.7994726624762042,0.6335504885993485,0.5111695137976346,0.5658181818181818,0.8703071672354948,0.7734806629834254,"[[2295, 206, 145], [332, 389, 40], [1, 19, 350]]"
0.5730341397960997,30.0,"{0: 1.0, 1: 3.0, 2: 0.8}",ovr,0.05529069900512695,0.8032830288588827,0.7365353373457006,0.7994726624762042,0.6335504885993485,0.5111695137976346,0.5658181818181818,0.8703071672354948,0.7734806629834254,"[[2295, 206, 145], [332, 389, 40], [1, 19, 350]]"
0.57268686065901,0.03,"{0: 1.0, 1: 3.0, 2: 0.8}",ovr,0.057627201080322266,0.802753508075192,0.7349879061349304,0.7990877393089866,0.6335504885993485,0.5111695137976346,0.5658181818181818,0.8704230696262569,0.7687224669603524,"[[2294, 205, 147], [330, 389, 42], [1, 20, 349]]"
0.5726081480015199,10.0,"{0: 1.0, 1: 2.6, 2: 1.2}",crammer_singer,5.193956136703491,0.7691289383108287,0.7075880884856138,0.7733576313217994,0.5668874172185431,0.5624178712220762,0.5646437994722955,0.8412887828162291,0.7168316831683168,"[[2115, 320, 211], [266, 428, 67], [1, 7, 362]]"
0.5724109775879426,3.0,"{0: 1.0, 1: 2.6, 2: 1.0}",crammer_singer,1.550370454788208,0.7678051363516017,0.7070553587180658,0.7723390442406891,0.5597402597402598,0.5663600525624178,0.5630306988896147,0.8401353772645829,0.718,"[[2110, 328, 208], [267, 431, 63], [0, 11, 359]]"
0.5719849882866567,3.0,"{0: 1.0, 1: 2.6, 2: 1.2}",crammer_singer,1.5344204902648926,0.770717500661901,0.7073786805358008,0.7745081224144432,0.5762942779291553,0.5558475689881734,0.565886287625418,0.8430866891489783,0.7131630648330058,"[[2125, 304, 217], [270, 423, 68], [0, 7, 363]]"
0.5714997264923432,1.0,"{0: 1.0, 1: 2.6, 2: 1.2}",crammer_singer,0.8710060119628906,0.7688641779189833,0.7062100810352098,0.7729424589118686,0.571236559139785,0.5584756898817346,0.5647840531561462,0.8412477647526326,0.7125984251968503,"[[2117, 311, 218], [270, 425, 66], [0, 8, 362]]"
0.5714680090381358,0.03,"{0: 1.0, 1: 3.0, 2: 1.0}",ovr,0.0580449104309082,0.8011649457241197,0.7306947932218942,0.7975547811685643,0.6433333333333333,0.507227332457293,0.5672299779573843,0.8697303456133688,0.7551240560949298,"[[2290, 195, 161], [329, 386, 46], [1, 19, 350]]"
0.5713721327614444,0.1,"{0: 1.0, 1: 3.0, 2: 1.0}",ovr,0.056992530822753906,0.8014297061159651,0.731171735498401,0.7977811470786348,0.6422628951747088,0.507227332457293,0.566813509544787,0.8699449401936586,0.7567567567567568,"[[2291, 196, 159], [329, 386, 46], [1, 19, 350]]"
0.5712770996101475,0.3,"{0: 1.0, 1: 3.0, 2: 1.0}",ovr,0.058800697326660156,0.8016944665078104,0.7316512128616975,0.7980082721787052,0.6411960132890365,0.507227332457293,0.5663976522377109,0.8701594533029613,0.7583965330444203,"[[2292, 197, 157], [329, 386, 46], [1, 19, 350]]"
0.5712770996101475,1.0,"{0: 1.0, 1: 3.0, 2: 1.0}",ovr,0.056243181228637695,0.8016944665078104,0.7316512128616975,0.7980082721787052,0.6411960132890365,0.507227332457293,0.5663976522377109,0.8701594533029613,0.7583965330444203,"[[2292, 197, 157], [329, 386, 46], [1, 19, 350]]"
0.5712770996101475,3.0,"{0: 1.0, 1: 3.0, 2: 1.0}",ovr,0.055910587310791016,0.8016944665078104,0.7316512128616975,0.7980082721787052,0.6411960132890365,0.507227332457293,0.5663976522377109,0.8701594533029613,0.7583965330444203,"[[2292, 197, 157], [329, 386, 46], [1, 19, 350]]"
0.5712770996101475,10.0,"{0: 1.0, 1: 3.0, 2: 1.0}",ovr,0.05576586723327637,0.8016944665078104,0.7316512128616975,0.7980082721787052,0.6411960132890365,0.507227332457293,0.5663976522377109,0.8701594533029613,0.7583965330444203,"[[2292, 197, 157], [329, 386, 46], [1, 19, 350]]"
0.5712770996101475,30.0,"{0: 1.0, 1: 3.0, 2: 1.0}",ovr,0.062041282653808594,0.8016944665078104,0.7316512128616975,0.7980082721787052,0.6411960132890365,0.507227332457293,0.5663976522377109,0.8701594533029613,0.7583965330444203,"[[2292, 197, 157], [329, 386, 46], [1, 19, 350]]"
0.5700970328317367,10.0,"{0: 1.0, 1: 2.6, 2: 1.0}",crammer_singer,3.9819834232330322,0.7678051363516017,0.7065960833241274,0.7721656321395366,0.5587467362924282,0.5624178712220762,0.5605762933857237,0.8404932378679395,0.7187187187187187,"[[2113, 327, 206], [269, 428, 64], [0, 11, 359]]"
0.5692923053752721,0.3,"{0: 1.0, 1: 3.0, 2: 1.2}",ovr,0.06203913688659668,0.7993116229812021,0.7261669028615644,0.795880329286227,0.6491525423728813,0.5032851511169514,0.5669874167283494,0.8692015209125475,0.7423117709437964,"[[2286, 188, 172], [327, 383, 51], [1, 19, 350]]"
0.5692923053752721,1.0,"{0: 1.0, 1: 3.0, 2: 1.2}",ovr,0.05463671684265137,0.7993116229812021,0.7261669028615644,0.795880329286227,0.6491525423728813,0.5032851511169514,0.5669874167283494,0.8692015209125475,0.7423117709437964,"[[2286, 188, 172], [327, 383, 51], [1, 19, 350]]"
0.5692923053752721,3.0,"{0: 1.0, 1: 3.0, 2: 1.2}",ovr,0.05531048774719238,0.7993116229812021,0.7261669028615644,0.795880329286227,0.6491525423728813,0.5032851511169514,0.5669874167283494,0.8692015209125475,0.7423117709437964,"[[2286, 188, 172], [327, 383, 51], [1, 19, 350]]"
0.5692923053752721,10.0,"{0: 1.0, 1: 3.0, 2: 1.2}",ovr,0.0556793212890625,0.7993116229812021,0.7261669028615644,0.795880329286227,0.6491525423728813,0.5032851511169514,0.5669874167283494,0.8692015209125475,0.7423117709437964,"[[2286, 188, 172], [327, 383, 51], [1, 19, 350]]"
0.5692923053752721,30.0,"{0: 1.0, 1: 3.0, 2: 1.2}",ovr,0.05589437484741211,0.7993116229812021,0.7261669028615644,0.795880329286227,0.6491525423728813,0.5032851511169514,0.5669874167283494,0.8692015209125475,0.7423117709437964,"[[2286, 188, 172], [327, 383, 51], [1, 19, 350]]"
0.5692024396786651,0.1,"{0: 1.0, 1: 2.6, 2: 0.8}",ovr,0.055734872817993164,0.809107757479481,0.7350577223843283,0.8029175331356218,0.6826568265682657,0.48620236530880423,0.56792018419033,0.8763834177452635,0.7608695652173914,"[[2336, 153, 157], [348, 370, 43], [1, 19, 350]]"
0.5691877545607993,0.1,"{0: 1.0, 1: 3.0, 2: 1.2}",ovr,0.055776119232177734,0.7990468625893566,0.725833113263879,0.7956526629994581,0.6491525423728813,0.5032851511169514,0.5669874167283494,0.8689864993344742,0.7415254237288136,"[[2285, 188, 173], [327, 383, 51], [1, 19, 350]]"
0.568989063487736,0.3,"{0: 1.0, 1: 2.6, 2: 0.8}",ovr,0.08530163764953613,0.809107757479481,0.7351885258672007,0.8029108884215773,0.6813996316758748,0.48620236530880423,0.5674846625766872,0.8763834177452635,0.7616974972796517,"[[2336, 154, 156], [348, 370, 43], [1, 19, 350]]"
0.5687773066683415,0.3,"{0: 1.0, 1: 2.6, 2: 0.7}",ovr,0.06830978393554688,0.8101667990468626,0.7384284566405516,0.8038007876912754,0.6721014492753623,0.48751642575558474,0.5651180502665651,0.8766866566716641,0.7734806629834254,"[[2339, 162, 145], [350, 371, 40], [1, 19, 350]]"
0.5687773066683415,1.0,"{0: 1.0, 1: 2.6, 2: 0.7}",ovr,0.06614375114440918,0.8101667990468626,0.7384284566405516,0.8038007876912754,0.6721014492753623,0.48751642575558474,0.5651180502665651,0.8766866566716641,0.7734806629834254,"[[2339, 162, 145], [350, 371, 40], [1, 19, 350]]"
0.5687773066683415,3.0,"{0: 1.0, 1: 2.6, 2: 0.7}",ovr,0.057416439056396484,0.8101667990468626,0.7384284566405516,0.8038007876912754,0.6721014492753623,0.48751642575558474,0.5651180502665651,0.8766866566716641,0.7734806629834254,"[[2339, 162, 145], [350, 371, 40], [1, 19, 350]]"
0.5687773066683415,10.0,"{0: 1.0, 1: 2.6, 2: 0.7}",ovr,0.05789637565612793,0.8101667990468626,0.7384284566405516,0.8038007876912754,0.6721014492753623,0.48751642575558474,0.5651180502665651,0.8766866566716641,0.7734806629834254,"[[2339, 162, 145], [350, 371, 40], [1, 19, 350]]"
0.5687773066683415,30.0,"{0: 1.0, 1: 2.6, 2: 0.7}",ovr,0.05583524703979492,0.8101667990468626,0.7384284566405516,0.8038007876912754,0.6721014492753623,0.48751642575558474,0.5651180502665651,0.8766866566716641,0.7734806629834254,"[[2339, 162, 145], [350, 371, 40], [1, 19, 350]]"
0.5687762191524567,1.0,"{0: 1.0, 1: 2.6, 2: 0.8}",ovr,0.1018075942993164,0.809107757479481,0.7353201530966169,0.8029045548904553,0.6801470588235294,0.48620236530880423,0.5670498084291188,0.8763834177452635,0.7625272331154684,"[[2336, 155, 155], [348, 370, 43], [1, 19, 350]]"
0.5687762191524567,3.0,"{0: 1.0, 1: 2.6, 2: 0.8}",ovr,0.05516839027404785,0.809107757479481,0.7353201530966169,0.8029045548904553,0.6801470588235294,0.48620236530880423,0.5670498084291188,0.8763834177452635,0.7625272331154684,"[[2336, 155, 155], [348, 370, 43], [1, 19, 350]]"
0.5687762191524567,10.0,"{0: 1.0, 1: 2.6, 2: 0.8}",ovr,0.05531501770019531,0.809107757479481,0.7353201530966169,0.8029045548904553,0.6801470588235294,0.48620236530880423,0.5670498084291188,0.8763834177452635,0.7625272331154684,"[[2336, 155, 155], [348, 370, 43], [1, 19, 350]]"
0.5687762191524567,30.0,"{0: 1.0, 1: 2.6, 2: 0.8}",ovr,0.060881853103637695,0.809107757479481,0.7353201530966169,0.8029045548904553,0.6801470588235294,0.48620236530880423,0.5670498084291188,0.8763834177452635,0.7625272331154684,"[[2336, 155, 155], [348, 370, 43], [1, 19, 350]]"
0.5687649206289249,30.0,"{0: 1.0, 1: 3.0, 2: 0.7}",crammer_singer,12.665804147720337,0.7405348159915277,0.7125656284761873,0.7517181602240317,0.4571159283694628,0.6373193166885677,0.5323819978046103,0.8084930942073799,0.7968217934165721,"[[1961, 557, 128], [244, 485, 32], [0, 19, 351]]"
0.5684842542915233,0.03,"{0: 1.0, 1: 3.0, 2: 1.2}",ovr,0.05499625205993652,0.7982525814138205,0.7237890773874608,0.7950124526367407,0.6518771331058021,0.5019710906701709,0.5671863400148478,0.8688867745004757,0.7352941176470589,"[[2283, 185, 178], [325, 382, 54], [1, 19, 350]]"
0.5682666579979306,0.03,"{0: 1.0, 1: 2.6, 2: 0.8}",ovr,0.05548453330993652,0.8088429970876357,0.7338480144330228,0.8026914576289376,0.6833333333333333,0.48488830486202367,0.5672559569561876,0.8767123287671232,0.7575757575757576,"[[2336, 152, 158], [346, 369, 46], [1, 19, 350]]"
0.5682414546998482,0.03,"{0: 1.0, 1: 2.6, 2: 1.2}",ovr,0.05627250671386719,0.804871591209955,0.7247093221787541,0.7995627792713793,0.7093023255813954,0.480946123521682,0.5732184808144087,0.8749529190207156,0.7259565667011375,"[[2323, 132, 191], [340, 366, 55], [1, 18, 351]]"
0.5679259676647315,0.1,"{0: 1.0, 1: 2.6, 2: 0.7}",ovr,0.05693340301513672,0.8099020386550172,0.7376387847199052,0.8035000360099993,0.6727272727272727,0.48620236530880423,0.5644546147978642,0.8766866566716641,0.7717750826901875,"[[2339, 161, 146], [350, 370, 41], [1, 19, 350]]"
0.5678802579872506,0.03,"{0: 1.0, 1: 2.6, 2: 0.7}",ovr,0.05661964416503906,0.8099020386550172,0.7374102363325005,0.8035318920975967,0.6727272727272727,0.48620236530880423,0.5644546147978642,0.876850984067479,0.7709251101321586,"[[2339, 161, 146], [349, 370, 42], [1, 19, 350]]"
0.5678310294438819,30.0,"{0: 1.0, 1: 3.0, 2: 1.0}",crammer_singer,16.979618787765503,0.7513899920571883,0.7047295558081029,0.7591795211860353,0.5005476451259584,0.6005256241787122,0.5459976105137395,0.8223577235772358,0.7458333333333333,"[[2023, 444, 179], [251, 457, 53], [0, 12, 358]]"
0.5678183764893717,0.03,"{0: 1.0, 1: 3.0, 2: 0.7}",crammer_singer,0.08029580116271973,0.7476833465713529,0.6976000344736945,0.7561545223693298,0.5021881838074398,0.6031537450722734,0.5480597014925374,0.8204605665375994,0.7242798353909465,"[[2013, 437, 196], [248, 459, 54], [0, 18, 352]]"
0.5675932976542681,0.03,"{0: 1.0, 1: 2.6, 2: 1.0}",ovr,0.05574321746826172,0.8067249139528726,0.7289114411533154,0.8009014266453621,0.6950757575757576,0.48226018396846254,0.5694336695112491,0.8757752302198835,0.7415254237288136,"[[2330, 142, 174], [344, 367, 50], [1, 19, 350]]"
0.5674842341762867,0.1,"{0: 1.0, 1: 2.6, 2: 1.2}",ovr,0.05580592155456543,0.8051363516018004,0.7254675414226415,0.7996570341691638,0.7038461538461539,0.480946123521682,0.5714285714285714,0.8750470455400828,0.7299270072992701,"[[2325, 135, 186], [342, 366, 53], [1, 19, 350]]"
0.5674779209880756,0.1,"{0: 1.0, 1: 2.6, 2: 1.0}",ovr,0.05689692497253418,0.806989674344718,0.7293595023330665,0.8011147008605135,0.6937618147448015,0.48226018396846254,0.5689922480620155,0.8759864712514093,0.7430997876857749,"[[2331, 143, 172], [344, 367, 50], [1, 19, 350]]"
0.5670401695585245,0.3,"{0: 1.0, 1: 2.6, 2: 1.0}",ovr,0.06269073486328125,0.806989674344718,0.729592925807866,0.8010921194499091,0.6911487758945386,0.48226018396846254,0.5681114551083591,0.8759864712514093,0.7446808510638298,"[[2331, 145, 170], [344, 367, 50], [1, 19, 350]]"
0.5670401695585245,1.0,"{0: 1.0, 1: 2.6, 2: 1.0}",ovr,0.07911372184753418,0.806989674344718,0.729592925807866,0.8010921194499091,0.6911487758945386,0.48226018396846254,0.5681114551083591,0.8759864712514093,0.7446808510638298,"[[2331, 145, 170], [344, 367, 50], [1, 19, 350]]"
0.5670401695585245,3.0,"{0: 1.0, 1: 2.6, 2: 1.0}",ovr,0.05676579475402832,0.806989674344718,0.729592925807866,0.8010921194499091,0.6911487758945386,0.48226018396846254,0.5681114551083591,0.8759864712514093,0.7446808510638298,"[[2331, 145, 170], [344, 367, 50], [1, 19, 350]]"
0.5670401695585245,10.0,"{0: 1.0, 1: 2.6, 2: 1.0}",ovr,0.05394887924194336,0.806989674344718,0.729592925807866,0.8010921194499091,0.6911487758945386,0.48226018396846254,0.5681114551083591,0.8759864712514093,0.7446808510638298,"[[2331, 145, 170], [344, 367, 50], [1, 19, 350]]"
0.5670401695585245,30.0,"{0: 1.0, 1: 2.6, 2: 1.0}",ovr,0.07020139694213867,0.806989674344718,0.729592925807866,0.8010921194499091,0.6911487758945386,0.48226018396846254,0.5681114551083591,0.8759864712514093,0.7446808510638298,"[[2331, 145, 170], [344, 367, 50], [1, 19, 350]]"
0.567036622931084,0.3,"{0: 1.0, 1: 2.6, 2: 1.2}",ovr,0.06602931022644043,0.8051363516018004,0.7256791010523234,0.7996269945484958,0.7011494252873564,0.480946123521682,0.5705378020265004,0.8750470455400828,0.7314524555903866,"[[2325, 137, 184], [342, 366, 53], [1, 19, 350]]"
0.567036622931084,1.0,"{0: 1.0, 1: 2.6, 2: 1.2}",ovr,0.05710268020629883,0.8051363516018004,0.7256791010523234,0.7996269945484958,0.7011494252873564,0.480946123521682,0.5705378020265004,0.8750470455400828,0.7314524555903866,"[[2325, 137, 184], [342, 366, 53], [1, 19, 350]]"
0.567036622931084,3.0,"{0: 1.0, 1: 2.6, 2: 1.2}",ovr,0.05726051330566406,0.8051363516018004,0.7256791010523234,0.7996269945484958,0.7011494252873564,0.480946123521682,0.5705378020265004,0.8750470455400828,0.7314524555903866,"[[2325, 137, 184], [342, 366, 53], [1, 19, 350]]"
0.567036622931084,10.0,"{0: 1.0, 1: 2.6, 2: 1.2}",ovr,0.05699014663696289,0.8051363516018004,0.7256791010523234,0.7996269945484958,0.7011494252873564,0.480946123521682,0.5705378020265004,0.8750470455400828,0.7314524555903866,"[[2325, 137, 184], [342, 366, 53], [1, 19, 350]]"
0.567036622931084,30.0,"{0: 1.0, 1: 2.6, 2: 1.2}",ovr,0.05553245544433594,0.8051363516018004,0.7256791010523234,0.7996269945484958,0.7011494252873564,0.480946123521682,0.5705378020265004,0.8750470455400828,0.7314524555903866,"[[2325, 137, 184], [342, 366, 53], [1, 19, 350]]"
0.5666810774305202,0.03,"{0: 1.0, 1: 3.0, 2: 1.2}",crammer_singer,0.12151718139648438,0.7490071485305798,0.6899297379317503,0.7571311693007957,0.5303933253873659,0.5847568988173456,0.55625,0.8244150559511699,0.6891241578440809,"[[2026, 382, 238], [243, 445, 73], [0, 12, 358]]"
0.5656576192576465,0.03,"{0: 1.0, 1: 3.0, 2: 1.0}",crammer_singer,0.07984662055969238,0.7490071485305798,0.6921242452953372,0.757103035750082,0.5215869311551925,0.5873850197109067,0.5525339925834364,0.8239364950132302,0.6999022482893451,"[[2024, 398, 224], [243, 447, 71], [0, 12, 358]]"
0.5649588371701156,3.0,"{0: 1.0, 1: 3.0, 2: 1.0}",crammer_singer,1.743685245513916,0.744241461477363,0.6975443646176412,0.7531525831350147,0.4919957310565635,0.6057818659658344,0.5429917550058893,0.8163766632548618,0.733264675592173,"[[1994, 462, 190], [245, 461, 55], [0, 14, 356]]"
0.5642703553303732,10.0,"{0: 1.0, 1: 3.0, 2: 0.7}",crammer_singer,4.713099241256714,0.7423881387344453,0.7018933007645924,0.7517937357655767,0.4779938587512794,0.6136662286465178,0.5373993095512083,0.8129614438063987,0.7553191489361702,"[[1982, 495, 169], [248, 467, 46], [0, 15, 355]]"
0.5637935188636591,0.1,"{0: 1.0, 1: 3.0, 2: 0.7}",crammer_singer,0.22303271293640137,0.7431824199099815,0.6998246442660041,0.7524355936221571,0.48232848232848236,0.6097240473061761,0.538595473012188,0.814829987709955,0.7460484720758693,"[[1989, 482, 175], [247, 464, 50], [0, 16, 354]]"
0.5635301490659342,0.03,"{0: 1.0, 1: 3.0, 2: 0.8}",crammer_singer,0.0913994312286377,0.7476833465713529,0.6947249334031614,0.7559307050678329,0.5056053811659192,0.5926412614980289,0.5456745311554749,0.8219010787706086,0.7165991902834008,"[[2019, 425, 202], [248, 451, 62], [0, 16, 354]]"
0.5631971635526416,0.3,"{0: 1.0, 1: 3.0, 2: 0.8}",crammer_singer,0.4644134044647217,0.742917659518136,0.6994776671883128,0.7521183803557078,0.48279457768508866,0.6084099868593955,0.5383720930232558,0.8145111703217872,0.7455497382198953,"[[1987, 482, 177], [246, 463, 52], [0, 14, 356]]"
0.5631069786788676,1.0,"{0: 1.0, 1: 3.0, 2: 0.8}",crammer_singer,0.8914854526519775,0.7418586179507546,0.6999289636539454,0.7512564751554326,0.4793814432989691,0.6110381077529566,0.537261698440208,0.813051508311102,0.7494736842105263,"[[1981, 491, 174], [246, 465, 50], [0, 14, 356]]"
0.5629880273286431,0.3,"{0: 1.0, 1: 3.0, 2: 0.7}",crammer_singer,0.6754207611083984,0.7418586179507546,0.7013257643895942,0.7513291676464745,0.47648261758691207,0.6123521681997371,0.5359401955146637,0.8127179487179487,0.7553191489361702,"[[1981, 497, 168], [248, 466, 47], [0, 15, 355]]"
0.5629412089715432,3.0,"{0: 1.0, 1: 3.0, 2: 0.8}",crammer_singer,1.7601590156555176,0.7423881387344453,0.699938461592908,0.7517082635850848,0.4803312629399586,0.6097240473061761,0.5373480023161552,0.8137817883511075,0.7486855941114616,"[[1984, 488, 174], [246, 464, 51], [0, 14, 356]]"
0.5625851266946664,30.0,"{0: 1.0, 1: 3.0, 2: 0.8}",crammer_singer,12.375768661499023,0.73868149324861,0.7024801034969533,0.7486760759542158,0.46819085487077533,0.6189224704336399,0.533106960950764,0.8082389289392379,0.7660944206008584,"[[1962, 522, 162], [247, 471, 43], [0, 13, 357]]"
0.5625304132299029,3.0,"{0: 1.0, 1: 3.0, 2: 0.7}",crammer_singer,1.7948100566864014,0.7413290971670639,0.701562861390145,0.7510236920846954,0.473630831643002,0.6136662286465178,0.5346307956496852,0.8123203285420945,0.7577374599786553,"[[1978, 504, 164], [246, 467, 48], [0, 15, 355]]"
0.5622666833799091,10.0,"{0: 1.0, 1: 3.0, 2: 0.8}",crammer_singer,4.75114893913269,0.7400052952078369,0.6988489255569929,0.7498406277811365,0.4750762970498474,0.6136662286465178,0.5355504587155964,0.811522633744856,0.7494736842105263,"[[1972, 502, 172], [242, 467, 52], [0, 14, 356]]"
0.5616304921181527,1.0,"{0: 1.0, 1: 3.0, 2: 0.7}",crammer_singer,0.9211983680725098,0.7410643367752184,0.7010138298503307,0.7507754579235456,0.4730964467005076,0.6123521681997371,0.5337915234822451,0.8123203285420945,0.7569296375266524,"[[1978, 504, 164], [246, 466, 49], [0, 15, 355]]"
0.5614507530648432,0.1,"{0: 1.0, 1: 3.0, 2: 1.2}",crammer_singer,0.26488375663757324,0.7445062218692083,0.6920376258033434,0.7528317252076759,0.5067720090293454,0.5900131406044679,0.5452337583485124,0.8181446669391091,0.7127344521224087,"[[2002, 428, 216], [246, 449, 66], [0, 9, 361]]"
0.5614153589208599,10.0,"{0: 1.0, 1: 3.0, 2: 1.0}",crammer_singer,4.844458818435669,0.7381519724649193,0.6936193594487068,0.7478638330281001,0.48132780082987553,0.6097240473061761,0.5379710144927536,0.8103767757875232,0.7325102880658436,"[[1968, 486, 192], [243, 464, 54], [0, 14, 356]]"
0.56140919216134,0.1,"{0: 1.0, 1: 3.0, 2: 0.8}",crammer_singer,0.23227453231811523,0.7418586179507546,0.6966455934531747,0.7510017546771381,0.48472075869336145,0.6044678055190539,0.5380116959064327,0.8141012502562001,0.7378238341968912,"[[1986, 475, 185], [247, 460, 54], [0, 14, 356]]"
0.5607095272649666,1.0,"{0: 1.0, 1: 3.0, 2: 1.2}",crammer_singer,0.9395170211791992,0.7415938575589092,0.6926780841555432,0.750324997373999,0.4961748633879781,0.5965834428383706,0.5417661097852029,0.8142681426814268,0.722,"[[1986, 452, 208], [246, 454, 61], [0, 9, 361]]"
0.5605582213814945,0.3,"{0: 1.0, 1: 3.0, 2: 1.2}",crammer_singer,0.5175907611846924,0.7431824199099815,0.6925264620159117,0.7516950129578539,0.5005549389567148,0.5926412614980289,0.542719614921781,0.8164518109269491,0.718407960199005,"[[1995, 441, 210], [246, 451, 64], [0, 9, 361]]"
0.5603522299176981,0.1,"{0: 1.0, 1: 3.0, 2: 1.0}",crammer_singer,0.16307568550109863,0.742917659518136,0.6932276080477117,0.7516115836129645,0.49562363238512036,0.59526938239159,0.5408955223880597,0.8162847790507365,0.722502522704339,"[[1995, 449, 202], [247, 453, 61], [0, 12, 358]]"
0.5602017429499438,1.0,"{0: 1.0, 1: 3.0, 2: 1.0}",crammer_singer,0.9141066074371338,0.7413290971670639,0.6953282417539878,0.7504212120115304,0.48568398727465534,0.6018396846254928,0.5375586854460094,0.8138581385813858,0.7345679012345679,"[[1985, 472, 189], [247, 458, 56], [0, 13, 357]]"
0.5596766519458165,3.0,"{0: 1.0, 1: 2.2, 2: 1.0}",ovr,0.05837249755859375,0.8112258406142441,0.7284125717897222,0.802780235826936,0.7473002159827213,0.45466491458607095,0.565359477124183,0.8798363095238095,0.740041928721174,"[[2365, 101, 180], [364, 346, 51], [1, 16, 353]]"
0.5596766519458165,10.0,"{0: 1.0, 1: 2.2, 2: 1.0}",ovr,0.05437922477722168,0.8112258406142441,0.7284125717897222,0.802780235826936,0.7473002159827213,0.45466491458607095,0.565359477124183,0.8798363095238095,0.740041928721174,"[[2365, 101, 180], [364, 346, 51], [1, 16, 353]]"
0.5596766519458165,30.0,"{0: 1.0, 1: 2.2, 2: 1.0}",ovr,0.05476045608520508,0.8112258406142441,0.7284125717897222,0.802780235826936,0.7473002159827213,0.45466491458607095,0.565359477124183,0.8798363095238095,0.740041928721174,"[[2365, 101, 180], [364, 346, 51], [1, 16, 353]]"
0.559196685718116,0.3,"{0: 1.0, 1: 3.0, 2: 1.0}",crammer_singer,0.5783805847167969,0.7405348159915277,0.6936288712038238,0.749718981820942,0.485653560042508,0.6005256241787122,0.5370152761457109,0.81361492720935,0.7302564102564103,"[[1984, 470, 192], [247, 457, 57], [0, 14, 356]]"
0.5591936706219464,1.0,"{0: 1.0, 1: 2.2, 2: 0.7}",ovr,0.059938907623291016,0.8144029653163887,0.73484879526145,0.8051420359769711,0.7274633123689728,0.4559789750328515,0.5605815831987075,0.8814375694701742,0.7625272331154684,"[[2379, 111, 156], [372, 347, 42], [1, 19, 350]]"
0.5591936706219464,3.0,"{0: 1.0, 1: 2.2, 2: 0.7}",ovr,0.05527663230895996,0.8144029653163887,0.73484879526145,0.8051420359769711,0.7274633123689728,0.4559789750328515,0.5605815831987075,0.8814375694701742,0.7625272331154684,"[[2379, 111, 156], [372, 347, 42], [1, 19, 350]]"
0.5591936706219464,10.0,"{0: 1.0, 1: 2.2, 2: 0.7}",ovr,0.05346512794494629,0.8144029653163887,0.73484879526145,0.8051420359769711,0.7274633123689728,0.4559789750328515,0.5605815831987075,0.8814375694701742,0.7625272331154684,"[[2379, 111, 156], [372, 347, 42], [1, 19, 350]]"
0.5591936706219464,30.0,"{0: 1.0, 1: 2.2, 2: 0.7}",ovr,0.1312253475189209,0.8144029653163887,0.73484879526145,0.8051420359769711,0.7274633123689728,0.4559789750328515,0.5605815831987075,0.8814375694701742,0.7625272331154684,"[[2379, 111, 156], [372, 347, 42], [1, 19, 350]]"
0.5587351992653316,0.03,"{0: 1.0, 1: 2.2, 2: 0.7}",ovr,0.058022260665893555,0.8136086841408525,0.7327861913487542,0.804451857351299,0.7330508474576272,0.45466491458607095,0.5612327656123277,0.8811862835959221,0.755939524838013,"[[2377, 107, 162], [371, 346, 44], [1, 19, 350]]"
0.5585730949451503,1.0,"{0: 1.0, 1: 2.2, 2: 1.0}",ovr,0.05976390838623047,0.8109610802223988,0.7277632506833043,0.8024679750121798,0.7467532467532467,0.4533508541392904,0.5641864268192968,0.8798363095238095,0.7392670157068063,"[[2365, 101, 180], [364, 345, 52], [1, 16, 353]]"
0.5581366956746818,0.3,"{0: 1.0, 1: 2.2, 2: 0.7}",ovr,0.06244015693664551,0.8141382049245433,0.7344064966059985,0.8047932110303361,0.726890756302521,0.45466491458607095,0.5594179466451091,0.8812743100574181,0.7625272331154684,"[[2379, 111, 156], [373, 346, 42], [1, 19, 350]]"
0.5581207197456329,1.0,"{0: 1.0, 1: 2.2, 2: 0.8}",ovr,0.060045480728149414,0.8122848821816256,0.7306586161236549,0.8033980595567414,0.7330508474576272,0.45466491458607095,0.5612327656123277,0.8804751299183371,0.7502679528403001,"[[2372, 107, 167], [369, 346, 46], [1, 19, 350]]"
0.5581207197456329,3.0,"{0: 1.0, 1: 2.2, 2: 0.8}",ovr,0.05435633659362793,0.8122848821816256,0.7306586161236549,0.8033980595567414,0.7330508474576272,0.45466491458607095,0.5612327656123277,0.8804751299183371,0.7502679528403001,"[[2372, 107, 167], [369, 346, 46], [1, 19, 350]]"
0.5581207197456329,10.0,"{0: 1.0, 1: 2.2, 2: 0.8}",ovr,0.055823564529418945,0.8122848821816256,0.7306586161236549,0.8033980595567414,0.7330508474576272,0.45466491458607095,0.5612327656123277,0.8804751299183371,0.7502679528403001,"[[2372, 107, 167], [369, 346, 46], [1, 19, 350]]"
0.5581207197456329,30.0,"{0: 1.0, 1: 2.2, 2: 0.8}",ovr,0.05576682090759277,0.8122848821816256,0.7306586161236549,0.8033980595567414,0.7330508474576272,0.45466491458607095,0.5612327656123277,0.8804751299183371,0.7502679528403001,"[[2372, 107, 167], [369, 346, 46], [1, 19, 350]]"
0.5581073846924631,3.0,"{0: 1.0, 1: 3.0, 2: 1.2}",crammer_singer,1.7897045612335205,0.7405348159915277,0.6918505919983869,0.7493284889412546,0.49291166848418755,0.5939553219448095,0.5387365911799762,0.8135384615384615,0.7232767232767233,"[[1983, 457, 206], [246, 452, 63], [0, 8, 362]]"
0.5580297705118482,0.1,"{0: 1.0, 1: 2.2, 2: 0.7}",ovr,0.0545201301574707,0.8138734445326979,0.7340608352665097,0.8045667400346932,0.726890756302521,0.45466491458607095,0.5594179466451091,0.8810670618747685,0.7616974972796517,"[[2378, 111, 157], [373, 346, 42], [1, 19, 350]]"
0.5575091062430662,0.3,"{0: 1.0, 1: 2.2, 2: 1.0}",ovr,0.1151118278503418,0.8106963198305533,0.7273170507561108,0.8021166072037691,0.7462039045553145,0.4520367936925099,0.563011456628478,0.8796726799330482,0.7392670157068063,"[[2365, 101, 180], [365, 344, 52], [1, 16, 353]]"
0.5573027315452287,0.1,"{0: 1.0, 1: 2.2, 2: 1.0}",ovr,0.053392648696899414,0.8101667990468626,0.7266631062162806,0.8016732221339546,0.7462039045553145,0.4520367936925099,0.563011456628478,0.8792558139534884,0.7377220480668757,"[[2363, 101, 182], [365, 344, 52], [1, 16, 353]]"
0.5572841702225205,0.03,"{0: 1.0, 1: 2.2, 2: 0.8}",ovr,0.05464625358581543,0.8117553613979349,0.7290145871458803,0.8029600616429173,0.7356076759061834,0.4533508541392904,0.5609756097560976,0.880594243268338,0.7454739084132055,"[[2371, 105, 170], [367, 345, 49], [1, 19, 350]]"
0.5570611502117941,0.3,"{0: 1.0, 1: 2.2, 2: 0.8}",ovr,0.05455636978149414,0.8120201217897802,0.7302148780182663,0.8030483024747347,0.732484076433121,0.4533508541392904,0.560064935064935,0.880311746149564,0.7502679528403001,"[[2372, 107, 167], [370, 345, 46], [1, 19, 350]]"
0.5568508609986672,0.1,"{0: 1.0, 1: 2.2, 2: 0.8}",ovr,0.05728340148925781,0.8114906010060895,0.7295413609019894,0.8025998678822486,0.732484076433121,0.4533508541392904,0.560064935064935,0.8798960460367552,0.7486631016042781,"[[2370, 107, 169], [370, 345, 46], [1, 19, 350]]"
0.5563656295999599,10.0,"{0: 1.0, 1: 3.0, 2: 1.2}",crammer_singer,5.1604321002960205,0.7370929308975377,0.6879123622503949,0.7464728100351864,0.4897297297297297,0.59526938239159,0.5373665480427047,0.8109555189456342,0.7154150197628458,"[[1969, 464, 213], [241, 453, 67], [0, 8, 362]]"
0.5556810142356535,0.03,"{0: 1.0, 1: 2.2, 2: 1.0}",ovr,0.05742335319519043,0.8088429970876357,0.7236241054630281,0.8004757734487096,0.7516483516483516,0.44940867279894875,0.5625,0.8788386376326075,0.7295336787564767,"[[2361, 96, 189], [365, 342, 54], [1, 17, 352]]"
0.5556776576483068,1.0,"{0: 1.0, 1: 2.2, 2: 1.2}",ovr,0.0582277774810791,0.8077839555202542,0.7219766336507917,0.7996979837131888,0.7611607142857143,0.4480946123521682,0.5641025641025641,0.8780760626398211,0.7237512742099899,"[[2355, 93, 198], [362, 341, 58], [1, 14, 355]]"
0.5556776576483068,3.0,"{0: 1.0, 1: 2.2, 2: 1.2}",ovr,0.056974172592163086,0.8077839555202542,0.7219766336507917,0.7996979837131888,0.7611607142857143,0.4480946123521682,0.5641025641025641,0.8780760626398211,0.7237512742099899,"[[2355, 93, 198], [362, 341, 58], [1, 14, 355]]"
0.5556776576483068,10.0,"{0: 1.0, 1: 2.2, 2: 1.2}",ovr,0.05558633804321289,0.8077839555202542,0.7219766336507917,0.7996979837131888,0.7611607142857143,0.4480946123521682,0.5641025641025641,0.8780760626398211,0.7237512742099899,"[[2355, 93, 198], [362, 341, 58], [1, 14, 355]]"
0.5556776576483068,30.0,"{0: 1.0, 1: 2.2, 2: 1.2}",ovr,0.054146766662597656,0.8077839555202542,0.7219766336507917,0.7996979837131888,0.7611607142857143,0.4480946123521682,0.5641025641025641,0.8780760626398211,0.7237512742099899,"[[2355, 93, 198], [362, 341, 58], [1, 14, 355]]"
0.5546052263332344,0.3,"{0: 1.0, 1: 2.2, 2: 1.2}",ovr,0.06959152221679688,0.8075191951284088,0.7215258588828442,0.7993438317390236,0.7606263982102909,0.4467805519053876,0.5629139072847682,0.8779123951537745,0.7237512742099899,"[[2355, 93, 198], [363, 340, 58], [1, 14, 355]]"
0.5544035744867399,0.1,"{0: 1.0, 1: 2.2, 2: 1.2}",ovr,0.05332589149475098,0.806989674344718,0.7208955285997295,0.7989064288696528,0.7606263982102909,0.4467805519053876,0.5629139072847682,0.8774939399589782,0.7222787385554426,"[[2353, 93, 200], [363, 340, 58], [1, 14, 355]]"
0.5532542603390141,0.03,"{0: 1.0, 1: 2.2, 2: 1.2}",ovr,0.057060956954956055,0.8061953931691819,0.7191628069045337,0.7982670709885644,0.7617977528089888,0.4454664914586071,0.5621890547263682,0.8774025004665049,0.717896865520728,"[[2351, 92, 203], [361, 339, 61], [1, 14, 355]]"
0.5530794142449358,30.0,"{0: 1.0, 1: 3.5, 2: 0.8}",crammer_singer,17.334676027297974,0.7116759332803813,0.6905443539195958,0.726371134907837,0.4229787234042553,0.6530880420499343,0.5134297520661157,0.7804255319148936,0.7777777777777778,"[[1834, 665, 147], [220, 497, 44], [0, 13, 357]]"
0.5518849060325729,0.03,"{0: 1.0, 1: 3.5, 2: 0.8}",crammer_singer,0.21645379066467285,0.7119406936722267,0.679450962161266,0.726081938345355,0.43544078361531613,0.6425755584756899,0.5191082802547771,0.7843803056027164,0.7348643006263048,"[[1848, 616, 182], [218, 489, 54], [0, 18, 352]]"
0.551870833998153,30.0,"{0: 1.0, 1: 3.5, 2: 1.0}",crammer_singer,18.499140977859497,0.7153825787662166,0.6890150117690917,0.7291223012898425,0.43109540636042404,0.6412614980289093,0.5155837295298468,0.78536688517657,0.7660944206008584,"[[1857, 631, 158], [226, 488, 47], [0, 13, 357]]"
0.5516993871339612,0.03,"{0: 1.0, 1: 3.5, 2: 0.7}",crammer_singer,0.10342288017272949,0.7111464124966905,0.6816157931219289,0.7256736790914105,0.43006993006993005,0.6465177398160316,0.5165354330708661,0.7830890163586148,0.7452229299363057,"[[1843, 633, 170], [218, 492, 51], [0, 19, 351]]"
0.5513500146296171,10.0,"{0: 1.0, 1: 3.5, 2: 0.7}",crammer_singer,6.233445882797241,0.7087635689700821,0.6882077128212819,0.7238392128119958,0.41954507160909854,0.6544021024967148,0.5112936344969199,0.7777303754266212,0.775599128540305,"[[1823, 675, 148], [219, 498, 44], [0, 14, 356]]"
0.5504867951047817,1.0,"{0: 1.0, 1: 3.5, 2: 0.7}",crammer_singer,1.0161290168762207,0.7063807254434736,0.6854524553095099,0.7216560850494134,0.41827326068734283,0.6557161629434954,0.510747185261003,0.7755451047456178,0.7700650759219089,"[[1814, 679, 153], [218, 499, 44], [0, 15, 355]]"
0.5502156720784316,0.3,"{0: 1.0, 1: 3.5, 2: 0.7}",crammer_singer,0.6681971549987793,0.706645485835319,0.6853008616392509,0.7218292319097546,0.4188393608074012,0.6544021024967148,0.5107692307692308,0.7759025849177527,0.7692307692307693,"[[1816, 676, 154], [219, 498, 44], [0, 15, 355]]"
0.5500836636570587,1.0,"{0: 1.0, 1: 3.5, 2: 0.8}",crammer_singer,1.0306572914123535,0.7055864442679375,0.6834213655042157,0.7206694480168153,0.41989881956155145,0.6544021024967148,0.5115562403697997,0.7747593582887701,0.7639484978540773,"[[1811, 674, 161], [218, 498, 45], [0, 14, 356]]"
0.5495757076145238,0.1,"{0: 1.0, 1: 3.5, 2: 0.8}",crammer_singer,0.20701909065246582,0.7069102462271644,0.6809133323670342,0.7216833117715337,0.42439862542955326,0.6491458607095927,0.5132467532467533,0.7773745997865529,0.7521186440677966,"[[1821, 655, 170], [218, 494, 49], [0, 15, 355]]"
0.5495049348999135,0.1,"{0: 1.0, 1: 3.5, 2: 1.0}",crammer_singer,0.1762256622314453,0.7087635689700821,0.6797391498652946,0.723114534973585,0.4294478527607362,0.6438896189224704,0.5152471083070452,0.7799787007454739,0.7439916405433646,"[[1831, 637, 178], [218, 490, 53], [0, 14, 356]]"
0.5492552281212332,0.1,"{0: 1.0, 1: 3.5, 2: 0.7}",crammer_singer,0.20080971717834473,0.7063807254434736,0.6834728289708542,0.7214541417507132,0.41998306519898393,0.6517739816031537,0.5108135942327497,0.7761640324647586,0.7634408602150538,"[[1817, 670, 159], [219, 496, 46], [0, 15, 355]]"
0.5492160178387646,0.3,"{0: 1.0, 1: 3.5, 2: 1.0}",crammer_singer,0.561882734298706,0.7077045274027005,0.6801003420277278,0.7220928116044766,0.42770034843205573,0.6452036793692509,0.5144054478784704,0.7782515991471215,0.7476439790575916,"[[1825, 644, 177], [219, 491, 51], [0, 13, 357]]"
0.5489727543576387,0.3,"{0: 1.0, 1: 3.5, 2: 0.8}",crammer_singer,0.6013774871826172,0.7061159650516283,0.682379384326098,0.7210321900166683,0.42127659574468085,0.6504599211563732,0.5113636363636364,0.7759025849177527,0.759871931696905,"[[1816, 666, 164], [219, 495, 47], [0, 14, 356]]"
0.5486948754570916,10.0,"{0: 1.0, 1: 3.5, 2: 1.0}",crammer_singer,6.6524574756622314,0.7071750066190098,0.6809244976548857,0.7217941583535661,0.42487046632124353,0.6465177398160316,0.5127670661803022,0.7776355100298762,0.7523709167544784,"[[1822, 653, 171], [218, 492, 51], [0, 13, 357]]"
0.5482989190115037,10.0,"{0: 1.0, 1: 3.5, 2: 0.8}",crammer_singer,6.290266513824463,0.7005559968228753,0.6805592710454951,0.7163117802370129,0.41384995877988456,0.6596583442838371,0.5086119554204661,0.7694294940796556,0.7636363636363637,"[[1787, 698, 161], [212, 502, 47], [0, 13, 357]]"
0.5478811597349613,1.0,"{0: 1.0, 1: 3.5, 2: 1.0}",crammer_singer,1.0546104907989502,0.706645485835319,0.6800853626433817,0.721237737777422,0.42474048442906576,0.6452036793692509,0.5122587376108503,0.7772087067861716,0.750788643533123,"[[1821, 652, 173], [219, 491, 51], [0, 13, 357]]"
0.5478128263184616,3.0,"{0: 1.0, 1: 3.5, 2: 0.7}",crammer_singer,2.2013907432556152,0.7047921630924013,0.6826165989117347,0.7203991481258569,0.41589958158995816,0.6530880420499343,0.5081799591002045,0.7752833012614924,0.7643865363735071,"[[1813, 680, 153], [218, 497, 46], [0, 18, 352]]"
0.5476518254730367,10.0,"{0: 1.0, 1: 3.5, 2: 1.2}",crammer_singer,8.713562488555908,0.7079692877945459,0.6754109566336096,0.7220166237499115,0.4341987466427932,0.6373193166885677,0.516506922257721,0.7800511508951407,0.7296747967479674,"[[1830, 621, 195], [216, 485, 60], [0, 11, 359]]"
0.5473417218478971,0.03,"{0: 1.0, 1: 3.5, 2: 1.0}",crammer_singer,0.0799553394317627,0.710087370929309,0.6731917600029679,0.7241218551343908,0.43886861313868614,0.6320630749014454,0.5180398492191707,0.7843637136180157,0.7171717171717171,"[[1846, 600, 200], [215, 481, 65], [0, 15, 355]]"
0.5469431776494904,3.0,"{0: 1.0, 1: 3.5, 2: 1.0}",crammer_singer,2.249351978302002,0.706645485835319,0.6773216519624508,0.7210886113144261,0.42769500438212094,0.6412614980289093,0.5131440588853838,0.7781569965870307,0.7406639004149378,"[[1824, 640, 182], [218, 488, 55], [0, 13, 357]]"
0.5468875669838742,1.0,"{0: 1.0, 1: 3.5, 2: 1.2}",crammer_singer,1.1168742179870605,0.7058512046597829,0.676314039520522,0.7202196489347201,0.42844600526777876,0.6412614980289093,0.5136842105263157,0.7771135781383433,0.7381443298969073,"[[1820, 639, 187], [218, 488, 55], [0, 12, 358]]"
0.5464754820079435,3.0,"{0: 1.0, 1: 3.5, 2: 1.2}",crammer_singer,2.3628034591674805,0.7053216838760922,0.6763059250774672,0.7196890730524018,0.42769500438212094,0.6412614980289093,0.5131440588853838,0.7763298440504166,0.7394438722966015,"[[1817, 642, 187], [218, 488, 55], [0, 11, 359]]"
0.5458609547150366,3.0,"{0: 1.0, 1: 3.5, 2: 0.8}",crammer_singer,2.1359238624572754,0.7053216838760922,0.6817132830671522,0.7204613034860519,0.4180118946474087,0.6465177398160316,0.5077399380804953,0.7759025849177527,0.7614973262032085,"[[1816, 671, 159], [219, 492, 50], [0, 14, 356]]"
0.5458117955643516,0.1,"{0: 1.0, 1: 3.5, 2: 1.2}",crammer_singer,0.22924280166625977,0.7077045274027005,0.6738437795645686,0.7219901113771764,0.4327956989247312,0.6346911957950065,0.5146510388918487,0.7810902896081772,0.72579001019368,"[[1834, 619, 193], [216, 483, 62], [0, 14, 356]]"
0.5455615432288907,0.3,"{0: 1.0, 1: 3.5, 2: 1.2}",crammer_singer,0.6005275249481201,0.706645485835319,0.675291178377219,0.7210433776077166,0.42920353982300885,0.6373193166885677,0.5129561078794289,0.7791044776119403,0.7338129496402878,"[[1827, 632, 187], [217, 485, 59], [0, 13, 357]]"
0.5448419679510852,0.03,"{0: 1.0, 1: 3.5, 2: 1.2}",crammer_singer,0.24157094955444336,0.7092930897537728,0.6689319468438724,0.7231797441700931,0.44351073762838467,0.6241787122207622,0.5185589519650655,0.7847886127044826,0.7034482758620689,"[[1847, 583, 216], [214, 475, 72], [0, 13, 357]]"
0.5421980509812634,0.1,"{0: 1.0, 1: 1.8, 2: 0.7}",ovr,0.05599212646484375,0.8138734445326979,0.7277187282210008,0.8018687456512344,0.7684964200477327,0.4231274638633377,0.5457627118644067,0.8820286659316428,0.7553648068669528,"[[2400, 80, 166], [395, 322, 44], [1, 17, 352]]"
0.5420728595100262,0.3,"{0: 1.0, 1: 1.8, 2: 0.7}",ovr,0.053797006607055664,0.8141382049245433,0.728174634042657,0.8020786605441869,0.7666666666666667,0.4231274638633377,0.5453005927180355,0.8822340620981076,0.7569892473118279,"[[2401, 81, 164], [395, 322, 44], [1, 17, 352]]"
0.5418426910989144,1.0,"{0: 1.0, 1: 1.8, 2: 0.7}",ovr,0.05232572555541992,0.8141382049245433,0.7282924693390226,0.8020655322218101,0.7648456057007126,0.4231274638633377,0.544839255499154,0.8822340620981076,0.7578040904198062,"[[2401, 82, 163], [395, 322, 44], [1, 17, 352]]"
0.5418426910989144,3.0,"{0: 1.0, 1: 1.8, 2: 0.7}",ovr,0.11971879005432129,0.8141382049245433,0.7282924693390226,0.8020655322218101,0.7648456057007126,0.4231274638633377,0.544839255499154,0.8822340620981076,0.7578040904198062,"[[2401, 82, 163], [395, 322, 44], [1, 17, 352]]"
0.5418426910989144,10.0,"{0: 1.0, 1: 1.8, 2: 0.7}",ovr,0.057836055755615234,0.8141382049245433,0.7282924693390226,0.8020655322218101,0.7648456057007126,0.4231274638633377,0.544839255499154,0.8822340620981076,0.7578040904198062,"[[2401, 82, 163], [395, 322, 44], [1, 17, 352]]"
0.5418426910989144,30.0,"{0: 1.0, 1: 1.8, 2: 0.7}",ovr,0.05621957778930664,0.8141382049245433,0.7282924693390226,0.8020655322218101,0.7648456057007126,0.4231274638633377,0.544839255499154,0.8822340620981076,0.7578040904198062,"[[2401, 82, 163], [395, 322, 44], [1, 17, 352]]"
0.5400783088687661,0.03,"{0: 1.0, 1: 1.8, 2: 0.7}",ovr,0.050230979919433594,0.8128144029653164,0.7250319158961597,0.8008669009381532,0.7710843373493976,0.4204993429697766,0.54421768707483,0.8819418904008827,0.7489361702127659,"[[2398, 78, 170], [393, 320, 48], [1, 17, 352]]"
0.5400645576999152,10.0,"{0: 1.0, 1: 1.8, 2: 0.8}",ovr,0.05394887924194336,0.8122848821816256,0.724387583392229,0.8003912831254011,0.7799511002444988,0.4191852825229961,0.5452991452991452,0.8812810601877415,0.7465825446898002,"[[2394, 76, 176], [392, 319, 50], [1, 14, 355]]"
0.5400645576999152,30.0,"{0: 1.0, 1: 1.8, 2: 0.8}",ovr,0.054414987564086914,0.8122848821816256,0.724387583392229,0.8003912831254011,0.7799511002444988,0.4191852825229961,0.5452991452991452,0.8812810601877415,0.7465825446898002,"[[2394, 76, 176], [392, 319, 50], [1, 14, 355]]"
0.5399891583168628,0.1,"{0: 1.0, 1: 1.8, 2: 0.8}",ovr,0.054425716400146484,0.8114906010060895,0.7232946974804961,0.7997459408600581,0.7818627450980392,0.4191852825229961,0.5457656116338752,0.8806629834254144,0.743455497382199,"[[2391, 75, 180], [392, 319, 50], [1, 14, 355]]"
0.5399607531320957,0.3,"{0: 1.0, 1: 1.8, 2: 0.8}",ovr,0.050835609436035156,0.8120201217897802,0.72405752502781,0.8001701800349355,0.7799511002444988,0.4191852825229961,0.5452991452991452,0.8810751104565537,0.7457983193277311,"[[2393, 76, 177], [392, 319, 50], [1, 14, 355]]"
0.5399607531320957,1.0,"{0: 1.0, 1: 1.8, 2: 0.8}",ovr,0.053603410720825195,0.8120201217897802,0.72405752502781,0.8001701800349355,0.7799511002444988,0.4191852825229961,0.5452991452991452,0.8810751104565537,0.7457983193277311,"[[2393, 76, 177], [392, 319, 50], [1, 14, 355]]"
0.5399607531320957,3.0,"{0: 1.0, 1: 1.8, 2: 0.8}",ovr,0.08348584175109863,0.8120201217897802,0.72405752502781,0.8001701800349355,0.7799511002444988,0.4191852825229961,0.5452991452991452,0.8810751104565537,0.7457983193277311,"[[2393, 76, 177], [392, 319, 50], [1, 14, 355]]"
0.5388142930752765,0.3,"{0: 1.0, 1: 1.8, 2: 1.0}",ovr,0.05400204658508301,0.8099020386550172,0.7198664643261132,0.7985359980539466,0.7944862155388471,0.41655716162943496,0.5465517241379311,0.8801919881853424,0.7328556806550666,"[[2384, 71, 191], [386, 317, 58], [1, 11, 358]]"
0.5388142930752765,1.0,"{0: 1.0, 1: 1.8, 2: 1.0}",ovr,0.052472591400146484,0.8099020386550172,0.7198664643261132,0.7985359980539466,0.7944862155388471,0.41655716162943496,0.5465517241379311,0.8801919881853424,0.7328556806550666,"[[2384, 71, 191], [386, 317, 58], [1, 11, 358]]"
0.5388142930752765,3.0,"{0: 1.0, 1: 1.8, 2: 1.0}",ovr,0.05503582954406738,0.8099020386550172,0.7198664643261132,0.7985359980539466,0.7944862155388471,0.41655716162943496,0.5465517241379311,0.8801919881853424,0.7328556806550666,"[[2384, 71, 191], [386, 317, 58], [1, 11, 358]]"
0.5388142930752765,10.0,"{0: 1.0, 1: 1.8, 2: 1.0}",ovr,0.05376434326171875,0.8099020386550172,0.7198664643261132,0.7985359980539466,0.7944862155388471,0.41655716162943496,0.5465517241379311,0.8801919881853424,0.7328556806550666,"[[2384, 71, 191], [386, 317, 58], [1, 11, 358]]"
0.5388142930752765,30.0,"{0: 1.0, 1: 1.8, 2: 1.0}",ovr,0.054099321365356445,0.8099020386550172,0.7198664643261132,0.7985359980539466,0.7944862155388471,0.41655716162943496,0.5465517241379311,0.8801919881853424,0.7328556806550666,"[[2384, 71, 191], [386, 317, 58], [1, 11, 358]]"
0.538611324193587,0.1,"{0: 1.0, 1: 1.8, 2: 1.0}",ovr,0.054605960845947266,0.8093725178713265,0.7192295488670233,0.7980995887341873,0.7944862155388471,0.41655716162943496,0.5465517241379311,0.8797783933518005,0.7313585291113381,"[[2382, 71, 193], [386, 317, 58], [1, 11, 358]]"
0.5381718176320812,0.03,"{0: 1.0, 1: 1.8, 2: 1.0}",ovr,0.054787635803222656,0.8083134763039449,0.7175989094835308,0.7972461794152359,0.7944862155388471,0.41655716162943496,0.5465517241379311,0.8791574279379157,0.7270875763747454,"[[2379, 70, 197], [386, 317, 58], [1, 12, 357]]"
0.5379588665566576,0.03,"{0: 1.0, 1: 1.8, 2: 0.8}",ovr,0.05356335639953613,0.8101667990468626,0.7198686191496639,0.7987046074132627,0.7794117647058824,0.4178712220762155,0.544054747647562,0.8808997050147492,0.7346514047866806,"[[2389, 74, 183], [388, 318, 55], [1, 16, 353]]"
0.5371272233383931,0.3,"{0: 1.0, 1: 1.8, 2: 1.2}",ovr,0.057656288146972656,0.8067249139528726,0.7144102945007322,0.7959629755265573,0.8076923076923077,0.41392904073587383,0.5473501303214596,0.8784458834412581,0.717434869739479,"[[2374, 64, 208], [384, 315, 62], [1, 11, 358]]"
0.5369283022479414,0.1,"{0: 1.0, 1: 1.8, 2: 1.2}",ovr,0.05529165267944336,0.8061953931691819,0.7137936179978311,0.7955315710910332,0.8076923076923077,0.41392904073587383,0.5473501303214596,0.878030723672034,0.716,"[[2372, 64, 210], [384, 315, 62], [1, 11, 358]]"
0.5368821992168724,1.0,"{0: 1.0, 1: 1.8, 2: 1.2}",ovr,0.06194591522216797,0.8067249139528726,0.7144917822771428,0.7959377373682636,0.8056265984654731,0.41392904073587383,0.546875,0.8784458834412581,0.7181544633901705,"[[2374, 65, 207], [384, 315, 62], [1, 11, 358]]"
0.5368821992168724,3.0,"{0: 1.0, 1: 1.8, 2: 1.2}",ovr,0.05336117744445801,0.8067249139528726,0.7144917822771428,0.7959377373682636,0.8056265984654731,0.41392904073587383,0.546875,0.8784458834412581,0.7181544633901705,"[[2374, 65, 207], [384, 315, 62], [1, 11, 358]]"
0.5368821992168724,10.0,"{0: 1.0, 1: 1.8, 2: 1.2}",ovr,0.05463886260986328,0.8067249139528726,0.7144917822771428,0.7959377373682636,0.8056265984654731,0.41392904073587383,0.546875,0.8784458834412581,0.7181544633901705,"[[2374, 65, 207], [384, 315, 62], [1, 11, 358]]"
0.5368821992168724,30.0,"{0: 1.0, 1: 1.8, 2: 1.2}",ovr,0.05356240272521973,0.8067249139528726,0.7144917822771428,0.7959377373682636,0.8056265984654731,0.41392904073587383,0.546875,0.8784458834412581,0.7181544633901705,"[[2374, 65, 207], [384, 315, 62], [1, 11, 358]]"
0.535803621414475,30.0,"{0: 1.0, 1: 3.0, 2: 1.2}",crammer_singer,13.753443479537964,0.7026740799576383,0.668595952718349,0.7168453392145056,0.4271493212669683,0.6202365308804205,0.5058949624866024,0.7766161723917218,0.7232767232767233,"[[1820, 625, 201], [221, 472, 68], [0, 8, 362]]"
0.5340496563619364,0.03,"{0: 1.0, 1: 1.8, 2: 1.2}",ovr,0.05066847801208496,0.8043420704262643,0.7105838644804591,0.7938961485119554,0.8067010309278351,0.41130091984231276,0.5448215839860748,0.8773165307635286,0.709613478691774,"[[2367, 64, 215], [382, 313, 66], [1, 11, 358]]"
0.5234892129477322,0.3,"{0: 1.0, 1: 1.5, 2: 0.7}",ovr,0.05597329139709473,0.8136086841408525,0.7219745445244259,0.7984692645735504,0.8136986301369863,0.3902759526938239,0.5275310834813499,0.8823207443897099,0.7560718057022175,"[[2418, 57, 171], [416, 297, 48], [1, 11, 358]]"
0.5232538429362966,1.0,"{0: 1.0, 1: 1.5, 2: 0.7}",ovr,0.0625298023223877,0.8136086841408525,0.7220849264810673,0.7984532473598159,0.8114754098360656,0.3902759526938239,0.5270629991126885,0.8823207443897099,0.7568710359408034,"[[2418, 58, 170], [416, 297, 48], [1, 11, 358]]"
0.5232538429362966,3.0,"{0: 1.0, 1: 1.5, 2: 0.7}",ovr,0.05336928367614746,0.8136086841408525,0.7220849264810673,0.7984532473598159,0.8114754098360656,0.3902759526938239,0.5270629991126885,0.8823207443897099,0.7568710359408034,"[[2418, 58, 170], [416, 297, 48], [1, 11, 358]]"
0.5232538429362966,10.0,"{0: 1.0, 1: 1.5, 2: 0.7}",ovr,0.05316948890686035,0.8136086841408525,0.7220849264810673,0.7984532473598159,0.8114754098360656,0.3902759526938239,0.5270629991126885,0.8823207443897099,0.7568710359408034,"[[2418, 58, 170], [416, 297, 48], [1, 11, 358]]"
0.5232538429362966,30.0,"{0: 1.0, 1: 1.5, 2: 0.7}",ovr,0.05543041229248047,0.8136086841408525,0.7220849264810673,0.7984532473598159,0.8114754098360656,0.3902759526938239,0.5270629991126885,0.8823207443897099,0.7568710359408034,"[[2418, 58, 170], [416, 297, 48], [1, 11, 358]]"
0.5229660876779619,0.1,"{0: 1.0, 1: 1.5, 2: 0.7}",ovr,0.0541684627532959,0.8130791633571618,0.7208351146640725,0.798060062279698,0.8114754098360656,0.3902759526938239,0.5270629991126885,0.8822777879175032,0.7531645569620253,"[[2417, 57, 172], [415, 297, 49], [1, 12, 357]]"
0.5228062214015757,0.03,"{0: 1.0, 1: 1.5, 2: 0.7}",ovr,0.05720829963684082,0.8122848821816256,0.7193154446923588,0.7974870330838761,0.8136986301369863,0.3902759526938239,0.5275310834813499,0.8819875776397516,0.7484276729559748,"[[2414, 56, 176], [413, 297, 51], [1, 12, 357]]"
0.520873452444211,0.03,"{0: 1.0, 1: 1.5, 2: 0.8}",ovr,0.054032087326049805,0.8096372782631718,0.7140956747323504,0.7953496159848471,0.8263305322128851,0.3876478318002628,0.5277280858676208,0.8809523809523809,0.7336065573770492,"[[2405, 51, 190], [408, 295, 58], [1, 11, 358]]"
0.520350471497537,10.0,"{0: 1.0, 1: 1.5, 2: 0.8}",ovr,0.053662776947021484,0.8109610802223988,0.7169974446698252,0.7961874001748731,0.8149171270718232,0.3876478318002628,0.5253784505788067,0.8813311391479247,0.7442827442827443,"[[2410, 56, 180], [412, 295, 54], [1, 11, 358]]"
0.520350471497537,30.0,"{0: 1.0, 1: 1.5, 2: 0.8}",ovr,0.05337262153625488,0.8109610802223988,0.7169974446698252,0.7961874001748731,0.8149171270718232,0.3876478318002628,0.5253784505788067,0.8813311391479247,0.7442827442827443,"[[2410, 56, 180], [412, 295, 54], [1, 11, 358]]"
0.5202794550751965,0.1,"{0: 1.0, 1: 1.5, 2: 0.8}",ovr,0.055037736892700195,0.8101667990468626,0.7159215637013285,0.7955497097979678,0.817174515235457,0.3876478318002628,0.5258467023172906,0.880717160629345,0.7412008281573499,"[[2407, 55, 184], [412, 295, 54], [1, 11, 358]]"
0.5202475143408296,0.3,"{0: 1.0, 1: 1.5, 2: 0.8}",ovr,0.0570521354675293,0.8106963198305533,0.7166716233609671,0.7959683648786047,0.8149171270718232,0.3876478318002628,0.5253784505788067,0.8811265544989028,0.7435098650051921,"[[2409, 56, 181], [412, 295, 54], [1, 11, 358]]"
0.5202475143408296,1.0,"{0: 1.0, 1: 1.5, 2: 0.8}",ovr,0.05982232093811035,0.8106963198305533,0.7166716233609671,0.7959683648786047,0.8149171270718232,0.3876478318002628,0.5253784505788067,0.8811265544989028,0.7435098650051921,"[[2409, 56, 181], [412, 295, 54], [1, 11, 358]]"
0.5202475143408296,3.0,"{0: 1.0, 1: 1.5, 2: 0.8}",ovr,0.05809164047241211,0.8106963198305533,0.7166716233609671,0.7959683648786047,0.8149171270718232,0.3876478318002628,0.5253784505788067,0.8811265544989028,0.7435098650051921,"[[2409, 56, 181], [412, 295, 54], [1, 11, 358]]"
0.5157935250241381,0.3,"{0: 1.0, 1: 1.5, 2: 1.0}",ovr,0.05373573303222656,0.8072544347365634,0.7096469720143389,0.7929961744018694,0.8267045454545454,0.3823915900131406,0.522911051212938,0.8800440205429201,0.7259858442871587,"[[2399, 51, 196], [406, 291, 64], [1, 10, 359]]"
0.5157935250241381,1.0,"{0: 1.0, 1: 1.5, 2: 1.0}",ovr,0.06666374206542969,0.8072544347365634,0.7096469720143389,0.7929961744018694,0.8267045454545454,0.3823915900131406,0.522911051212938,0.8800440205429201,0.7259858442871587,"[[2399, 51, 196], [406, 291, 64], [1, 10, 359]]"
0.5157935250241381,3.0,"{0: 1.0, 1: 1.5, 2: 1.0}",ovr,0.06844568252563477,0.8072544347365634,0.7096469720143389,0.7929961744018694,0.8267045454545454,0.3823915900131406,0.522911051212938,0.8800440205429201,0.7259858442871587,"[[2399, 51, 196], [406, 291, 64], [1, 10, 359]]"
0.5157935250241381,10.0,"{0: 1.0, 1: 1.5, 2: 1.0}",ovr,0.05314469337463379,0.8072544347365634,0.7096469720143389,0.7929961744018694,0.8267045454545454,0.3823915900131406,0.522911051212938,0.8800440205429201,0.7259858442871587,"[[2399, 51, 196], [406, 291, 64], [1, 10, 359]]"
0.5157935250241381,30.0,"{0: 1.0, 1: 1.5, 2: 1.0}",ovr,0.05530977249145508,0.8072544347365634,0.7096469720143389,0.7929961744018694,0.8267045454545454,0.3823915900131406,0.522911051212938,0.8800440205429201,0.7259858442871587,"[[2399, 51, 196], [406, 291, 64], [1, 10, 359]]"
0.5155928624921624,0.1,"{0: 1.0, 1: 1.5, 2: 1.0}",ovr,0.05441546440124512,0.8067249139528726,0.709021588303818,0.7925647219178446,0.8267045454545454,0.3823915900131406,0.522911051212938,0.8796330275229358,0.7245206861755802,"[[2397, 51, 198], [406, 291, 64], [1, 10, 359]]"
0.5152925679687125,0.03,"{0: 1.0, 1: 1.5, 2: 1.0}",ovr,0.055554866790771484,0.8059306327773366,0.7080870091106046,0.7919182297126391,0.8267045454545454,0.3823915900131406,0.522911051212938,0.879015972094731,0.7223340040241448,"[[2394, 51, 201], [406, 291, 64], [1, 10, 359]]"
0.5137999464836142,1.0,"{0: 1.0, 1: 1.5, 2: 1.2}",ovr,0.0533907413482666,0.8043420704262643,0.7057620905708047,0.7905956666800644,0.8285714285714286,0.38107752956636004,0.5220522052205221,0.8781025923883067,0.7171314741035857,"[[2388, 51, 207], [404, 290, 67], [1, 9, 360]]"
0.5137999464836142,3.0,"{0: 1.0, 1: 1.5, 2: 1.2}",ovr,0.053946733474731445,0.8043420704262643,0.7057620905708047,0.7905956666800644,0.8285714285714286,0.38107752956636004,0.5220522052205221,0.8781025923883067,0.7171314741035857,"[[2388, 51, 207], [404, 290, 67], [1, 9, 360]]"
0.5137999464836142,10.0,"{0: 1.0, 1: 1.5, 2: 1.2}",ovr,0.052274227142333984,0.8043420704262643,0.7057620905708047,0.7905956666800644,0.8285714285714286,0.38107752956636004,0.5220522052205221,0.8781025923883067,0.7171314741035857,"[[2388, 51, 207], [404, 290, 67], [1, 9, 360]]"
0.5137999464836142,30.0,"{0: 1.0, 1: 1.5, 2: 1.2}",ovr,0.05330848693847656,0.8043420704262643,0.7057620905708047,0.7905956666800644,0.8285714285714286,0.38107752956636004,0.5220522052205221,0.8781025923883067,0.7171314741035857,"[[2388, 51, 207], [404, 290, 67], [1, 9, 360]]"
0.5135681588955896,0.3,"{0: 1.0, 1: 1.5, 2: 1.2}",ovr,0.054075002670288086,0.8038125496425734,0.7047921171053612,0.7901862874758798,0.8285714285714286,0.38107752956636004,0.5220522052205221,0.8778962853990437,0.7144278606965174,"[[2387, 50, 209], [404, 290, 67], [1, 10, 359]]"
0.5133704554424502,0.1,"{0: 1.0, 1: 1.5, 2: 1.2}",ovr,0.05591917037963867,0.8032830288588827,0.704181528789022,0.7897580691230695,0.8285714285714286,0.38107752956636004,0.5220522052205221,0.8774834437086093,0.7130089374379345,"[[2385, 50, 211], [404, 290, 67], [1, 10, 359]]"
0.512096752601189,0.03,"{0: 1.0, 1: 1.5, 2: 1.2}",ovr,0.05513119697570801,0.8016944665078104,0.7014771898674113,0.7884945946961348,0.8328530259365994,0.3797634691195795,0.5216606498194946,0.8767728863510775,0.7059980334316618,"[[2380, 48, 218], [402, 289, 70], [1, 10, 359]]"
0.4981614097733468,30.0,"{0: 1.0, 1: 3.5, 2: 1.2}",crammer_singer,18.19137740135193,0.6433677521842732,0.6024684134911606,0.664512945787559,0.3976006855184233,0.6097240473061761,0.48132780082987553,0.7262417781809934,0.599835661462613,"[[1601, 698, 347], [162, 464, 135], [0, 5, 365]]"
0.49450493977828625,30.0,"{0: 1.0, 1: 3.5, 2: 0.7}",crammer_singer,17.61913800239563,0.5647339158061954,0.605595946467719,0.5859766805657429,0.30427892234548337,0.7568988173455979,0.43406179351921625,0.6025062656641604,0.7802197802197802,"[[1202, 1302, 142], [142, 576, 43], [0, 15, 355]]"
