video_id,frame_id,timestamp_sec,ear_avg,ear_smooth,det_ok
33,0,0.0,0.272586624876352,0.27352646362164784,1
33,1,0.03352942097026604,0.27446662571134506,0.2765329954243807,1
33,2,0.06705884194053208,0.27352614027724637,0.27368554058900896,1
33,3,0.10058826291079812,0.28555259083257933,0.27384531409900364,1
33,4,0.13411768388106415,0.26229572124752193,0.27365721701218393,1
33,5,0.1676471048513302,0.2733854924263256,0.2738451200923628,1
33,6,0.20117652582159623,0.27352614027724637,0.27143982998129623,1
33,7,0.23470594679186227,0.27446565567814074,0.27365778421705694,1
33,8,0.2682353677621283,0.27352614027724637,0.27228761839727117,1
33,9,0.3017647887323944,0.2733854924263256,0.27207158574690815,1
33,10,0.3352942097026604,0.2665346633273969,0.2716676500163663,1
33,11,0.36882363067292645,0.2724459770254312,0.2691812342241246,1
33,12,0.40235305164319246,0.2724459770254312,0.26563918242835405,1
33,13,0.4358824726134585,0.26109406131603824,0.2601601090145791,1
33,14,0.46941189358372454,0.2556752334474727,0.24201579692633982,1
33,15,0.5029413145539906,0.2391392962585221,0.22324088723553923,1
33,16,0.5364707355242566,0.18172441658423466,0.20056752951778614,1
33,17,0.5700001564945227,0.17857142857142855,0.1880500934178658,1
33,18,0.6035295774647887,0.1477272727272727,0.17981387072976157,1
33,19,0.6370589984350548,0.19308805294787101,0.18208659800248883,1
33,20,0.6705884194053208,0.19795818281800087,0.18596394885180328,1
33,21,0.7041178403755869,0.19308805294787101,0.1936259697940798,1
33,22,0.7376472613458529,0.19795818281800087,0.18648929179315066,1
33,23,0.7711766823161189,0.18603737743865534,0.17975960901438748,1
33,24,0.8047061032863849,0.1574046629432252,0.17452684533501095,1
33,25,0.838235524256651,0.164309768924185,0.17582320250286357,1
33,26,0.871764945226917,0.16692423455098832,0.18535389450924816,1
33,27,0.9052943661971831,0.204439968657264,0.20061112941471873,1
33,28,0.9388237871674491,0.2336908374705782,0.2134050920417463,1
33,29,0.9723532081377152,0.2336908374705782,0.22567616154341322,1
33,30,1.0058826291079812,0.2282795820593228,0.23476472650347363,1
33,31,1.0394120500782473,0.2282795820593228,0.23802655900935799,1
33,32,1.0729414710485132,0.24988279345756603,0.2457775869203286,1
33,33,1.1064708920187794,0.25,0.25463899548373436,1
33,34,1.1400003129890455,0.2724459770254312,0.2659588842758386,1
33,35,1.1735297339593114,0.272586624876352,0.2705277801297799,1
33,36,1.2070591549295775,0.2848790260198436,0.2727747219631717,1
33,37,1.2405885758998434,0.2727272727272727,0.2729907546135347,1
33,38,1.2741179968701095,0.261234709166959,0.27447735899241493,1
33,39,1.3076474178403756,0.27352614027724637,0.2690016260444666,1
33,40,1.3411768388106415,0.28001964677075286,0.2680018146311052,1
33,41,1.3747062597809077,0.257500361280102,0.27175880215186393,1
33,42,1.4082356807511738,0.2677282156604655,0.26725494505373376,1
33,43,1.4417651017214397,0.28001964677075286,0.26611601726502715,1
33,44,1.4752945226917058,0.2510068547865955,0.2658912049992213,1
33,45,1.5088239436619717,0.27432500782722,0.26834949122127877,1
33,46,1.5423533646322378,0.25637629995107253,0.2645901595696713,1
33,47,1.575882785602504,0.28001964677075286,0.271148367159317,1
33,48,1.6094122065727698,0.26122298851271564,0.26755862558408755,1
33,49,1.642941627543036,0.28379789273482414,0.2651776732031351,1
33,50,1.676471048513302,0.25637629995107253,0.26067381610500495,1
33,51,1.710000469483568,0.2444715380463106,0.2561330498212478,1
33,52,1.743529890453834,0.257500361280102,0.2470773026930689,1
33,53,1.7770593114241002,0.23851915709392968,0.24373068638744622,1
33,54,1.8105887323943661,0.23851915709392968,0.2506524050521558,1
33,55,1.8441181533646323,0.23964321842295916,0.2524592654616148,1
33,56,1.8776475743348982,0.27908013136985843,0.25547558843201934,1
33,57,1.9111769953051643,0.2665346633273969,0.2590470170034479,1
33,58,1.9447064162754304,0.25360077194595265,0.2600126809281182,1
33,59,1.9782358372456963,0.25637629995107253,0.2519004860729325,1
33,60,2.0117652582159624,0.2444715380463106,0.25308274881253934,1
33,61,2.0452946791862283,0.23851915709392968,0.24799506952672656,1
33,62,2.0788241001564947,0.2724459770254312,0.2446484532211039,1
33,63,2.1123535211267606,0.22816237551688884,0.2416351064042411,1
33,64,2.1458829420970265,0.23964321842295916,0.2441326459427743,1
33,65,2.179412363067293,0.2294048039619967,0.23757209422227987,1
33,66,2.2129417840375587,0.2510068547865955,0.24083392672816423,1
33,67,2.2464712050078246,0.23964321842295916,0.24288184173508562,1
33,68,2.280000625978091,0.2444715380463106,0.2469774396341995,1
33,69,2.313530046948357,0.24988279345756603,0.2447047123614722,1
33,70,2.3470594679186227,0.24988279345756603,0.24218247819207842,1
33,71,2.3805888888888886,0.23964321842295916,0.24348954154013533,1
33,72,2.414118309859155,0.22703204757599005,0.23894408699468078,1
33,73,2.447647730829421,0.2510068547865955,0.24151858562812292,1
33,74,2.481177151799687,0.2271555207302933,0.24509001419955148,1
33,75,2.514706572769953,0.26275528662477665,0.2488263979826372,1
33,76,2.548235993740219,0.257500361280102,0.2451383822536278,1
33,77,2.581765414710485,0.2457139664914185,0.2509825380977837,1
33,78,2.6152948356807513,0.2325667761415487,0.24613531219161427,1
33,79,2.648824256651017,0.25637629995107253,0.24137340742970953,1
33,80,2.682353677621283,0.23851915709392968,0.23874396935973557,1
33,81,2.7158830985915494,0.2336908374705782,0.24114836304917472,1
33,82,2.7494125195618153,0.2325667761415487,0.23305492124077842,1
33,83,2.782941940532081,0.24458874458874458,0.2209077979791015,1
33,84,2.8164713615023476,0.2159090909090909,0.2078152210592295,1
33,85,2.8500007824726135,0.1777835407855451,0.19170792328767874,1
33,86,2.8835302034428794,0.16822795287121828,0.1711725965345468,1
33,87,2.9170596244131457,0.1520302872837948,0.15698990584830502,1
33,88,2.9505890453834116,0.1419121108230849,0.15183925514795496,1
33,89,2.9841184663536775,0.1449956374778819,0.14711751404832957,1
33,90,3.0176478873239434,0.1520302872837948,0.14373335547532579,1
33,91,3.0511773082942097,0.1446192473730914,0.13861472424327745,1
33,92,3.0847067292644756,0.13510949441877596,0.13698994027610295,1
33,93,3.1182361502347415,0.11631895466284319,0.13340156301322187,1
33,94,3.151765571205008,0.13687171764200945,0.13347684103417998,1
33,95,3.185294992175274,0.13408840096938934,0.13495650648140828,1
33,96,3.2188244131455397,0.1449956374778819,0.13992691175868724,1
33,97,3.252353834115806,0.14250782165491743,0.14206754907470706,1
33,98,3.285883255086072,0.14117098104923803,0.1434840650906768,1
33,99,3.319412676056338,0.14757490422210856,0.14734663879244186,1
33,100,3.352942097026604,0.14117098104923803,0.148502444871965,1
33,101,3.38647151799687,0.16430850598670724,0.14765523593074542,1
33,102,3.420000938967136,0.14828685205253314,0.15342477127917714,1
33,103,3.4535303599374023,0.13693493634314016,0.15221247395308474,1
33,104,3.487059780907668,0.17642258096426716,0.14802295145972888,1
33,105,3.520589201877934,0.13510949441877596,0.15090519454388726,1
33,106,3.5541186228482005,0.14336089351992792,0.14461493131636052,1
33,107,3.5876480438184664,0.16269806747332505,0.1431448519239194,1
33,108,3.6211774647887323,0.1054836202055065,0.1443571492500118,1
33,109,3.654706885758998,0.16907218400206148,0.1478926617114158,1
33,110,3.6882363067292645,0.14117098104923803,0.14430477745611794,1
33,111,3.7217657276995304,0.16103845582694792,0.15172423290946402,1
33,112,3.7552951486697963,0.14475864619683576,0.14494400577220837,1
33,113,3.7888245696400626,0.14258089747223693,0.15024474965193763,1
33,114,3.8223539906103285,0.13517104831578314,0.14543469784645682,1
33,115,3.8558834115805944,0.16767470044788435,0.15340460980458268,1
33,116,3.889412832550861,0.1369881967995439,0.15922367414914965,1
33,117,3.9229422535211267,0.18460820598746513,0.16722302693024582,1
33,118,3.9564716744913926,0.17167621919507164,0.1666348645615212,1
33,119,3.990001095461659,0.175167812221264,0.1720825120264186,1
33,120,4.023530516431925,0.16473388860426136,0.16809123417724262,1
33,121,4.057059937402191,0.16422643412403098,0.1675870940986714,1
33,122,4.090589358372457,0.16465181674158508,0.1675870940986714,1
33,123,4.124118779342723,0.16915551880221552,0.1696738788220719,1
33,124,4.157648200312989,0.175167812221264,0.16699150210353836,1
33,125,4.191177621283255,0.175167812221264,0.16109534841837797,1
33,126,4.224707042253521,0.15081455053136322,0.15551280344375082,1
33,127,4.2582364632237875,0.13517104831578314,0.1534260187203503,1
33,128,4.291765884194053,0.1412427939290798,0.14916737275003839,1
33,129,4.325295305164319,0.16473388860426136,0.14787308678285987,1
33,130,4.358824726134586,0.15387458236970458,0.15004699982633812,1
33,131,4.392354147104851,0.14434312069547045,0.14787308678285987,1
33,132,4.425883568075117,0.14604061353317443,0.14630834481212074,1
33,133,4.459412989045384,0.13037322871168847,0.14927071989302418,1
33,134,4.492942410015649,0.15691017875056573,0.14743630541708672,1
33,135,4.5264718309859155,0.1686864577742218,0.1458552777491025,1
33,136,4.560001251956182,0.13517104831578314,0.15114625338434273,1
33,137,4.593530672926447,0.13813547519325348,0.14511858540015302,1
33,138,4.627060093896714,0.1568281068878895,0.14558083015676726,1
33,139,4.660589514866979,0.12677183882961712,0.14923671303153627,1
33,140,4.6941189358372455,0.170997681557293,0.15208650323782186,1
33,141,4.727648356807512,0.15345046268962825,0.15149579833418486,1
33,142,4.761177777777777,0.1523844262246814,0.15472807142275574,1
33,143,4.794707198748044,0.15387458236970458,0.14538883173097553,1
33,144,4.82823661971831,0.14293320427247155,0.14825034624265754,1
33,145,4.861766040688575,0.12430148309839184,0.14671254649686227,1
33,146,4.895295461658842,0.16775803524803837,0.1456664783145813,1
33,147,4.928824882629108,0.14469542749570505,0.15002661518093924,1
33,148,4.962354303599374,0.14864424145829963,0.1525533058298889,1
33,149,4.99588372456964,0.16473388860426136,0.14602359766403644,1
33,150,5.029413145539906,0.13693493634314016,0.14411872182805205,1
33,151,5.062942566510172,0.13510949441877596,0.14334365457232617,1
33,152,5.096471987480438,0.13517104831578314,0.13759411934335325,1
33,153,5.130001408450704,0.14476890517967028,0.13936069203929197,1
33,154,5.16353082942097,0.13598621245939663,0.14032025596011088,1
33,155,5.197060250391236,0.14576779982283378,0.14126750910152838,1
33,156,5.2305896713615025,0.13990731402287063,0.13968807159399624,1
33,157,5.264119092331768,0.13990731402287063,0.14010385935567551,1
33,158,5.297648513302034,0.13687171764200945,0.1389031367683275,1
33,159,5.331177934272301,0.13806515126779312,0.13729873571368928,1
33,160,5.364707355242566,0.13976418688609366,0.13969484758231032,1
33,161,5.3982367762128325,0.13188530874967938,0.14086330628510824,1
33,162,5.431766197183099,0.1518878733659761,0.14175184036253313,1
33,163,5.465295618153364,0.14271401115599897,0.14079014203586437,1
33,164,5.498825039123631,0.14250782165491743,0.14398485902239772,1
33,165,5.532354460093897,0.13495569525275009,0.14002206395678546,1
33,166,5.565883881064162,0.14785889368234606,0.13677883822465908,1
33,167,5.599413302034429,0.1320738980379148,0.13448783481138124,1
33,168,5.632942723004695,0.1264978824953671,0.1345185946445864,1
33,169,5.666472143974961,0.13105280458852817,0.13425140871315241,1
33,170,5.700001564945227,0.13510949441877596,0.13421369085550533,1
33,171,5.733530985915493,0.14652296402517612,0.1347491719691722,1
33,172,5.767060406885759,0.13188530874967938,0.13495339065904957,1
33,173,5.800589827856025,0.1291752880637015,0.13527540843131577,1
33,174,5.834119248826291,0.1320738980379148,0.13424859742320047,1
33,175,5.867648669796557,0.13671958328010708,0.13490574533642125,1
33,176,5.901178090766823,0.14138890898459971,0.1386653543831625,1
33,177,5.9347075117370895,0.13517104831578314,0.14517699718063531,1
33,178,5.968236932707355,0.14797333329740775,0.1446003047768436,1
33,179,6.001766353677621,0.16463211202527905,0.14389248262087567,1
33,180,6.035295774647887,0.1338361212611483,0.14544491381221333,1
33,181,6.068825195618153,0.13784979820476007,0.14598166859343106,1
33,182,6.1023546165884195,0.14293320427247155,0.14775606001377736,1
33,183,6.135884037558685,0.15065710720349634,0.15839290175450085,1
33,184,6.169413458528951,0.1735040691270107,0.16397608145963286,1
33,185,6.202942879499218,0.18702032996476559,0.16637071870431117,1
33,186,6.236472300469483,0.16576569673042002,0.16722744962850639,1
33,187,6.270001721439749,0.15490639049586324,0.1635314551280295,1
33,188,6.303531142410016,0.1549407618244723,0.16109481758154004,1
33,189,6.337060563380281,0.15502409662462635,0.16486331943294905,1
33,190,6.370589984350548,0.17483714223231822,0.18199901421991688,1
33,191,6.404119405320814,0.18460820598746513,0.19793007882258332,1
33,192,6.437648826291079,0.24058486443070226,0.21255691544503247,1
33,193,6.471178247261346,0.23459608483780456,0.226561128448936,1
33,194,6.504707668231612,0.22815827973687208,0.24812724236523098,1
33,195,6.5382370892018775,0.24485820725183607,0.25483402630154695,1
33,196,6.571766510172144,0.2924387755689399,0.26364696282964983,1
33,197,6.60529593114241,0.274118784112282,0.26851310414876484,1
33,198,6.638825352112676,0.278660767478319,0.2752736161940613,1
33,199,6.672354773082942,0.2524889863324469,0.27178205960122737,1
33,200,6.705884194053208,0.278660767478319,0.2761159730789668,1
33,201,6.739413615023474,0.27498099260477016,0.27743961388994565,1
33,202,6.77294303599374,0.29578835150097893,0.2885243984174715,1
33,203,6.8064724569640065,0.28527897153321335,0.29003536384703626,1
33,204,6.840001877934272,0.30791290897007606,0.291745344795772,1
33,205,6.873531298904538,0.2862155946261429,0.2886364958988782,1
33,206,6.907060719874805,0.2835308973484489,0.29006845670602355,1
33,207,6.94059014084507,0.2802441070165097,0.28569619896020887,1
33,208,6.974119561815336,0.2924387755689399,0.28784819000028694,1
33,209,7.007648982785603,0.2860516202410029,0.28724979974394277,1
33,210,7.041178403755868,0.2969755498265335,0.28644026584606397,1
33,211,7.074707824726135,0.2805389460667277,0.28540825854250435,1
33,212,7.108237245696401,0.27619643752711603,0.28303803112476056,1
33,213,7.141766666666666,0.2872787390511417,0.27848301778991064,1
33,214,7.175296087636933,0.27420048315228385,0.27959627758797423,1
33,215,7.208825508607199,0.27420048315228385,0.2790009202491615,1
33,216,7.2423549295774645,0.2861052450570457,0.2748904013068424,1
33,217,7.275884350547731,0.2732196508330525,0.27707518722394847,1
33,218,7.309413771517996,0.266726144339546,0.2773998993151326,1
33,219,7.342943192488263,0.2851244127378144,0.27636012288056555,1
33,220,7.376472613458529,0.27582404360820434,0.27540907264483244,1
33,221,7.4100020344287945,0.28090636288421045,0.2744151520962294,1
33,222,7.443531455399061,0.26846439965438684,0.273173956846297,1
33,223,7.477060876369327,0.26175654159653106,0.27288777709008577,1
33,224,7.510590297339593,0.27891843648815207,0.27401654864694314,1
33,225,7.544119718309859,0.2743931448271485,0.2749675988826763,1
33,226,7.577649139280125,0.28655022066849745,0.27745727482093463,1
33,227,7.611178560250391,0.2732196508330525,0.27414534162250187,1
33,228,7.644707981220657,0.27420492128782253,0.27545854509140166,1
33,229,7.678237402190923,0.26235877049598844,0.2742324711480991,1
33,230,7.711766823161189,0.2809591621716473,0.273281420912366,1
33,231,7.745296244131455,0.28041985095198474,0.26856788582153496,1
33,232,7.778825665101722,0.26846439965438684,0.268369834471204,1
33,233,7.812355086071987,0.25063724583366753,0.26625526067729177,1
33,234,7.845884507042253,0.26136851374433345,0.2668774699565846,1
33,235,7.87941392801252,0.27038629320208635,0.2630476963319754,1
33,236,7.912943348982785,0.2835308973484489,0.26661312709611923,1
33,237,7.9464727699530515,0.24931553153134067,0.269185714336341,1
33,238,7.980002190923318,0.26846439965438684,0.2629407278723508,1
33,239,8.013531611893583,0.27423144994544213,0.25840460685593725,1
33,240,8.04706103286385,0.23916136088213527,0.2631530917399383,1
33,241,8.080590453834116,0.2608502922663811,0.26185439044123704,1
33,242,8.114119874804382,0.27305795595134613,0.2604416598537058,1
33,243,8.147649295774647,0.2619708931608803,0.265954616545188,1
33,244,8.181178716744913,0.2671677970077865,0.26839614928218103,1
33,245,8.21470813771518,0.266726144339546,0.27064117754255534,1
33,246,8.248237558685446,0.27305795595134613,0.27522881751839223,1
33,247,8.281766979655712,0.28428309725321754,0.2825380208996595,1
33,248,8.315296400625979,0.2849090930400652,0.2868777802648892,1
33,249,8.348825821596243,0.3037138139141227,0.284660367706796,1
33,250,8.38235524256651,0.28842494116569445,0.2871215005247786,1
33,251,8.415884663536776,0.2619708931608803,0.28927077288027475,1
33,252,8.449414084507042,0.2965887613431302,0.2888339751743682,1
33,253,8.482943505477309,0.29565545481754607,0.2904362655088225,1
33,254,8.516472926447575,0.30152982538459006,0.295275208959365,1
33,255,8.55000234741784,0.2964363928379661,0.2940705625673551,1
33,256,8.583531768388106,0.28616561041359256,0.29263955240573136,1
33,257,8.617061189358372,0.2905655293830809,0.29263955240573136,1
33,258,8.650590610328639,0.28850040400942706,0.28813340262527426,1
33,259,8.684120031298905,0.30152982538459006,0.28787823587073225,1
33,260,8.717649452269171,0.27390564393568057,0.2844703580495654,1
33,261,8.751178873239436,0.2848897766408828,0.28128760222295035,1
33,262,8.784708294209702,0.27352614027724637,0.2784971103913406,1
33,263,8.818237715179968,0.272586624876352,0.2804221610738943,1
33,264,8.851767136150235,0.2875773662265416,0.28095736227457235,1
33,265,8.885296557120501,0.2835308973484489,0.2833329629259847,1
33,266,8.918825978090767,0.287565782644273,0.2883221506196291,1
33,267,8.952355399061032,0.2854041435343079,0.2848029697341478,1
33,268,8.985884820031298,0.29753256334457423,0.2830394449350037,1
33,269,9.019414241001565,0.26998146179913507,0.2816634418918419,1
33,270,9.052943661971831,0.27471327335272827,0.28424998029055926,1
33,271,9.086473082942097,0.2806857674284641,0.281986586546873,1
33,272,9.120002503912364,0.2983368355278947,0.28460625996369543,1
33,273,9.153531924882628,0.2862155946261429,0.283734359983151,1
33,274,9.187061345852895,0.28307982888324706,0.28123501371899184,1
33,275,9.220590766823161,0.2703537734500061,0.2781370568682198,1
33,276,9.254120187793427,0.2681890361076685,0.2790190425906965,1
33,277,9.287649608763694,0.28284705127403464,0.27604088403558075,1
33,278,9.321179029733958,0.2906255232385262,0.2799856423307568,1
33,279,9.354708450704225,0.2681890361076685,0.28059759044960747,1
33,280,9.388237871674491,0.2900775649258862,0.2801648848999035,1
33,281,9.421767292644757,0.2712487767019217,0.2773091055614659,1
33,282,9.455296713615024,0.2806835235255147,0.2777420530299334,1
33,283,9.48882613458529,0.2763466265463381,0.27585534558397834,1
33,284,9.522355555555555,0.2703537734500061,0.27784803053946167,1
33,285,9.555884976525821,0.28064402769611096,0.27999494084918297,1
33,286,9.589414397496087,0.28121220147933856,0.2830776338811394,1
33,287,9.622943818466354,0.2914180750741209,0.2852493194870059,1
33,288,9.65647323943662,0.2917600917061203,0.28638943974146497,1
33,289,9.690002660406886,0.28121220147933856,0.2884410855032451,1
33,290,9.72353208137715,0.2863446289684065,0.29043061773345735,1
33,291,9.757061502347417,0.29147043028823916,0.2894782086361282,1
33,292,9.790590923317684,0.3013657362251825,0.28839154636456843,1
33,293,9.82412034428795,0.2869980462194744,0.28609049551501614,1
33,294,9.857649765258216,0.27577889012153955,0.28303721718317004,1
33,295,9.891179186228483,0.2748393747206451,0.2790809725641755,1
33,296,9.924708607198747,0.27620403862900883,0.27916600226566934,1
33,297,9.958238028169013,0.2815845131302096,0.28103518424808455,1
33,298,9.99176744913928,0.28742319472694366,0.2636822969518212,1
33,299,10.025296870109546,0.2851248000336154,0.24367553229354458,1
33,300,10.058826291079813,0.18807493823932847,0.2187799275805157,1
33,301,10.092355712050079,0.17617021533762578,0.19324086917873579,1
33,302,10.125885133020343,0.15710648956506523,0.16628880769911042,1
33,303,10.15941455399061,0.15972790271804407,0.16826866921563335,1
33,304,10.192943974960876,0.15036449263548846,0.17663612322638683,1
33,305,10.226473395931142,0.19797424582194315,0.19345981283578567,1
33,306,10.260002816901409,0.21800748539139336,0.21187537675949067,1
33,307,10.293532237871675,0.24122493761205915,0.22788457786738253,1
33,308,10.32706165884194,0.25180572233656917,0.22438667723498434,1
33,309,10.360591079812206,0.2304104981749478,0.21472020007891976,1
33,310,10.394120500782472,0.18048474265995218,0.20144264100297157,1
33,311,10.427649921752739,0.16967509961107052,0.18689894835681278,1
33,312,10.461179342723005,0.17483714223231822,0.1796934231350377,1
33,313,10.494708763693271,0.17908725910577505,0.1865274948124597,1
33,314,10.528238184663536,0.19438287206607247,0.19407289525588553,1
33,315,10.561767605633802,0.21465510104706215,0.20496275417860552,1
33,316,10.595297026604069,0.20740210182819974,0.21720169471277742,1
33,317,10.628826447574335,0.22928643684591832,0.22868626476687676,1
33,318,10.662355868544601,0.24028196177663447,0.22379411339531843,1
33,319,10.695885289514866,0.25180572233656917,0.22263552034639722,1
33,320,10.729414710485132,0.19019434418927034,0.21509088020605308,1
33,321,10.762944131455399,0.20160913658359383,0.20558235221047308,1
33,322,10.796473552425665,0.1915632361441975,0.19186457897713066,1
33,323,10.830002973395931,0.1927393217987345,0.18722386624603943,1
33,324,10.863532394366198,0.1832168561698571,0.18321663595719304,1
33,325,10.897061815336462,0.16699078053381405,0.18992930009039266,1
33,326,10.930591236306729,0.18157298513936207,0.2006177224919033,1
33,327,10.964120657276995,0.22512655681019555,0.2119350478303308,1
33,328,10.997650078247261,0.24618143380628776,0.22560743800356162,1
33,329,11.031179499217528,0.23980348286199454,0.23595024578832832,1
33,330,11.064708920187794,0.2353527313999682,0.2432547663895602,1
33,331,11.098238341158059,0.23328702406319562,0.2367789941456082,1
33,332,11.131767762128325,0.26164915981635484,0.2270175215726916,1
33,333,11.165297183098591,0.2138025725865278,0.21598207560973495,1
33,334,11.198826604068858,0.1909961199974115,0.20434181886881336,1
33,335,11.232356025039124,0.18017550158518492,0.18451300139235144,1
33,336,11.26588544600939,0.17508574035858776,0.17888640930284783,1
33,337,11.299414866979655,0.16250507243404522,0.1849222171317711,1
33,338,11.332944287949921,0.18566961213900965,0.1948986303808944,1
33,339,11.366473708920187,0.22117515914202804,0.21101655372774486,1
33,340,11.400003129890454,0.23005756783080128,0.22839489873212768,1
33,341,11.43353255086072,0.2556753570928401,0.2433959157892255,1
33,342,11.467061971830987,0.24939679745595927,0.24795824381538747,1
33,343,11.500591392801251,0.2606746974244988,0.25184406142977617,1
33,344,11.534120813771517,0.24398679927283784,0.23974740556478555,1
33,345,11.567650234741784,0.2494866559027448,0.23024750944293243,1
33,346,11.60117965571205,0.19519207776788702,0.21859707843378354,1
33,347,11.634709076682316,0.20189731684669365,0.2068707378871165,1
33,348,11.668238497652583,0.2024225423787543,0.19749658469322245,1
33,349,11.701767918622847,0.18535509653950277,0.19803903061660028,1
33,350,11.735297339593114,0.20261588993327453,0.20470390196654997,1
33,351,11.76882676056338,0.19790430738477616,0.2138493734202056,1
33,352,11.802356181533646,0.23522167359644214,0.22390129449073154,1
33,353,11.835885602503913,0.24814989964703235,0.23150578701513885,1
33,354,11.869415023474179,0.23561470189213246,0.2467048974021338,1
33,355,11.902944444444444,0.2406383525553113,0.2563362684515023,1
33,356,11.93647386541471,0.2738998593197507,0.2615143899562301,1
33,357,11.970003286384976,0.28337852884328474,0.26798341819380705,1
33,358,12.003532707355243,0.27404050717067147,0.2723653364048163,1
33,359,12.037062128325509,0.26795984308001697,0.25633659911522805,1
33,360,12.070591549295774,0.26254794361035777,0.24089359448233508,1
33,361,12.10412097026604,0.1937561728718094,0.22213347545501166,1
33,362,12.137650391236306,0.20616350567881978,0.20541418191132177,1
33,363,12.171179812206573,0.18023991203405454,0.19001032376902832,1
33,364,12.204709233176839,0.18436337536156747,0.19672601781682936,1
33,365,12.238238654147105,0.1855286528988903,0.2053648624222789,1
33,366,12.27176807511737,0.22733464311081467,0.22622311285197952,1
33,367,12.305297496087636,0.24935772870606743,0.24413040964361618,1
33,368,12.338826917057903,0.28453116418255764,0.2618327804979724,1
33,369,12.372356338028169,0.2738998593197507,0.2715501474835832,1
33,370,12.405885758998435,0.27404050717067147,0.2774821494451673,1
33,371,12.439415179968702,0.2759214780388688,0.2766503803651501,1
33,372,12.472944600938966,0.27901773851398803,0.27998351437781616,1
33,373,12.506474021909233,0.2803723187824716,0.2820816457801934,1
33,374,12.540003442879499,0.2905655293830809,0.28653388297807897,1
33,375,12.573532863849765,0.28453116418255764,0.28367885090404293,1
33,376,12.607062284820032,0.29818266402829674,0.2702376126493185,1
33,377,12.640591705790298,0.2647425781438077,0.25103270979434905,1
33,378,12.674121126760562,0.21316612750884945,0.23370424251918537,1
33,379,12.707650547730829,0.19454101510823357,0.20544291714589108,1
33,380,12.741179968701095,0.19788882780673933,0.19293507254294268,1
33,381,12.774709389671361,0.1568760371618253,0.18650081605573837,1
33,382,12.808238810641628,0.20220335512906573,0.20000231891048817,1
33,383,12.841768231611894,0.18099484507282798,0.21520452521309047,1
33,384,12.875297652582159,0.26204852938198264,0.2386374192148597,1
33,385,12.908827073552425,0.2738998593197507,0.2577880246181995,1
33,386,12.942356494522691,0.27404050717067147,0.28314671731310576,1
33,387,12.975885915492958,0.2979563821457648,0.29002429000430247,1
33,388,13.009415336463224,0.30778830854735906,0.29213798145485503,1
33,389,13.04294475743349,0.2964363928379661,0.2989203595620741,1
33,390,13.076474178403755,0.2844683165725138,0.300886744842393,1
33,391,13.110003599374021,0.3079523977067666,0.3009195626742744,1
33,392,13.143533020344288,0.30778830854735906,0.303189945816153,1
33,393,13.177062441314554,0.3079523977067666,0.3052353820139935,1
33,394,13.21059186228482,0.30778830854735906,0.3052353820139935,1
33,395,13.244121283255085,0.2946954975617161,0.30492002079062497,1
33,396,13.277650704225351,0.3079523977067666,0.30179141912630797,1
33,397,13.311180125195618,0.3062115024305166,0.30049644997534186,1
33,398,13.344709546165884,0.2923093893851815,0.30536588986170526,1
33,399,13.37823896713615,0.30131346279252846,0.30789269790736273,1
33,400,13.411768388106417,0.3190426969935332,0.3067517388218779,1
33,401,13.445297809076681,0.32058643793505404,0.3075771395124348,1
33,402,13.478827230046948,0.3005067070030922,0.3066023039831153,1
33,403,13.512356651017214,0.2964363928379661,0.30825346160681677,1
33,404,13.54588607198748,0.296439285145931,0.2908916700207122,1
33,405,13.579415492957747,0.3272984851120404,0.26688727715208416,1
33,406,13.612944913928013,0.23377748000453138,0.2447339210122929,1
33,407,13.646474334898278,0.18048474265995218,0.23362181722982983,1
33,408,13.680003755868544,0.18566961213900965,0.20757435006817668,1
33,409,13.71353317683881,0.2408787662336156,0.19897494090272527,1
33,410,13.747062597809077,0.19706114930377472,0.19779645469201895,1
33,411,13.780592018779343,0.19078043417727428,0.19828424675305215,1
33,412,13.81412143974961,0.17459231160642058,0.20266244564849983,1
33,413,13.847650860719874,0.18810857244417545,0.21935701852058048,1
33,414,13.88118028169014,0.262769760710854,0.2395446579797257,1
33,415,13.914709702660407,0.28053401366417796,0.26458373525011664,1
33,416,13.948239123630673,0.29171863147300037,0.2869195603529565,1
33,417,13.98176854460094,0.29978769795837523,0.29646109571652857,1
33,418,14.015297965571206,0.29978769795837523,0.30031183257536803,1
33,419,14.04882738654147,0.310477437528714,0.3026927849563204,1
33,420,14.082356807511736,0.29978769795837523,0.3046967492115421,1
33,421,14.115886228482003,0.30362339337776223,0.30670071346676386,1
33,422,14.14941564945227,0.3098075192344839,0.30439355648112804,1
33,423,14.182945070422535,0.3098075192344839,0.30659457482730373,1
33,424,14.216474491392802,0.29894165260053485,0.307999846870568,1
33,425,14.250003912363066,0.31079278968925395,0.3071772385004432,1
33,426,14.283533333333333,0.3106497535940833,0.30988600948878275,1
33,427,14.317062754303599,0.30569447738386,0.3100552185603508,1
33,428,14.350592175273865,0.3233513741761815,0.3062691077315463,1
33,429,14.384121596244132,0.29978769795837523,0.30501562969772655,1
33,430,14.417651017214398,0.29186223554523144,0.30383427381262956,1
33,431,14.451180438184663,0.3043823634249845,0.29895144187039246,1
33,432,14.484709859154929,0.29978769795837523,0.29878223279882443,1
33,433,14.518239280125195,0.2989372144649961,0.3025397364085948,1
33,434,14.551768701095462,0.29894165260053485,0.3008296543108279,1
33,435,14.585298122065728,0.3106497535940833,0.305344573263787,1
33,436,14.618827543035993,0.29583195293615017,0.3085187326081047,1
33,437,14.652356964006259,0.3223622927231705,0.30848347567860285,1
33,438,14.685886384976525,0.31480801118658464,0.3061409678527854,1
33,439,14.719415805946792,0.2987653679530255,0.3067620201585546,1
33,440,14.752945226917058,0.2989372144649961,0.28298912676399557,1
33,441,14.786474647887324,0.2989372144649961,0.2507370605029048,1
33,442,14.820004068857589,0.20349782575037534,0.22382154551214262,1
33,443,14.853533489827855,0.15354767988113066,0.19736365256089305,1
33,444,14.887062910798122,0.16418779299921482,0.16846653024159627,1
33,445,14.920592331768388,0.1666477497087484,0.15918391879977425,1
33,446,14.954121752738654,0.15445160286851223,0.15989133653180115,1
33,447,14.98765117370892,0.15708476854126513,0.16207092600367573,1
33,448,15.021180594679185,0.15708476854126513,0.156875813331965,1
33,449,15.054710015649452,0.17508574035858776,0.15331676567405783,1
33,450,15.088239436619718,0.14067218635019482,0.15243943618000472,1
33,451,15.121768857589984,0.1366563645789764,0.1483686090704631,1
33,452,15.15529827856025,0.15269812107099945,0.1458037958691473,1
33,453,15.188827699530517,0.13673063299355706,0.14686311872977487,1
33,454,15.222357120500781,0.16226167435200872,0.14751330861855375,1
33,455,15.255886541471048,0.14596880065333273,0.14436401583912453,1
33,456,15.289415962441314,0.13990731402287065,0.14860780812652027,1
33,457,15.32294538341158,0.1369516571738535,0.14531733475302655,1
33,458,15.356474804381847,0.15794959443053583,0.14558470287416242,1
33,459,15.390004225352113,0.14580930748454002,0.15119205502475266,1
33,460,15.423533646322378,0.14730564125901213,0.15442542954262292,1
33,461,15.457063067292644,0.1679440747758219,0.1578526587282333,1
33,462,15.49059248826291,0.1531185297632047,0.15958111780502776,1
33,463,15.524121909233177,0.17508574035858776,0.15993507674760915,1
33,464,15.557651330203443,0.15445160286851223,0.15758902701079394,1
33,465,15.59118075117371,0.14907543597191927,0.15586569543588452,1
33,466,15.624710172143974,0.15621382609174575,0.15120563869574638,1
33,467,15.65823959311424,0.1445018718886575,0.1506724094536234,1
33,468,15.691769014084507,0.15178545665789717,0.15152914037781856,1
33,469,15.725298435054773,0.15178545665789717,0.15091008111211038,1
33,470,15.75882785602504,0.15335909059289526,0.1526334126870198,1
33,471,15.792357276995306,0.1531185297632047,0.15443955039493115,1
33,472,15.82588669796557,0.1531185297632047,0.15827491446956668,1
33,473,15.859416118935837,0.16081614519745396,0.1572478230212681,1
33,474,15.892945539906103,0.1709622770310748,0.1539702436673386,1
33,475,15.92647496087637,0.14822363335140243,0.15497952721341143,1
33,476,15.960004381846636,0.13673063299355706,0.1573173019411948,1
33,477,15.9935338028169,0.1581649474935689,0.15051517796975053,1
33,478,16.027063223787167,0.17250501883637076,0.15219300206444134,1
33,479,16.060592644757435,0.1369516571738535,0.15335295310304506,1
33,480,16.0941220657277,0.15661275382485643,0.15373503808058003,1
33,481,16.127651486697964,0.14253038818657568,0.15304964897407866,1
33,482,16.161180907668232,0.16007537238124392,0.15208640792629238,1
33,483,16.194710328638497,0.16907807330386382,0.1554157048615437,1
33,484,16.228239749608765,0.132135451934922,0.1575333331768695,1
33,485,16.26176917057903,0.17325923850111302,0.15525424649209013,1
33,486,16.295298591549294,0.1531185297632047,0.15360186087080815,1
33,487,16.328828012519562,0.14867993895734716,0.1577984764364647,1
33,488,16.362357433489827,0.16081614519745396,0.15484221872178988,1
33,489,16.395886854460095,0.1531185297632047,0.15701407996870123,1
33,490,16.42941627543036,0.15847794992773884,0.15910426614921078,1
33,491,16.462945696400627,0.16397783599776145,0.1600032189303338,1
33,492,16.496475117370892,0.15913086985989502,0.16222479980249907,1
33,493,16.530004538341156,0.165310909103069,0.16093526727371027,1
33,494,16.563533959311425,0.16422643412403098,0.15961342940149026,1
33,495,16.59706338028169,0.1520302872837948,0.1602564515979939,1
33,496,16.630592801251957,0.1573686466366615,0.15781797573002104,1
33,497,16.664122222222222,0.1623459808424132,0.1582654380302324,1
33,498,16.697651643192486,0.1531185297632047,0.15901296642182566,1
33,499,16.731181064162755,0.16646374562508792,0.1620506079790911,1
33,500,16.76471048513302,0.15576792924176097,0.16047173238431087,1
33,501,16.798239906103287,0.17255685442298863,0.16226750297489867,1
33,502,16.831769327073552,0.15445160286851223,0.16108042453269555,1
33,503,16.86529874804382,0.16209738271614366,0.16053202612719242,1
33,504,16.898828169014084,0.16052835341407218,0.15966624581683836,1
33,505,16.93235758998435,0.15302593721424546,0.16264337647559507,1
33,506,16.965887010954617,0.16822795287121828,0.16328608175298012,1
33,507,16.99941643192488,0.1693372561622956,0.16366651828912435,1
33,508,17.03294585289515,0.165310909103069,0.16961018220808893,1
33,509,17.066475273865414,0.16243053609479347,0.16825131298919646,1
33,510,17.10000469483568,0.18274425680906822,0.16717942895628962,1
33,511,17.133534115805947,0.161433606776756,0.1698779233377516,1
33,512,17.16706353677621,0.16397783599776145,0.17125639690474517,1
33,513,17.20059295774648,0.17880338101037868,0.17023664805759525,1
33,514,17.234122378716744,0.16932290392976151,0.17324417822513027,1
33,515,17.26765179968701,0.17764551257331854,0.1764879235049485,1
33,516,17.301181220657277,0.17647125761443122,0.17755559537552182,1
33,517,17.33471064162754,0.1801965623968524,0.17949621502388777,1
33,518,17.36824006259781,0.18414174036324538,0.1807847006907106,1
33,519,17.401769483568074,0.17902600217159137,0.1828886166883128,1
33,520,17.435298904538342,0.18408794090743258,0.18425059475788014,1
33,521,17.468828325508607,0.18699083760244234,0.1831829228873068,1
33,522,17.50235774647887,0.18700645274468902,0.18562591257765035,1
33,523,17.53588716744914,0.17880338101037868,0.18022527810441685,1
33,524,17.569416588419404,0.1912409506233092,0.17779453903039205,1
33,525,17.602946009389672,0.15708476854126513,0.17509406230685637,1
33,526,17.636475430359937,0.17483714223231822,0.17425184842606478,1
33,527,17.6700048513302,0.1735040691270107,0.17065550600162555,1
33,528,17.70353427230047,0.17459231160642058,0.17420673423991054,1
33,529,17.737063693270734,0.17325923850111302,0.173707554957784,1
33,530,17.770593114241002,0.1748409097326901,0.17504605361175235,1
33,531,17.804122535211267,0.17234124582168564,0.1748773712410499,1
33,532,17.837651956181535,0.1801965623968524,0.1762535678640389,1
33,533,17.8711813771518,0.17374889975290836,0.1762692287364998,1
33,534,17.904710798122064,0.18014022161605808,0.1760523337406922,1
33,535,17.938240219092332,0.1749192140949945,0.1746648689615443,1
33,536,17.971769640062597,0.17125677084264762,0.17567576521303838,1
33,537,18.005299061032865,0.17325923850111302,0.17456618321111086,1
33,538,18.03882848200313,0.17880338101037868,0.17408334415938614,1
33,539,18.072357902973394,0.17459231160642058,0.1705527742346152,1
33,540,18.105887323943662,0.17250501883637076,0.1701025610776682,1
33,541,18.139416744913927,0.1536039212187929,0.16915716780298462,1
33,542,18.172946165884195,0.17100817271637808,0.17322203414445095,1
33,543,18.20647558685446,0.17407641463696075,0.1736892123237148,1
33,544,18.240005007824728,0.19491664331375214,0.18444884844559617,1
33,545,18.273534428794992,0.1748409097326901,0.18574862509098158,1
33,546,18.307063849765257,0.20740210182819974,0.18921383840220046,1
33,547,18.340593270735525,0.17750705594330518,0.188714376192676,1
33,548,18.37412269170579,0.19140248119305509,0.1912025716859028,1
33,549,18.407652112676057,0.19241933226613,0.19060462215443363,1
33,550,18.441181533646322,0.18728188719882394,0.19250727695872571,1
33,551,18.474710954616587,0.20441235417085396,0.18404373275138716,1
33,552,18.508240375586855,0.18702032996476559,0.18942361395831273,1
33,553,18.54176979655712,0.1490847601563623,0.1828575570922504,1
33,554,18.575299217527387,0.21931873830075788,0.17269587050183816,1
33,555,18.608828638497652,0.15445160286851223,0.17131984883209667,1
33,556,18.642358059467917,0.1536039212187929,0.17971407052710603,1
33,557,18.675887480438185,0.18014022161605808,0.17009507913049068,1
33,558,18.70941690140845,0.19105586863140916,0.17371612944138598,1
33,559,18.742946322378717,0.17122378131768107,0.17579703316282713,1
33,560,18.776475743348982,0.17255685442298863,0.16831791183646275,1
33,561,18.81000516431925,0.16400843982599866,0.1603173123892327,1
33,562,18.843534585289515,0.14274461498423613,0.16026315998639187,1
33,563,18.87706400625978,0.15105287139525908,0.16010063300468994,1
33,564,18.910593427230047,0.17095301930347684,0.16928781105421034,1
33,565,18.944122848200312,0.17174421951447894,0.17787281048516504,1
33,566,18.97765226917058,0.20994433007360075,0.19050103981340652,1
33,567,19.011181690140845,0.18566961213900965,0.1999009038334661,1
33,568,19.04471111111111,0.21419401803646643,0.2092043415431216,1
33,569,19.078240532081377,0.21795233940377465,0.20284599938120235,1
33,570,19.111769953051642,0.2182614080627565,0.20284877482521768,1
33,571,19.14529937402191,0.17815261926400472,0.20459601971515537,1
33,572,19.178828794992175,0.18568348935908618,0.2124313997118324,1
33,573,19.212358215962443,0.22293024248615478,0.21747539049908,1
33,574,19.245887636932707,0.2571292393871596,0.23681274159040808,1
33,575,19.279417057902972,0.24348136199899473,0.2555876664680901,1
33,576,19.31294647887324,0.2748393747206451,0.2672894348939979,1
33,577,19.346475899843504,0.2795581137474964,0.27459371833959173,1
33,578,19.380005320813773,0.2814390846156938,0.28749808154988327,1
33,579,19.413534741784037,0.29365065661512857,0.29228328019635935,1
33,580,19.4470641627543,0.3080031780504524,0.2982520214721064,1
33,581,19.48059358372457,0.2987653679530255,0.30442496997911883,1
33,582,19.514123004694834,0.30940182012623163,0.3086392724150285,1
33,583,19.547652425665103,0.312303827150756,0.308606287990901,1
33,584,19.581181846635367,0.3147221687946767,0.3105822167441462,1
33,585,19.614711267605635,0.3078382559298153,0.31025951442837174,1
33,586,19.6482406885759,0.3086450117192516,0.3116267938495709,1
33,587,19.681770109546164,0.30778830854735906,0.3104013729579947,1
33,588,19.715299530516432,0.31914022425675204,0.31280311560740237,1
33,589,19.748828951486697,0.30859506433679534,0.3139906538329294,1
33,590,19.782358372456965,0.31984696917685373,0.31538726149856633,1
33,591,19.81588779342723,0.3145827028468867,0.3129983345071733,1
33,592,19.849417214397494,0.3147713468755441,0.31672548135684486,1
33,593,19.882946635367762,0.3071955892997865,0.3165841323728245,1
33,594,19.916476056338027,0.3272307985851531,0.3153965941472975,1
33,595,19.950005477308295,0.31914022425675204,0.3156792445728444,1
33,596,19.98353489827856,0.3086450117192516,0.3159591395802462,1
33,597,20.017064319248824,0.3161845990032788,0.3156758632799439,1
33,598,20.050593740219092,0.30859506433679534,0.30909016488558827,1
33,599,20.084123161189357,0.3258144170836418,0.30649707942793514,1
33,600,20.117652582159625,0.28621173228497365,0.3037984427303994,1
33,601,20.15118200312989,0.295679584430986,0.3065526041570779,1
33,602,20.184711424100158,0.3026914155156003,0.3015434267958709,1
33,603,20.218240845070422,0.3223658714701878,0.3027888354526641,1
33,604,20.251770266040687,0.3007685302776066,0.3056144224133637,1
33,605,20.285299687010955,0.2924387755689399,0.306837322556636,1
33,606,20.31882910798122,0.3098075192344839,0.3030802434527019,1
33,607,20.352358528951488,0.30880591623196163,0.3032849483733047,1
33,608,20.385887949921752,0.3035804759505177,0.304157269333787,1
33,609,20.419417370892017,0.3017920548806205,0.30394948000509536,1
33,610,20.452946791862285,0.2968003803713516,0.3010068665838256,1
33,611,20.48647621283255,0.3087685725910254,0.299806776817905,1
33,612,20.520005633802818,0.2940928491256126,0.30030226761052553,1
33,613,20.553535054773082,0.2975800271209147,0.30053395704751645,1
33,614,20.58706447574335,0.3042695088437234,0.30174317628204744,1
33,615,20.620593896713615,0.2979588275563063,0.30276627922374655,1
33,616,20.65412331768388,0.3148146687636801,0.30707900352961953,1
33,617,20.687652738654148,0.2992083638341083,0.3069147465453909,1
33,618,20.721182159624412,0.31914364865027955,0.3090085343213746,1
33,619,20.75471158059468,0.3034482239225803,0.3083101995349435,1
33,620,20.788241001564945,0.30842776643622477,0.3081050595737812,1
33,621,20.82177042253521,0.3113229948315247,0.302541726447891,1
33,622,20.855299843505477,0.29818266402829674,0.30375083202730896,1
33,623,20.888829264475742,0.2913269830208285,0.30240674446933,1
33,624,20.92235868544601,0.3094937518196701,0.29532644111079887,1
33,625,20.955888106416275,0.3017073286463303,0.29180644051034327,1
33,626,20.989417527386543,0.2759214780388688,0.2822433180836157,1
33,627,21.022946948356807,0.2805826610260185,0.26592989806271683,1
33,628,21.056476369327072,0.2435113708871906,0.2546073220780434,1
33,629,21.09000579029734,0.22792665171517626,0.2509086695328061,1
33,630,21.123535211267605,0.2450944487229627,0.24515534727394375,1
33,631,21.157064632237873,0.25742821531268223,0.24919631689013905,1
33,632,21.190594053208137,0.2518160497317068,0.25380213413856606,1
33,633,21.224123474178402,0.26371621896816705,0.2561060019494065,1
33,634,21.25765289514867,0.25095573795731163,0.258125361264774,1
33,635,21.291182316118935,0.2566137877771649,0.25524700015844354,1
33,636,21.324711737089203,0.26752501188951966,0.23679007441647815,1
33,637,21.358241158059467,0.2374242442000543,0.2332486585312698,1
33,638,21.391770579029732,0.1714315902583403,0.22546028211597138,1
