video_id,feature,n_frames,open_mean,closed_mean,gap_open_minus_closed,separation_rough,acc_if_open_high,best_acc_allow_flip,direction
11,active_row_frac_fixed,1110,0.44824474751232557,0.4238135265171783,0.024431220995147274,0.27222842793560487,0.6837837837837838,0.6837837837837838,open_high
22,active_row_frac_fixed,924,0.42461200740839916,0.22128737340867186,0.2033246339997273,2.5092063674856218,0.9296536796536796,0.9296536796536796,open_high
33,active_row_frac_fixed,639,0.380669968717414,0.2474545739348371,0.13321539478257688,1.790469421050924,0.8247261345852895,0.8247261345852895,open_high
WIN_20260414_20_31_10_Pro,active_row_frac_fixed,729,0.399151559606588,0.33073772969052223,0.06841382991606576,0.48430900191021375,0.6570644718792867,0.6570644718792867,open_high
WIN_20260414_20_41_42_Pro,active_row_frac_fixed,669,0.3862090721082926,0.1547077922077922,0.23150127990050037,3.3909081533968086,0.929745889387145,0.929745889387145,open_high
WIN_20260414_20_42_23_Pro,active_row_frac_fixed,642,0.3617693013388377,0.1563681027966742,0.20540119854216352,3.463238440293693,0.9517133956386293,0.9517133956386293,open_high
WIN_20260414_21_29_13_Pro,active_row_frac_fixed,642,0.6706111870585555,0.701171875,-0.03056068794144451,-0.31773050740873293,0.4781931464174455,0.5218068535825545,closed_high
test1,active_row_frac_fixed,385,0.6049765952204976,0.37512846865364846,0.22984812656684916,2.3892546182705487,0.8883116883116883,0.8883116883116883,open_high
test2,active_row_frac_fixed,623,0.5504591747366314,0.46081709956709954,0.08964207516953188,0.5423525604533037,0.6837881219903692,0.6837881219903692,open_high
test3,active_row_frac_fixed,635,0.31085438534068677,0.28927211747643217,0.0215822678642546,0.29265175265530263,0.5779527559055118,0.5779527559055118,open_high
test4,active_row_frac_fixed,613,0.3086236433392832,0.40020625099159124,-0.09158260765230802,-0.7987765959133869,0.3066884176182708,0.6933115823817292,closed_high
11,center_dark_ratio_adapt,1110,0.23602116704653486,0.21607774469290553,0.019943422353629336,0.47418757688162894,0.7585585585585586,0.7585585585585586,open_high
22,center_dark_ratio_adapt,924,0.006143743836981148,0.0017968235063961543,0.004346920330584993,0.5527000262046812,0.577922077922078,0.577922077922078,open_high
33,center_dark_ratio_adapt,639,0.2685692972167854,0.27532623584610166,-0.006756938629316256,-0.1800748302136212,0.6165884194053208,0.6165884194053208,closed_high
WIN_20260414_20_31_10_Pro,center_dark_ratio_adapt,729,0.21866095289376916,0.18589943886674884,0.03276151402702032,0.5812091795565923,0.6378600823045267,0.6378600823045267,open_high
WIN_20260414_20_41_42_Pro,center_dark_ratio_adapt,669,0.2458896631024235,0.15052311696028273,0.09536654614214077,4.228884208368591,0.9312406576980568,0.9312406576980568,open_high
WIN_20260414_20_42_23_Pro,center_dark_ratio_adapt,642,0.2977079230916395,0.2548367113399793,0.0428712117516602,2.0535082747900204,0.8722741433021807,0.8722741433021807,open_high
WIN_20260414_21_29_13_Pro,center_dark_ratio_adapt,642,0.15328732725510097,0.10323781553867338,0.05004951171642759,1.132079628983691,0.705607476635514,0.705607476635514,open_high
test1,center_dark_ratio_adapt,385,0.25674373859751665,0.18546307964104997,0.07128065895646668,1.98352849652124,0.8467532467532467,0.8467532467532467,open_high
test2,center_dark_ratio_adapt,623,0.21526376574113648,0.20704542310751461,0.008218342633621867,0.20149046437690268,0.5120385232744783,0.5120385232744783,open_high
test3,center_dark_ratio_adapt,635,0.28319221628045155,0.22857021493928034,0.054622001341171206,1.7070682421867274,0.8645669291338582,0.8645669291338582,open_high
test4,center_dark_ratio_adapt,613,0.18587378049152894,0.1796542840521898,0.006219496439339139,0.29818907908430603,0.6296900489396411,0.6296900489396411,open_high
11,center_dark_ratio_fixed,1110,0.2230825955948205,0.16972525100779706,0.05335734458702343,0.9825394738724786,0.8558558558558559,0.8558558558558559,open_high
22,center_dark_ratio_fixed,924,0.1962304711443961,0.07813928252779055,0.11809118861660554,2.8718613301945384,0.9264069264069265,0.9264069264069265,open_high
33,center_dark_ratio_fixed,639,0.1671318830070798,0.1357379156695462,0.03139396733753358,0.6926984024013072,0.7276995305164319,0.7276995305164319,open_high
WIN_20260414_20_31_10_Pro,center_dark_ratio_fixed,729,0.18372043441382035,0.14197299235971791,0.04174744205410244,0.47736297255414367,0.6186556927297668,0.6186556927297668,open_high
WIN_20260414_20_41_42_Pro,center_dark_ratio_fixed,669,0.18129114726586235,0.0682487859239196,0.11304236134194275,3.3877234686802398,0.9207772795216741,0.9207772795216741,open_high
WIN_20260414_20_42_23_Pro,center_dark_ratio_fixed,642,0.19305762374519678,0.06173359280113093,0.13132403094406586,4.315548095187137,0.9439252336448598,0.9439252336448598,open_high
WIN_20260414_21_29_13_Pro,center_dark_ratio_fixed,642,0.4876024892259999,0.5046931440926539,-0.017090654866653954,-0.1912038117643432,0.6074766355140186,0.6074766355140186,closed_high
test1,center_dark_ratio_fixed,385,0.24198370076092687,0.20885966899620376,0.033124031764723116,0.5827753404350882,0.7116883116883117,0.7116883116883117,open_high
test2,center_dark_ratio_fixed,623,0.19979432277746495,0.19324109871959885,0.006553224057866097,0.09756652126418147,0.4767255216693419,0.5232744783306581,open_high
test3,center_dark_ratio_fixed,635,0.1039190983805542,0.11755162855789907,-0.013632530177344865,-0.40647714923665074,0.4377952755905512,0.5622047244094488,closed_high
test4,center_dark_ratio_fixed,613,0.030889987240571418,0.04596235352779856,-0.015072366287227142,-0.7225319293777797,0.36541598694942906,0.634584013050571,closed_high
11,col_run_max_fixed,1110,0.6643642526455026,0.36160643351654587,0.3027578191289567,2.2146911292020555,0.9333333333333333,0.9333333333333333,open_high
22,col_run_max_fixed,924,0.5939248151619286,0.2516877200248498,0.34223709513707884,3.2745513003952156,0.9188311688311688,0.9188311688311688,open_high
33,col_run_max_fixed,639,0.44452554744525546,0.276337940811625,0.16818760663363047,1.7445579620384641,0.7871674491392802,0.7871674491392802,open_high
WIN_20260414_20_31_10_Pro,col_run_max_fixed,729,0.5260482199575682,0.3533338706211046,0.17271434933646362,0.9591428670402895,0.6858710562414266,0.6858710562414266,open_high
WIN_20260414_20_41_42_Pro,col_run_max_fixed,669,0.48882364851184457,0.23062442607897157,0.25819922243287297,3.3856256937869658,0.9192825112107623,0.9192825112107623,open_high
WIN_20260414_20_42_23_Pro,col_run_max_fixed,642,0.5152652351327848,0.19071669071669073,0.32454854441609404,4.378056980559623,0.9376947040498442,0.9376947040498442,open_high
WIN_20260414_21_29_13_Pro,col_run_max_fixed,642,0.7320839978734716,0.7693452380952381,-0.03726124022176658,-0.2946244507743889,0.48598130841121495,0.514018691588785,closed_high
test1,col_run_max_fixed,385,0.6000112917795843,0.40441101664123247,0.19560027513835188,1.8179419609082614,0.8285714285714286,0.8285714285714286,open_high
test2,col_run_max_fixed,623,0.5563262684649969,0.4874523007856341,0.06887396767936277,0.37878721838971785,0.7319422150882825,0.7319422150882825,open_high
test3,col_run_max_fixed,635,0.40907245975739126,0.27018920166128285,0.1388832580961084,1.4470357863859706,0.7732283464566929,0.7732283464566929,open_high
test4,col_run_max_fixed,613,0.12019244578486284,0.18272251308900528,-0.06253006730414244,-0.9222617095381915,0.2724306688417618,0.7275693311582382,closed_high
11,col_run_mean_fixed,1110,0.2072860389691864,0.1693054589111462,0.0379805800580402,0.7327352955502755,0.8198198198198198,0.8198198198198198,open_high
22,col_run_mean_fixed,924,0.19158086396778254,0.07743746368584245,0.11414340028194009,2.82620628399134,0.9264069264069265,0.9264069264069265,open_high
33,col_run_mean_fixed,639,0.16639537296400042,0.1357379156695462,0.03065745729445421,0.6788323795679649,0.7198748043818466,0.7198748043818466,open_high
WIN_20260414_20_31_10_Pro,col_run_mean_fixed,729,0.1804703459249458,0.14151736086384697,0.038952985061098816,0.4477331640385805,0.6104252400548696,0.6104252400548696,open_high
WIN_20260414_20_41_42_Pro,col_run_mean_fixed,669,0.1756371951943811,0.0682487859239196,0.10738840927046149,3.2756675801350874,0.9162929745889388,0.9162929745889388,open_high
WIN_20260414_20_42_23_Pro,col_run_mean_fixed,642,0.1887914089978757,0.06173359280113093,0.12705781619674478,4.20258488242529,0.9470404984423676,0.9470404984423676,open_high
WIN_20260414_21_29_13_Pro,col_run_mean_fixed,642,0.46939089664509503,0.5034198264743608,-0.03402892982926575,-0.3989589645671207,0.5171339563862928,0.5171339563862928,closed_high
test1,col_run_mean_fixed,385,0.2278551324886601,0.2088505853540266,0.01900454713463351,0.37413063880499015,0.6623376623376623,0.6623376623376623,open_high
test2,col_run_mean_fixed,623,0.19402990378759455,0.192754144527049,0.0012757592605455448,0.019551451767349317,0.4510433386837881,0.5489566613162119,open_high
test3,col_run_mean_fixed,635,0.09367929192801608,0.11755162855789907,-0.023872336629882987,-0.7675551448050886,0.33700787401574805,0.662992125984252,closed_high
test4,col_run_mean_fixed,613,0.027670026270401358,0.038409789744868285,-0.010739763474466927,-0.6455546169405285,0.4192495921696574,0.5807504078303426,closed_high
11,col_run_topk_adapt,1110,0.5658336598647915,0.36196431519337546,0.20386934467141604,2.045713194306363,0.9297297297297298,0.9297297297297298,open_high
22,col_run_topk_adapt,924,0.020695294084235042,0.006852538639658127,0.013842755444576915,0.540631604784707,0.591991341991342,0.591991341991342,open_high
33,col_run_topk_adapt,639,0.4763940431620886,0.3884768124716956,0.08791723069039303,1.1446751765761358,0.758998435054773,0.758998435054773,open_high
WIN_20260414_20_31_10_Pro,col_run_topk_adapt,729,0.5163619210264845,0.40124911808825414,0.11511280293823034,0.7840028038859936,0.7311385459533608,0.7311385459533608,open_high
WIN_20260414_20_41_42_Pro,col_run_topk_adapt,669,0.4792301126655247,0.2820081952278922,0.19722191743763245,4.094455823209943,0.9252615844544095,0.9252615844544095,open_high
WIN_20260414_20_42_23_Pro,col_run_topk_adapt,642,0.530762077837133,0.3550436760313304,0.17571840180580262,3.2233114450451237,0.8878504672897196,0.8878504672897196,open_high
WIN_20260414_21_29_13_Pro,col_run_topk_adapt,642,0.4161308056642985,0.21194616051386886,0.20418464515042964,2.395822539775393,0.8566978193146417,0.8566978193146417,open_high
test1,col_run_topk_adapt,385,0.5178735069758106,0.32181850479212587,0.1960550021836847,2.8193730394144154,0.8545454545454545,0.8545454545454545,open_high
test2,col_run_topk_adapt,623,0.4896025325951758,0.4097568955548753,0.07984563704030045,0.7461843370751762,0.7881219903691814,0.7881219903691814,open_high
test3,col_run_topk_adapt,635,0.5064230768949186,0.3421125382419798,0.16431053865293882,3.128808046574857,0.9118110236220472,0.9118110236220472,open_high
test4,col_run_topk_adapt,613,0.3105289523535969,0.23767763649962603,0.07285131585397087,1.1635558197099203,0.632952691680261,0.632952691680261,open_high
11,col_run_topk_fixed,1110,0.5440514451878088,0.30513687387027527,0.23891457131753352,2.0544596627742053,0.9333333333333333,0.9333333333333333,open_high
22,col_run_topk_fixed,924,0.5393086630125056,0.17660765869504738,0.3627010043174582,3.7024313172222185,0.9155844155844156,0.9155844155844156,open_high
33,col_run_topk_fixed,639,0.39376168123126754,0.23643401960287924,0.1573276616283883,1.6190585282690049,0.8012519561815337,0.8012519561815337,open_high
WIN_20260414_20_31_10_Pro,col_run_topk_fixed,729,0.4446791693965271,0.2768852077892616,0.16779396160726545,1.0228580763609443,0.6419753086419753,0.6419753086419753,open_high
WIN_20260414_20_41_42_Pro,col_run_topk_fixed,669,0.39540852099315354,0.1782101862783681,0.21719833471478545,3.161615820144533,0.9073243647234679,0.9073243647234679,open_high
WIN_20260414_20_42_23_Pro,col_run_topk_fixed,642,0.4406049173893177,0.14230392867959007,0.2983009887097276,4.426920563167424,0.9470404984423676,0.9470404984423676,open_high
WIN_20260414_21_29_13_Pro,col_run_topk_fixed,642,0.6827857254093299,0.7138350894861311,-0.031049364076801145,-0.26678895114062995,0.5031152647975078,0.5031152647975078,closed_high
test1,col_run_topk_fixed,385,0.5129763876342468,0.34796122697801357,0.16501516065623323,1.6360281200008904,0.8025974025974026,0.8025974025974026,open_high
test2,col_run_topk_fixed,623,0.4423917784725282,0.36933932365178157,0.07305245482074663,0.5813862055085258,0.7367576243980738,0.7367576243980738,open_high
test3,col_run_topk_fixed,635,0.2609587851406725,0.22531946652082013,0.03563931861985237,0.5189695038846115,0.5889763779527559,0.5889763779527559,open_high
test4,col_run_topk_fixed,613,0.07003669053432086,0.10136811269010221,-0.031331422155781344,-0.8158853320106976,0.36541598694942906,0.634584013050571,closed_high
11,dark_ratio_fixed,1110,0.11763185809527228,0.0970388189308173,0.020593039164454985,0.7182743588006514,0.8648648648648649,0.8648648648648649,open_high
22,dark_ratio_fixed,924,0.10877381509555313,0.04133170055561231,0.06744211453994081,3.26990741934328,0.9545454545454546,0.9545454545454546,open_high
33,dark_ratio_fixed,639,0.09683619379494435,0.06771033447911112,0.029125859315833225,1.3686236586874565,0.7934272300469484,0.7934272300469484,open_high
WIN_20260414_20_31_10_Pro,dark_ratio_fixed,729,0.11096033445004364,0.09740468615667526,0.013555648293368375,0.31348840452656074,0.5596707818930041,0.5596707818930041,open_high
WIN_20260414_20_41_42_Pro,dark_ratio_fixed,669,0.10150680450172224,0.033291703737481054,0.06821510076424118,4.017730330703797,0.9372197309417041,0.9372197309417041,open_high
WIN_20260414_20_42_23_Pro,dark_ratio_fixed,642,0.10430476133154785,0.030365562748745575,0.07393919858280228,4.357920593582068,0.9532710280373832,0.9532710280373832,open_high
WIN_20260414_21_29_13_Pro,dark_ratio_fixed,642,0.31930005412662543,0.3070944622753992,0.012205591851226216,0.27160733178664137,0.5981308411214953,0.5981308411214953,open_high
test1,dark_ratio_fixed,385,0.17981121040353543,0.1332742714989499,0.04653693890458552,1.6198233714759533,0.8389610389610389,0.8389610389610389,open_high
test2,dark_ratio_fixed,623,0.15901963032403704,0.1404082251082251,0.01861140521581195,0.4927831359440841,0.6436597110754414,0.6436597110754414,open_high
test3,dark_ratio_fixed,635,0.06238611986186023,0.05850460715073935,0.003881512711120881,0.25766175134267494,0.5543307086614173,0.5543307086614173,open_high
test4,dark_ratio_fixed,613,0.08267030851932385,0.11468901174183274,-0.032018703222508896,-0.7386576509002202,0.30505709624796085,0.6949429037520392,closed_high
11,h_edge_density,1110,0.042148752601155776,0.003515554663113408,0.03863319793804237,4.119767667882815,0.9369369369369369,0.9369369369369369,open_high
22,h_edge_density,924,0.0001613783761131008,0.0,0.0001613783761131008,0.768274528816549,0.5551948051948052,0.5551948051948052,open_high
33,h_edge_density,639,0.02298358014136489,0.01513544609018403,0.007848134051180858,1.0383435840146886,0.6541471048513302,0.6541471048513302,open_high
WIN_20260414_20_31_10_Pro,h_edge_density,729,0.023023698085152464,0.0056675935411198575,0.017356104544032608,1.1940634896318687,0.757201646090535,0.757201646090535,open_high
WIN_20260414_20_41_42_Pro,h_edge_density,669,0.0130604252069267,0.005456579665756068,0.007603845541170632,2.012163599739868,0.8026905829596412,0.8026905829596412,open_high
WIN_20260414_20_42_23_Pro,h_edge_density,642,0.06459507819834079,0.00969028544270104,0.054904792755639746,5.231193275724251,0.9532710280373832,0.9532710280373832,open_high
WIN_20260414_21_29_13_Pro,h_edge_density,642,0.0034959385648590854,8.503401360544218e-05,0.003410904551253643,0.886252251833292,0.6308411214953271,0.6308411214953271,open_high
test1,h_edge_density,385,0.023448071395225867,0.0018279888783485907,0.021620082516877276,1.7601125293342255,0.7948051948051948,0.7948051948051948,open_high
test2,h_edge_density,623,0.02700975152001308,0.018984185767629964,0.008025565752383116,0.27537539688148877,0.7223113964686998,0.7223113964686998,open_high
test3,h_edge_density,635,0.0889973791311209,0.029978101056821044,0.05901927807429985,3.030438962143459,0.8708661417322835,0.8708661417322835,open_high
test4,h_edge_density,613,0.005104865764741198,0.006109762648247333,-0.0010048968835061345,-0.14544801776513452,0.4192495921696574,0.5807504078303426,closed_high
11,largest_blob_area_fixed,1110,0.20742826267419082,0.16654788512184124,0.04088037755234958,0.7668784644324349,0.8036036036036036,0.8036036036036036,open_high
22,largest_blob_area_fixed,924,0.18498805340294022,0.06614517896847244,0.11884287443446778,2.8692050366062154,0.935064935064935,0.935064935064935,open_high
33,largest_blob_area_fixed,639,0.1379246760268658,0.1253200043086524,0.012604671718213417,0.3000925413303905,0.6338028169014085,0.6338028169014085,open_high
WIN_20260414_20_31_10_Pro,largest_blob_area_fixed,729,0.17618256256136,0.1378532920886532,0.03832927047270679,0.43651492926510166,0.607681755829904,0.607681755829904,open_high
WIN_20260414_20_41_42_Pro,largest_blob_area_fixed,669,0.16550768394014823,0.05907525021027695,0.10643243372987127,3.17725204112966,0.8938714499252616,0.8938714499252616,open_high
WIN_20260414_20_42_23_Pro,largest_blob_area_fixed,642,0.17642143387111572,0.04483095146026985,0.13159048241084587,4.184345944619488,0.9190031152647975,0.9190031152647975,open_high
WIN_20260414_21_29_13_Pro,largest_blob_area_fixed,642,0.4764842952147108,0.5036596340977468,-0.027175338883036027,-0.28454666854198546,0.5981308411214953,0.5981308411214953,closed_high
test1,largest_blob_area_fixed,385,0.17964843955141765,0.20663346422027404,-0.026985024668856383,-0.5466731424850335,0.35844155844155845,0.6415584415584416,closed_high
test2,largest_blob_area_fixed,623,0.1613046141898663,0.1773251743054518,-0.016020560115585503,-0.24825612640567182,0.35313001605136435,0.6468699839486356,closed_high
test3,largest_blob_area_fixed,635,0.06940831482263123,0.10087047442675987,-0.03146215960412864,-1.110441460820626,0.31338582677165355,0.6866141732283465,closed_high
test4,largest_blob_area_fixed,613,0.021207436312297302,0.03545624532535527,-0.014248809013057966,-0.8247091333307742,0.30179445350734097,0.6982055464926591,closed_high
11,largest_blob_h_fixed,1110,0.674463258577842,0.6327898433235511,0.0416734152542908,0.247131030758058,0.6684684684684684,0.6684684684684684,open_high
22,largest_blob_h_fixed,924,0.6051109028428616,0.4181173926048642,0.18699351023799743,1.3437245925496846,0.7803030303030303,0.7803030303030303,open_high
33,largest_blob_h_fixed,639,0.47595173142618397,0.3910065567960305,0.08494517463015344,0.823536114972709,0.6494522691705791,0.6494522691705791,open_high
WIN_20260414_20_31_10_Pro,largest_blob_h_fixed,729,0.5361259294687056,0.4195948850204169,0.11653104444828871,0.6122785675691617,0.6131687242798354,0.6131687242798354,open_high
WIN_20260414_20_41_42_Pro,largest_blob_h_fixed,669,0.5231490855098873,0.23845730027548212,0.28469178523440514,3.1126976741889285,0.9043348281016442,0.9043348281016442,open_high
WIN_20260414_20_42_23_Pro,largest_blob_h_fixed,642,0.5186545365353311,0.20282186948853617,0.3158326670467949,4.131555709965599,0.9361370716510904,0.9361370716510904,open_high
WIN_20260414_21_29_13_Pro,largest_blob_h_fixed,642,0.7565463244889082,0.7802804834054834,-0.023734158916575154,-0.1785385742327676,0.5093457943925234,0.5093457943925234,closed_high
test1,largest_blob_h_fixed,385,0.6115514905149051,0.46530775379696243,0.14624373671794266,1.2917364534092926,0.8051948051948052,0.8051948051948052,open_high
test2,largest_blob_h_fixed,623,0.5581654697261633,0.5460628507295173,0.012102618996645997,0.0717852627572023,0.6581059390048154,0.6581059390048154,open_high
test3,largest_blob_h_fixed,635,0.451409067847424,0.4335691944829001,0.017839873364523917,0.15034233010184989,0.5086614173228347,0.5086614173228347,open_high
test4,largest_blob_h_fixed,613,0.12266743262003926,0.17835951134380457,-0.055692078723765304,-0.7964248934185473,0.28711256117455136,0.7128874388254486,closed_high
11,max_active_row_run_fixed,1110,0.4478313877239659,0.4020758345898795,0.04575555313408641,0.4954019425500206,0.7207207207207207,0.7207207207207207,open_high
22,max_active_row_run_fixed,924,0.42426641228187617,0.21034529726158427,0.2139211150202919,2.60071080650229,0.9318181818181818,0.9318181818181818,open_high
33,max_active_row_run_fixed,639,0.35774125509526966,0.24128681077694236,0.1164544443183273,1.6142049387606774,0.7887323943661971,0.7887323943661971,open_high
WIN_20260414_20_31_10_Pro,max_active_row_run_fixed,729,0.38999492598996843,0.3270128143133462,0.06298211167662221,0.4468597062531183,0.6474622770919067,0.6474622770919067,open_high
WIN_20260414_20_41_42_Pro,max_active_row_run_fixed,669,0.38136334712058545,0.15056818181818182,0.23079516530240363,3.387001199755022,0.9357249626307922,0.9357249626307922,open_high
WIN_20260414_20_42_23_Pro,max_active_row_run_fixed,642,0.36113858547633376,0.129724111866969,0.23141447360936476,3.740373848498329,0.956386292834891,0.956386292834891,open_high
WIN_20260414_21_29_13_Pro,max_active_row_run_fixed,642,0.6480153120404316,0.701171875,-0.05315656295956839,-0.5519701172924945,0.45794392523364486,0.5420560747663551,closed_high
test1,max_active_row_run_fixed,385,0.5374513866891915,0.34603031860226097,0.1914210680869305,2.090997631264665,0.8389610389610389,0.8389610389610389,open_high
test2,max_active_row_run_fixed,623,0.5001712521582464,0.43526966089466085,0.06490159126358558,0.3818385328713843,0.6725521669341894,0.6725521669341894,open_high
test3,max_active_row_run_fixed,635,0.2580631411967028,0.2763551486584481,-0.018292007461745308,-0.280650541642717,0.3937007874015748,0.6062992125984252,closed_high
test4,max_active_row_run_fixed,613,0.24754409788473772,0.30209820720291924,-0.054554109318181526,-0.5832882078978562,0.3132137030995106,0.6867862969004894,closed_high
11,row_sigma_adapt,1110,0.17047894995130003,0.17069493682234047,-0.00021598687104043557,-0.005566035610824632,0.6837837837837838,0.6837837837837838,closed_high
22,row_sigma_adapt,924,0.04319040529537466,0.008100373528171499,0.03509003176720316,0.9733325416425744,0.6590909090909091,0.6590909090909091,open_high
33,row_sigma_adapt,639,0.1418532004253322,0.1156219811117187,0.026231219313613496,1.4058307164061496,0.755868544600939,0.755868544600939,open_high
WIN_20260414_20_31_10_Pro,row_sigma_adapt,729,0.1614251026133409,0.13844810917958617,0.022976993433754728,0.4449387317801811,0.6954732510288066,0.6954732510288066,open_high
WIN_20260414_20_41_42_Pro,row_sigma_adapt,669,0.14732603532008468,0.10586837389310576,0.04145766142697892,2.12846379772533,0.820627802690583,0.820627802690583,open_high
WIN_20260414_20_42_23_Pro,row_sigma_adapt,642,0.1430072766178875,0.13331944165115087,0.009687834966736641,0.8479722280054464,0.822429906542056,0.822429906542056,open_high
WIN_20260414_21_29_13_Pro,row_sigma_adapt,642,0.12889531177202548,0.10211843774612842,0.02677687402589707,1.0223251763105612,0.7227414330218068,0.7227414330218068,open_high
test1,row_sigma_adapt,385,0.17896049016173615,0.09442022764386161,0.08454026251787454,3.2473550096484787,0.9558441558441558,0.9558441558441558,open_high
test2,row_sigma_adapt,623,0.17866542468813174,0.1447767561208307,0.03388866856730102,0.6215196668357819,0.6998394863563403,0.6998394863563403,open_high
test3,row_sigma_adapt,635,0.1985913331974416,0.16871852715026162,0.029872806047179984,1.3560485690737278,0.7338582677165354,0.7338582677165354,open_high
test4,row_sigma_adapt,613,0.22205795883107762,0.2354635769967945,-0.013405618165716865,-0.2309277776820796,0.5285481239804242,0.5285481239804242,closed_high
11,row_sigma_fixed,1110,0.1673971042695809,0.15441771265467288,0.01297939161490802,0.31590113606132014,0.7387387387387387,0.7387387387387387,open_high
22,row_sigma_fixed,924,0.1525109184046215,0.12129618488140453,0.031214733523216964,0.9174718026670219,0.7521645021645021,0.7521645021645021,open_high
33,row_sigma_fixed,639,0.12355818879008254,0.08813684232387899,0.035421346466203554,1.477826472975742,0.8012519561815337,0.8012519561815337,open_high
WIN_20260414_20_31_10_Pro,row_sigma_fixed,729,0.13902008600538776,0.09973404188133735,0.039286044124050415,0.786350193011739,0.6460905349794238,0.6460905349794238,open_high
WIN_20260414_20_41_42_Pro,row_sigma_fixed,669,0.1383418889735255,0.07424033433032004,0.06410155464320547,2.6954673423364524,0.8863976083707026,0.8863976083707026,open_high
WIN_20260414_20_42_23_Pro,row_sigma_fixed,642,0.13178249758806665,0.09564383455118114,0.03613866303688551,1.6041640828965915,0.8769470404984424,0.8769470404984424,open_high
WIN_20260414_21_29_13_Pro,row_sigma_fixed,642,0.18763462315574425,0.1897314427551883,-0.0020968195994440497,-0.06388282417543045,0.5934579439252337,0.5934579439252337,closed_high
test1,row_sigma_fixed,385,0.1767281242673879,0.09852029135185103,0.07820783291553687,2.6633500129695604,0.9376623376623376,0.9376623376623376,open_high
test2,row_sigma_fixed,623,0.16035743283594162,0.13720954148533795,0.02314789135060366,0.3923182651495994,0.7447833065810594,0.7447833065810594,open_high
test3,row_sigma_fixed,635,0.1668113890237614,0.14286234071958415,0.023949048304177267,0.6432895559231591,0.6913385826771653,0.6913385826771653,open_high
test4,row_sigma_fixed,613,0.08473378682157526,0.09120959141894078,-0.00647580459736552,-0.12608885272348277,0.49429037520391517,0.5057096247960848,closed_high
11,t_adapt,1110,75.14756944444444,76.12734082397004,-0.9797713795256016,-0.1371686836103732,0.3981981981981982,0.6018018018018018,closed_high
22,t_adapt,924,57.46701030927835,60.764236902050115,-3.2972265927717643,-1.1574593566522373,0.18398268398268397,0.816017316017316,closed_high
33,t_adapt,639,83.43917274939173,89.25657894736842,-5.817406197976695,-1.061069601585919,0.162754303599374,0.837245696400626,closed_high
WIN_20260414_20_31_10_Pro,t_adapt,729,81.18555240793201,87.3125,-6.126947592067992,-0.29535453996653843,0.4499314128943759,0.5500685871056241,closed_high
WIN_20260414_20_41_42_Pro,t_adapt,669,75.69376391982182,77.98863636363636,-2.2948724438145405,-1.0852993545026106,0.18684603886397608,0.8131539611360239,closed_high
WIN_20260414_20_42_23_Pro,t_adapt,642,90.34326710816777,91.63492063492063,-1.2916535267528673,-0.38960480998344343,0.45638629283489096,0.543613707165109,closed_high
WIN_20260414_21_29_13_Pro,t_adapt,642,45.915071770334926,45.417410714285715,0.4976610560492105,0.07362765028464362,0.3426791277258567,0.6573208722741433,open_high
test1,t_adapt,385,73.65040650406505,69.65467625899281,3.995730245072238,0.5379166000062342,0.6311688311688312,0.6311688311688312,open_high
test2,t_adapt,623,74.50867052023122,74.94666666666667,-0.43799614643545226,-0.03665696713968392,0.6195826645264848,0.6195826645264848,closed_high
test3,t_adapt,635,91.46232876712328,93.07106598984771,-1.6087372227244288,-0.2519956418259791,0.5385826771653544,0.5385826771653544,closed_high
test4,t_adapt,613,87.82227488151659,87.71204188481676,0.11023299669983544,0.02066052513467976,0.5530179445350734,0.5530179445350734,open_high
11,v_edge_density,1110,0.07144870820723581,0.08309242634378645,-0.011643718136550643,-0.512167718016211,0.3891891891891892,0.6108108108108108,closed_high
22,v_edge_density,924,0.000697339731038669,0.001198589088391185,-0.0005012493573525159,-0.3148828198251119,0.4145021645021645,0.5854978354978355,closed_high
33,v_edge_density,639,0.1265968930151136,0.18939386865857455,-0.06279697564346096,-1.632698732365446,0.15023474178403756,0.8497652582159625,closed_high
WIN_20260414_20_31_10_Pro,v_edge_density,729,0.0302744417650664,0.012875712209066666,0.017398729555999734,0.8296793859737245,0.7091906721536351,0.7091906721536351,open_high
WIN_20260414_20_41_42_Pro,v_edge_density,669,0.06348410930816276,0.07009455373058314,-0.0066104444224203834,-0.36466240105910297,0.4110612855007474,0.5889387144992526,closed_high
WIN_20260414_20_42_23_Pro,v_edge_density,642,0.16647925174484804,0.18230760822847658,-0.015828356483628542,-0.5236051763146203,0.4252336448598131,0.5747663551401869,closed_high
WIN_20260414_21_29_13_Pro,v_edge_density,642,0.02787671886936593,0.02694345967553688,0.0009332591938290523,0.06310499165918548,0.4937694704049844,0.5062305295950156,open_high
test1,v_edge_density,385,0.08554569129542079,0.053960740076669324,0.03158495121875147,1.0556483278173776,0.7610389610389611,0.7610389610389611,open_high
test2,v_edge_density,623,0.05885529731616813,0.03465988807803823,0.0241954092381299,0.9615234667112609,0.723916532905297,0.723916532905297,open_high
test3,v_edge_density,635,0.20408747345970354,0.3923378869314223,-0.18825041347171875,-4.533656384842787,0.011023622047244094,0.988976377952756,closed_high
test4,v_edge_density,613,0.12395243777174807,0.10276293763578731,0.021189500135960757,0.9350373150058215,0.6998368678629691,0.6998368678629691,open_high
11,vertical_contrast,1110,0.06360873320959184,0.04298663465131493,0.020622098558276916,0.6308268409110664,0.7234234234234235,0.7234234234234235,open_high
22,vertical_contrast,924,0.027291239910389238,0.018370997670012382,0.008920242240376856,0.8521103663512812,0.8311688311688312,0.8311688311688312,open_high
33,vertical_contrast,639,0.06461957855519528,0.06793825771283797,-0.0033186791576426955,-0.12497483581484614,0.514866979655712,0.514866979655712,closed_high
WIN_20260414_20_31_10_Pro,vertical_contrast,729,0.04344963347765948,0.024645994868514574,0.01880363860914491,0.5033146755487198,0.5775034293552812,0.5775034293552812,open_high
WIN_20260414_20_41_42_Pro,vertical_contrast,669,0.06432133814281796,0.055560537626347106,0.008760800516470851,0.6067563103658005,0.7294469357249627,0.7294469357249627,open_high
WIN_20260414_20_42_23_Pro,vertical_contrast,642,0.08366354673939091,0.08162928026965133,0.0020342664697395874,0.09869035752796194,0.6510903426791277,0.6510903426791277,open_high
WIN_20260414_21_29_13_Pro,vertical_contrast,642,0.03928957491191066,0.05100332376773743,-0.011713748855826774,-0.7004841147850621,0.4190031152647975,0.5809968847352025,closed_high
test1,vertical_contrast,385,0.04090806829143307,0.05670305390138211,-0.01579498560994904,-0.6281723481233449,0.4155844155844156,0.5844155844155844,closed_high
test2,vertical_contrast,623,0.03201828514622567,0.04609145864075868,-0.014073173494533006,-0.3794662912177797,0.33226324237560195,0.6677367576243981,closed_high
test3,vertical_contrast,635,0.06757878237857788,0.06993888122592624,-0.002360098847348363,-0.09207729093442564,0.5401574803149606,0.5401574803149606,closed_high
test4,vertical_contrast,613,-0.003446620667856039,-0.02835096709898725,0.02490434643113121,1.8964180135407886,0.8694942903752039,0.8694942903752039,open_high
